Region Code,Region,Group,Country,ISO3,Hazard,Hazard Label,Source,Peak Score,Peak Month,Risk Category,Months in Risk Category,High or Very High Months,October,November,December,UN Subregion,UN Intermediate Region,UN Regional Group
0,Africa,Drought/Wildfire,Somalia,SOM,DR,Drought,INFORM risk-score API,10.0,November,Very High,3,3,9.7,10.0,9.7,Sub-Saharan Africa,Eastern Africa,Eastern Africa
0,Africa,Drought/Wildfire,Zimbabwe,ZWE,DR,Drought,INFORM risk-score API,9.0,December,Very High,2,2,4.0,7.0,9.0,Sub-Saharan Africa,Eastern Africa,Eastern Africa
0,Africa,Drought/Wildfire,South Africa,ZAF,DR,Drought,INFORM risk-score API,8.8,November,Very High,3,3,7.1,8.8,8.7,Sub-Saharan Africa,Southern Africa,Southern Africa
0,Africa,Drought/Wildfire,Namibia,NAM,DR,Drought,INFORM risk-score API,8.4,December,Very High,2,2,4.1,7.3,8.4,Sub-Saharan Africa,Southern Africa,Southern Africa
0,Africa,Drought/Wildfire,Eritrea,ERI,DR,Drought,INFORM risk-score API,8.0,October,Very High,1,2,8.0,5.7,4.6,Sub-Saharan Africa,Eastern Africa,Eastern Africa
0,Africa,Drought/Wildfire,Mauritania,MRT,DR,Drought,INFORM risk-score API,7.6,October,Very High,1,2,7.6,5.4,4.2,Sub-Saharan Africa,Western Africa,Western Africa
0,Africa,Drought/Wildfire,Mozambique,MOZ,DR,Drought,INFORM risk-score API,7.6,December,Very High,1,2,4.7,6.5,7.6,Sub-Saharan Africa,Eastern Africa,Eastern Africa
0,Africa,Drought/Wildfire,Sudan,SDN,DR,Drought,INFORM risk-score API,6.7,October,Very High,1,2,6.7,6.2,5.0,Northern Africa,,Northern Africa
0,Africa,Drought/Wildfire,Botswana,BWA,DR,Drought,INFORM risk-score API,6.5,December,High,2,2,1.5,5.1,6.5,Sub-Saharan Africa,Southern Africa,Southern Africa
0,Africa,Drought/Wildfire,Kenya,KEN,DR,Drought,INFORM risk-score API,6.1,November,High,3,3,5.8,6.1,6.1,Sub-Saharan Africa,Eastern Africa,Eastern Africa
0,Africa,Drought/Wildfire,Niger,NER,DR,Drought,INFORM risk-score API,5.9,October,High,3,3,5.9,5.6,5.1,Sub-Saharan Africa,Western Africa,Western Africa
0,Africa,Drought/Wildfire,Malawi,MWI,DR,Drought,INFORM risk-score API,5.9,December,High,1,1,4.4,4.5,5.9,Sub-Saharan Africa,Eastern Africa,Eastern Africa
0,Africa,Drought/Wildfire,Senegal,SEN,DR,Drought,INFORM risk-score API,5.7,October,High,1,1,5.7,5.0,3.4,Sub-Saharan Africa,Western Africa,Western Africa
0,Africa,Drought/Wildfire,Lesotho,LSO,DR,Drought,INFORM risk-score API,5.2,November,High,1,1,3.9,5.2,5.0,Sub-Saharan Africa,Southern Africa,Southern Africa
0,Africa,Drought/Wildfire,Rwanda,RWA,DR,Drought,INFORM risk-score API,5.1,October,High,1,1,5.1,4.3,3.4,Sub-Saharan Africa,Eastern Africa,Eastern Africa
0,Africa,Drought/Wildfire,Ethiopia,ETH,DR,Drought,INFORM risk-score API,5.0,October,Medium,3,0,5.0,4.9,4.8,Sub-Saharan Africa,Eastern Africa,Eastern Africa
0,Africa,Drought/Wildfire,Burundi,BDI,DR,Drought,INFORM risk-score API,4.9,October,Medium,3,0,4.9,4.2,3.8,Sub-Saharan Africa,Eastern Africa,Eastern Africa
0,Africa,Drought/Wildfire,"Tanzania, United Republic of",TZA,DR,Drought,INFORM risk-score API,4.9,December,Medium,3,0,4.2,4.8,4.9,Sub-Saharan Africa,Eastern Africa,Eastern Africa
0,Africa,Drought/Wildfire,Burkina Faso,BFA,DR,Drought,INFORM risk-score API,4.4,October,Medium,3,0,4.4,4.1,3.8,Sub-Saharan Africa,Western Africa,Western Africa
0,Africa,Drought/Wildfire,Madagascar,MDG,DR,Drought,INFORM risk-score API,4.4,December,Medium,3,0,3.9,4.2,4.4,Sub-Saharan Africa,Eastern Africa,Eastern Africa
0,Africa,Drought/Wildfire,Uganda,UGA,DR,Drought,INFORM risk-score API,4.3,October,Medium,3,0,4.3,4.1,4.1,Sub-Saharan Africa,Eastern Africa,Eastern Africa
0,Africa,Drought/Wildfire,Angola,AGO,DR,Drought,INFORM risk-score API,4.2,November,Medium,3,0,3.9,4.2,4.2,Sub-Saharan Africa,Middle Africa,Middle Africa
0,Africa,Drought/Wildfire,Chad,TCD,DR,Drought,INFORM risk-score API,4.2,October,Medium,3,0,4.2,3.9,3.6,Sub-Saharan Africa,Middle Africa,Middle Africa
0,Africa,Drought/Wildfire,Djibouti,DJI,DR,Drought,INFORM risk-score API,4.1,October,Medium,3,0,4.1,4.1,4.1,Sub-Saharan Africa,Eastern Africa,Eastern Africa
0,Africa,Drought/Wildfire,"Eswatini, Kingdom of",SWZ,DR,Drought,INFORM risk-score API,3.7,October,Medium,3,0,3.7,3.7,3.7,Sub-Saharan Africa,Southern Africa,Southern Africa
0,Africa,Drought/Wildfire,Mali,MLI,DR,Drought,INFORM risk-score API,3.6,October,Medium,2,0,3.6,3.6,3.5,Sub-Saharan Africa,Western Africa,Western Africa
0,Africa,Drought/Wildfire,Zambia,ZMB,DR,Drought,INFORM risk-score API,3.3,December,Low,3,0,2.9,3.2,3.3,Sub-Saharan Africa,Eastern Africa,Eastern Africa
0,Africa,Drought/Wildfire,South Sudan,SSD,DR,Drought,INFORM risk-score API,3.0,October,Low,3,0,3.0,3.0,2.8,Sub-Saharan Africa,Eastern Africa,Eastern Africa
0,Africa,Drought/Wildfire,Cameroon,CMR,DR,Drought,INFORM risk-score API,2.6,October,Low,3,0,2.6,2.4,2.1,Sub-Saharan Africa,Middle Africa,Middle Africa
0,Africa,Drought/Wildfire,"Gambia, Republic of The",GMB,DR,Drought,INFORM risk-score API,2.4,October,Low,3,0,2.4,2.4,2.4,Sub-Saharan Africa,Western Africa,Western Africa
0,Africa,Drought/Wildfire,Democratic Republic of Congo,COD,DR,Drought,INFORM risk-score API,1.8,October,Very Low,3,0,1.8,1.6,1.5,Sub-Saharan Africa,Middle Africa,Middle Africa
0,Africa,Drought/Wildfire,Cabo Verde,CPV,DR,Drought,INFORM risk-score API,1.6,October,Very Low,3,0,1.6,1.6,1.6,Sub-Saharan Africa,Western Africa,Western Africa
0,Africa,Drought/Wildfire,Togo,TGO,DR,Drought,INFORM risk-score API,1.6,October,Very Low,3,0,1.6,1.5,1.5,Sub-Saharan Africa,Western Africa,Western Africa
0,Africa,Drought/Wildfire,Gabon,GAB,DR,Drought,INFORM risk-score API,1.5,December,Very Low,3,0,1.1,1.4,1.5,Sub-Saharan Africa,Middle Africa,Middle Africa
0,Africa,Drought/Wildfire,Guinea-Bissau,GNB,DR,Drought,INFORM risk-score API,1.5,October,Very Low,3,0,1.5,1.5,1.5,Sub-Saharan Africa,Western Africa,Western Africa
0,Africa,Drought/Wildfire,Ghana,GHA,DR,Drought,INFORM risk-score API,0.8,October,Very Low,3,0,0.8,0.5,0.3,Sub-Saharan Africa,Western Africa,Western Africa
0,Africa,Drought/Wildfire,Côte d'Ivoire,CIV,DR,Drought,INFORM risk-score API,0.6,October,Very Low,3,0,0.6,0.3,0.2,Sub-Saharan Africa,Western Africa,Western Africa
0,Africa,Drought/Wildfire,Congo,COG,DR,Drought,INFORM risk-score API,0.5,November,Very Low,3,0,0.3,0.5,0.4,Sub-Saharan Africa,Middle Africa,Middle Africa
0,Africa,Drought/Wildfire,Liberia,LBR,DR,Drought,INFORM risk-score API,0.5,October,Very Low,3,0,0.5,0.3,0.1,Sub-Saharan Africa,Western Africa,Western Africa
0,Africa,Drought/Wildfire,Benin,BEN,DR,Drought,INFORM risk-score API,0.3,October,Very Low,3,0,0.3,0.1,0.0,Sub-Saharan Africa,Western Africa,Western Africa
0,Africa,Drought/Wildfire,Guinea,GIN,DR,Drought,INFORM risk-score API,0.3,October,Very Low,3,0,0.3,0.3,0.3,Sub-Saharan Africa,Western Africa,Western Africa
0,Africa,Drought/Wildfire,Mauritius,MUS,DR,Drought,INFORM risk-score API,0.3,October,Very Low,3,0,0.3,0.3,0.3,Sub-Saharan Africa,Eastern Africa,Eastern Africa
0,Africa,Drought/Wildfire,Nigeria,NGA,DR,Drought,INFORM risk-score API,0.3,October,Very Low,3,0,0.3,0.1,0.0,Sub-Saharan Africa,Western Africa,Western Africa
0,Africa,Drought/Wildfire,Central African Republic,CAF,DR,Drought,INFORM risk-score API,0.0,October,Very Low,3,0,0.0,0.0,0.0,Sub-Saharan Africa,Middle Africa,Middle Africa
0,Africa,Drought/Wildfire,Comoros,COM,DR,Drought,INFORM risk-score API,0.0,October,Very Low,3,0,0.0,0.0,0.0,Sub-Saharan Africa,Eastern Africa,Eastern Africa
0,Africa,Drought/Wildfire,Equatorial Guinea,GNQ,DR,Drought,INFORM risk-score API,0.0,October,Very Low,3,0,0.0,0.0,0.0,Sub-Saharan Africa,Middle Africa,Middle Africa
0,Africa,Drought/Wildfire,Sao Tome and Principe,STP,DR,Drought,INFORM risk-score API,0.0,October,Very Low,3,0,0.0,0.0,0.0,Sub-Saharan Africa,Middle Africa,Middle Africa
0,Africa,Drought/Wildfire,Seychelles,SYC,DR,Drought,INFORM risk-score API,0.0,October,Very Low,3,0,0.0,0.0,0.0,Sub-Saharan Africa,Eastern Africa,Eastern Africa
0,Africa,Drought/Wildfire,Sierra Leone,SLE,DR,Drought,INFORM risk-score API,0.0,October,Very Low,3,0,0.0,0.0,0.0,Sub-Saharan Africa,Western Africa,Western Africa
0,Africa,Floods/TC,Congo,COG,FL,Flood,INFORM risk-score API,8.6,November,Very High,1,2,2.9,8.6,5.7,Sub-Saharan Africa,Middle Africa,Middle Africa
0,Africa,Floods/TC,Somalia,SOM,FL,Flood,INFORM risk-score API,7.5,November,Very High,1,2,5.8,7.5,1.7,Sub-Saharan Africa,Eastern Africa,Eastern Africa
0,Africa,Floods/TC,Democratic Republic of Congo,COD,FL,Flood,INFORM risk-score API,7.5,December,Very High,1,1,2.8,3.8,7.5,Sub-Saharan Africa,Middle Africa,Middle Africa
0,Africa,Floods/TC,South Sudan,SSD,FL,Flood,INFORM risk-score API,5.7,October,High,1,1,5.7,1.4,0.0,Sub-Saharan Africa,Eastern Africa,Eastern Africa
0,Africa,Floods/TC,Niger,NER,FL,Flood,INFORM risk-score API,5.6,October,High,1,1,5.6,1.9,0.9,Sub-Saharan Africa,Western Africa,Western Africa
0,Africa,Floods/TC,"Tanzania, United Republic of",TZA,FL,Flood,INFORM risk-score API,5.0,December,Medium,1,0,0.8,0.8,5.0,Sub-Saharan Africa,Eastern Africa,Eastern Africa
0,Africa,Floods/TC,Nigeria,NGA,FL,Flood,INFORM risk-score API,4.9,October,Medium,1,0,4.9,0.0,0.0,Sub-Saharan Africa,Western Africa,Western Africa
0,Africa,Floods/TC,"Eswatini, Kingdom of",SWZ,FL,Flood,INFORM risk-score API,4.2,December,Medium,1,0,0.0,0.0,4.2,Sub-Saharan Africa,Southern Africa,Southern Africa
0,Africa,Floods/TC,Uganda,UGA,FL,Flood,INFORM risk-score API,3.8,October,Medium,2,0,3.8,3.8,2.6,Sub-Saharan Africa,Eastern Africa,Eastern Africa
0,Africa,Floods/TC,Zimbabwe,ZWE,FL,Flood,INFORM risk-score API,3.6,December,Medium,1,0,0.0,0.0,3.6,Sub-Saharan Africa,Eastern Africa,Eastern Africa
0,Africa,Floods/TC,Ghana,GHA,FL,Flood,INFORM risk-score API,3.3,October,Low,1,0,3.3,0.0,0.0,Sub-Saharan Africa,Western Africa,Western Africa
0,Africa,Floods/TC,Guinea-Bissau,GNB,FL,Flood,INFORM risk-score API,3.3,October,Low,1,0,3.3,0.0,0.0,Sub-Saharan Africa,Western Africa,Western Africa
0,Africa,Floods/TC,Chad,TCD,FL,Flood,INFORM risk-score API,3.2,October,Low,1,0,3.2,0.0,0.0,Sub-Saharan Africa,Middle Africa,Middle Africa
0,Africa,Floods/TC,Malawi,MWI,FL,Flood,INFORM risk-score API,3.2,December,Low,1,0,0.0,1.6,3.2,Sub-Saharan Africa,Eastern Africa,Eastern Africa
0,Africa,Floods/TC,Mali,MLI,FL,Flood,INFORM risk-score API,3.1,October,Low,1,0,3.1,0.0,0.0,Sub-Saharan Africa,Western Africa,Western Africa
0,Africa,Floods/TC,Central African Republic,CAF,FL,Flood,INFORM risk-score API,2.9,October,Low,1,0,2.9,1.4,0.0,Sub-Saharan Africa,Middle Africa,Middle Africa
0,Africa,Floods/TC,Togo,TGO,FL,Flood,INFORM risk-score API,2.9,October,Low,1,0,2.9,0.0,0.0,Sub-Saharan Africa,Western Africa,Western Africa
0,Africa,Floods/TC,Kenya,KEN,FL,Flood,INFORM risk-score API,2.6,October,Low,3,0,2.6,2.2,2.6,Sub-Saharan Africa,Eastern Africa,Eastern Africa
0,Africa,Floods/TC,Burkina Faso,BFA,FL,Flood,INFORM risk-score API,2.3,October,Low,1,0,2.3,0.0,0.0,Sub-Saharan Africa,Western Africa,Western Africa
0,Africa,Floods/TC,Mozambique,MOZ,FL,Flood,INFORM risk-score API,2.0,December,Very Low,3,0,0.8,0.0,2.0,Sub-Saharan Africa,Eastern Africa,Eastern Africa
0,Africa,Floods/TC,Rwanda,RWA,FL,Flood,INFORM risk-score API,1.9,October,Very Low,3,0,1.9,0.6,0.0,Sub-Saharan Africa,Eastern Africa,Eastern Africa
0,Africa,Floods/TC,Zambia,ZMB,FL,Flood,INFORM risk-score API,1.8,December,Very Low,3,0,0.0,0.9,1.8,Sub-Saharan Africa,Eastern Africa,Eastern Africa
0,Africa,Floods/TC,South Africa,ZAF,FL,Flood,INFORM risk-score API,1.7,November,Very Low,3,0,0.8,1.7,1.7,Sub-Saharan Africa,Southern Africa,Southern Africa
0,Africa,Floods/TC,Ethiopia,ETH,FL,Flood,INFORM risk-score API,1.6,November,Very Low,3,0,1.0,1.6,0.5,Sub-Saharan Africa,Eastern Africa,Eastern Africa
0,Africa,Floods/TC,Burundi,BDI,FL,Flood,INFORM risk-score API,1.5,October,Very Low,3,0,1.5,0.7,1.5,Sub-Saharan Africa,Eastern Africa,Eastern Africa
0,Africa,Floods/TC,Angola,AGO,FL,Flood,INFORM risk-score API,1.3,December,Very Low,3,0,0.3,0.3,1.3,Sub-Saharan Africa,Middle Africa,Middle Africa
0,Africa,Floods/TC,"Gambia, Republic of The",GMB,FL,Flood,INFORM risk-score API,1.2,October,Very Low,3,0,1.2,0.0,0.0,Sub-Saharan Africa,Western Africa,Western Africa
0,Africa,Floods/TC,Sudan,SDN,FL,Flood,INFORM risk-score API,1.2,October,Very Low,3,0,1.2,0.0,0.0,Northern Africa,,Northern Africa
0,Africa,Floods/TC,Mauritania,MRT,FL,Flood,INFORM risk-score API,1.1,October,Very Low,3,0,1.1,0.0,0.0,Sub-Saharan Africa,Western Africa,Western Africa
0,Africa,Floods/TC,Benin,BEN,FL,Flood,INFORM risk-score API,1.0,October,Very Low,3,0,1.0,1.0,0.0,Sub-Saharan Africa,Western Africa,Western Africa
0,Africa,Floods/TC,Guinea,GIN,FL,Flood,INFORM risk-score API,0.9,October,Very Low,3,0,0.9,0.0,0.0,Sub-Saharan Africa,Western Africa,Western Africa
0,Africa,Floods/TC,Senegal,SEN,FL,Flood,INFORM risk-score API,0.6,October,Very Low,3,0,0.6,0.0,0.0,Sub-Saharan Africa,Western Africa,Western Africa
0,Africa,Floods/TC,Cabo Verde,CPV,FL,Flood,INFORM risk-score API,0.1,October,Very Low,3,0,0.1,0.1,0.1,Sub-Saharan Africa,Western Africa,Western Africa
0,Africa,Floods/TC,Comoros,COM,FL,Flood,INFORM risk-score API,0.1,October,Very Low,3,0,0.1,0.1,0.1,Sub-Saharan Africa,Eastern Africa,Eastern Africa
0,Africa,Floods/TC,Mauritius,MUS,FL,Flood,INFORM risk-score API,0.1,October,Very Low,3,0,0.1,0.1,0.1,Sub-Saharan Africa,Eastern Africa,Eastern Africa
0,Africa,Floods/TC,Sao Tome and Principe,STP,FL,Flood,INFORM risk-score API,0.1,October,Very Low,3,0,0.1,0.1,0.1,Sub-Saharan Africa,Middle Africa,Middle Africa
0,Africa,Floods/TC,Seychelles,SYC,FL,Flood,INFORM risk-score API,0.1,October,Very Low,3,0,0.1,0.1,0.1,Sub-Saharan Africa,Eastern Africa,Eastern Africa
0,Africa,Floods/TC,Botswana,BWA,FL,Flood,INFORM risk-score API,0.0,October,Very Low,3,0,0.0,0.0,0.0,Sub-Saharan Africa,Southern Africa,Southern Africa
0,Africa,Floods/TC,Cameroon,CMR,FL,Flood,INFORM risk-score API,0.0,October,Very Low,3,0,0.0,0.0,0.0,Sub-Saharan Africa,Middle Africa,Middle Africa
0,Africa,Floods/TC,Côte d'Ivoire,CIV,FL,Flood,INFORM risk-score API,0.0,October,Very Low,3,0,0.0,0.0,0.0,Sub-Saharan Africa,Western Africa,Western Africa
0,Africa,Floods/TC,Djibouti,DJI,FL,Flood,INFORM risk-score API,0.0,October,Very Low,3,0,0.0,0.0,0.0,Sub-Saharan Africa,Eastern Africa,Eastern Africa
0,Africa,Floods/TC,Equatorial Guinea,GNQ,FL,Flood,INFORM risk-score API,0.0,October,Very Low,3,0,0.0,0.0,0.0,Sub-Saharan Africa,Middle Africa,Middle Africa
0,Africa,Floods/TC,Eritrea,ERI,FL,Flood,INFORM risk-score API,0.0,October,Very Low,3,0,0.0,0.0,0.0,Sub-Saharan Africa,Eastern Africa,Eastern Africa
0,Africa,Floods/TC,Gabon,GAB,FL,Flood,INFORM risk-score API,0.0,October,Very Low,3,0,0.0,0.0,0.0,Sub-Saharan Africa,Middle Africa,Middle Africa
0,Africa,Floods/TC,Lesotho,LSO,FL,Flood,INFORM risk-score API,0.0,October,Very Low,3,0,0.0,0.0,0.0,Sub-Saharan Africa,Southern Africa,Southern Africa
0,Africa,Floods/TC,Liberia,LBR,FL,Flood,INFORM risk-score API,0.0,October,Very Low,3,0,0.0,0.0,0.0,Sub-Saharan Africa,Western Africa,Western Africa
0,Africa,Floods/TC,Madagascar,MDG,FL,Flood,INFORM risk-score API,0.0,October,Very Low,3,0,0.0,0.0,0.0,Sub-Saharan Africa,Eastern Africa,Eastern Africa
0,Africa,Floods/TC,Namibia,NAM,FL,Flood,INFORM risk-score API,0.0,October,Very Low,3,0,0.0,0.0,0.0,Sub-Saharan Africa,Southern Africa,Southern Africa
0,Africa,Floods/TC,Sierra Leone,SLE,FL,Flood,INFORM risk-score API,0.0,October,Very Low,3,0,0.0,0.0,0.0,Sub-Saharan Africa,Western Africa,Western Africa
0,Africa,Floods/TC,Madagascar,MDG,TC,Tropical Cyclone,INFORM risk-score API,5.1,December,High,1,1,0.2,1.1,5.1,Sub-Saharan Africa,Eastern Africa,Eastern Africa
0,Africa,Floods/TC,Mauritius,MUS,TC,Tropical Cyclone,INFORM risk-score API,4.5,December,Medium,1,0,0.2,0.9,4.5,Sub-Saharan Africa,Eastern Africa,Eastern Africa
0,Africa,Floods/TC,Mozambique,MOZ,TC,Tropical Cyclone,INFORM risk-score API,3.5,December,Low,1,0,0.1,0.7,3.5,Sub-Saharan Africa,Eastern Africa,Eastern Africa
0,Africa,Floods/TC,Comoros,COM,TC,Tropical Cyclone,INFORM risk-score API,2.0,December,Very Low,3,0,0.1,0.4,2.0,Sub-Saharan Africa,Eastern Africa,Eastern Africa
0,Africa,Floods/TC,Somalia,SOM,TC,Tropical Cyclone,INFORM risk-score API,0.7,December,Very Low,3,0,0.0,0.2,0.7,Sub-Saharan Africa,Eastern Africa,Eastern Africa
0,Africa,Floods/TC,"Tanzania, United Republic of",TZA,TC,Tropical Cyclone,INFORM risk-score API,0.6,December,Very Low,3,0,0.0,0.2,0.6,Sub-Saharan Africa,Eastern Africa,Eastern Africa
0,Africa,Floods/TC,Malawi,MWI,TC,Tropical Cyclone,INFORM risk-score API,0.5,December,Very Low,3,0,0.1,0.1,0.5,Sub-Saharan Africa,Eastern Africa,Eastern Africa
0,Africa,Floods/TC,South Africa,ZAF,TC,Tropical Cyclone,INFORM risk-score API,0.3,December,Very Low,3,0,0.0,0.1,0.3,Sub-Saharan Africa,Southern Africa,Southern Africa
0,Africa,Floods/TC,Zimbabwe,ZWE,TC,Tropical Cyclone,INFORM risk-score API,0.3,December,Very Low,3,0,0.0,0.1,0.3,Sub-Saharan Africa,Eastern Africa,Eastern Africa
0,Africa,Floods/TC,"Eswatini, Kingdom of",SWZ,TC,Tropical Cyclone,INFORM risk-score API,0.1,December,Very Low,3,0,0.0,0.0,0.1,Sub-Saharan Africa,Southern Africa,Southern Africa
0,Africa,Floods/TC,Angola,AGO,TC,Tropical Cyclone,INFORM risk-score API,0.0,October,Very Low,3,0,0.0,0.0,0.0,Sub-Saharan Africa,Middle Africa,Middle Africa
0,Africa,Floods/TC,Benin,BEN,TC,Tropical Cyclone,INFORM risk-score API,0.0,October,Very Low,3,0,0.0,0.0,0.0,Sub-Saharan Africa,Western Africa,Western Africa
0,Africa,Floods/TC,Botswana,BWA,TC,Tropical Cyclone,INFORM risk-score API,0.0,October,Very Low,3,0,0.0,0.0,0.0,Sub-Saharan Africa,Southern Africa,Southern Africa
0,Africa,Floods/TC,Burkina Faso,BFA,TC,Tropical Cyclone,INFORM risk-score API,0.0,October,Very Low,3,0,0.0,0.0,0.0,Sub-Saharan Africa,Western Africa,Western Africa
0,Africa,Floods/TC,Burundi,BDI,TC,Tropical Cyclone,INFORM risk-score API,0.0,October,Very Low,3,0,0.0,0.0,0.0,Sub-Saharan Africa,Eastern Africa,Eastern Africa
0,Africa,Floods/TC,Cabo Verde,CPV,TC,Tropical Cyclone,INFORM risk-score API,0.0,October,Very Low,3,0,0.0,0.0,0.0,Sub-Saharan Africa,Western Africa,Western Africa
0,Africa,Floods/TC,Cameroon,CMR,TC,Tropical Cyclone,INFORM risk-score API,0.0,October,Very Low,3,0,0.0,0.0,0.0,Sub-Saharan Africa,Middle Africa,Middle Africa
0,Africa,Floods/TC,Central African Republic,CAF,TC,Tropical Cyclone,INFORM risk-score API,0.0,October,Very Low,3,0,0.0,0.0,0.0,Sub-Saharan Africa,Middle Africa,Middle Africa
0,Africa,Floods/TC,Chad,TCD,TC,Tropical Cyclone,INFORM risk-score API,0.0,October,Very Low,3,0,0.0,0.0,0.0,Sub-Saharan Africa,Middle Africa,Middle Africa
0,Africa,Floods/TC,Congo,COG,TC,Tropical Cyclone,INFORM risk-score API,0.0,October,Very Low,3,0,0.0,0.0,0.0,Sub-Saharan Africa,Middle Africa,Middle Africa
0,Africa,Floods/TC,Côte d'Ivoire,CIV,TC,Tropical Cyclone,INFORM risk-score API,0.0,October,Very Low,3,0,0.0,0.0,0.0,Sub-Saharan Africa,Western Africa,Western Africa
0,Africa,Floods/TC,Democratic Republic of Congo,COD,TC,Tropical Cyclone,INFORM risk-score API,0.0,October,Very Low,3,0,0.0,0.0,0.0,Sub-Saharan Africa,Middle Africa,Middle Africa
0,Africa,Floods/TC,Djibouti,DJI,TC,Tropical Cyclone,INFORM risk-score API,0.0,October,Very Low,3,0,0.0,0.0,0.0,Sub-Saharan Africa,Eastern Africa,Eastern Africa
0,Africa,Floods/TC,Equatorial Guinea,GNQ,TC,Tropical Cyclone,INFORM risk-score API,0.0,October,Very Low,3,0,0.0,0.0,0.0,Sub-Saharan Africa,Middle Africa,Middle Africa
0,Africa,Floods/TC,Eritrea,ERI,TC,Tropical Cyclone,INFORM risk-score API,0.0,October,Very Low,3,0,0.0,0.0,0.0,Sub-Saharan Africa,Eastern Africa,Eastern Africa
0,Africa,Floods/TC,Ethiopia,ETH,TC,Tropical Cyclone,INFORM risk-score API,0.0,October,Very Low,3,0,0.0,0.0,0.0,Sub-Saharan Africa,Eastern Africa,Eastern Africa
0,Africa,Floods/TC,Gabon,GAB,TC,Tropical Cyclone,INFORM risk-score API,0.0,October,Very Low,3,0,0.0,0.0,0.0,Sub-Saharan Africa,Middle Africa,Middle Africa
0,Africa,Floods/TC,"Gambia, Republic of The",GMB,TC,Tropical Cyclone,INFORM risk-score API,0.0,October,Very Low,3,0,0.0,0.0,0.0,Sub-Saharan Africa,Western Africa,Western Africa
0,Africa,Floods/TC,Ghana,GHA,TC,Tropical Cyclone,INFORM risk-score API,0.0,October,Very Low,3,0,0.0,0.0,0.0,Sub-Saharan Africa,Western Africa,Western Africa
0,Africa,Floods/TC,Guinea,GIN,TC,Tropical Cyclone,INFORM risk-score API,0.0,October,Very Low,3,0,0.0,0.0,0.0,Sub-Saharan Africa,Western Africa,Western Africa
0,Africa,Floods/TC,Guinea-Bissau,GNB,TC,Tropical Cyclone,INFORM risk-score API,0.0,October,Very Low,3,0,0.0,0.0,0.0,Sub-Saharan Africa,Western Africa,Western Africa
0,Africa,Floods/TC,Kenya,KEN,TC,Tropical Cyclone,INFORM risk-score API,0.0,October,Very Low,3,0,0.0,0.0,0.0,Sub-Saharan Africa,Eastern Africa,Eastern Africa
0,Africa,Floods/TC,Lesotho,LSO,TC,Tropical Cyclone,INFORM risk-score API,0.0,October,Very Low,3,0,0.0,0.0,0.0,Sub-Saharan Africa,Southern Africa,Southern Africa
0,Africa,Floods/TC,Liberia,LBR,TC,Tropical Cyclone,INFORM risk-score API,0.0,October,Very Low,3,0,0.0,0.0,0.0,Sub-Saharan Africa,Western Africa,Western Africa
0,Africa,Floods/TC,Mali,MLI,TC,Tropical Cyclone,INFORM risk-score API,0.0,October,Very Low,3,0,0.0,0.0,0.0,Sub-Saharan Africa,Western Africa,Western Africa
0,Africa,Floods/TC,Mauritania,MRT,TC,Tropical Cyclone,INFORM risk-score API,0.0,October,Very Low,3,0,0.0,0.0,0.0,Sub-Saharan Africa,Western Africa,Western Africa
0,Africa,Floods/TC,Namibia,NAM,TC,Tropical Cyclone,INFORM risk-score API,0.0,October,Very Low,3,0,0.0,0.0,0.0,Sub-Saharan Africa,Southern Africa,Southern Africa
0,Africa,Floods/TC,Niger,NER,TC,Tropical Cyclone,INFORM risk-score API,0.0,October,Very Low,3,0,0.0,0.0,0.0,Sub-Saharan Africa,Western Africa,Western Africa
0,Africa,Floods/TC,Nigeria,NGA,TC,Tropical Cyclone,INFORM risk-score API,0.0,October,Very Low,3,0,0.0,0.0,0.0,Sub-Saharan Africa,Western Africa,Western Africa
0,Africa,Floods/TC,Rwanda,RWA,TC,Tropical Cyclone,INFORM risk-score API,0.0,October,Very Low,3,0,0.0,0.0,0.0,Sub-Saharan Africa,Eastern Africa,Eastern Africa
0,Africa,Floods/TC,Sao Tome and Principe,STP,TC,Tropical Cyclone,INFORM risk-score API,0.0,October,Very Low,3,0,0.0,0.0,0.0,Sub-Saharan Africa,Middle Africa,Middle Africa
0,Africa,Floods/TC,Senegal,SEN,TC,Tropical Cyclone,INFORM risk-score API,0.0,October,Very Low,3,0,0.0,0.0,0.0,Sub-Saharan Africa,Western Africa,Western Africa
0,Africa,Floods/TC,Seychelles,SYC,TC,Tropical Cyclone,INFORM risk-score API,0.0,October,Very Low,3,0,0.0,0.0,0.0,Sub-Saharan Africa,Eastern Africa,Eastern Africa
0,Africa,Floods/TC,Sierra Leone,SLE,TC,Tropical Cyclone,INFORM risk-score API,0.0,October,Very Low,3,0,0.0,0.0,0.0,Sub-Saharan Africa,Western Africa,Western Africa
0,Africa,Floods/TC,South Sudan,SSD,TC,Tropical Cyclone,INFORM risk-score API,0.0,October,Very Low,3,0,0.0,0.0,0.0,Sub-Saharan Africa,Eastern Africa,Eastern Africa
0,Africa,Floods/TC,Sudan,SDN,TC,Tropical Cyclone,INFORM risk-score API,0.0,October,Very Low,3,0,0.0,0.0,0.0,Northern Africa,,Northern Africa
0,Africa,Floods/TC,Togo,TGO,TC,Tropical Cyclone,INFORM risk-score API,0.0,October,Very Low,3,0,0.0,0.0,0.0,Sub-Saharan Africa,Western Africa,Western Africa
0,Africa,Floods/TC,Uganda,UGA,TC,Tropical Cyclone,INFORM risk-score API,0.0,October,Very Low,3,0,0.0,0.0,0.0,Sub-Saharan Africa,Eastern Africa,Eastern Africa
0,Africa,Floods/TC,Zambia,ZMB,TC,Tropical Cyclone,INFORM risk-score API,0.0,October,Very Low,3,0,0.0,0.0,0.0,Sub-Saharan Africa,Eastern Africa,Eastern Africa
0,Africa,Drought/Wildfire,Mauritania,MRT,WF,Wildfire,GWIS seasonal API,66.65,December,Very High,3,3,45.885966521739135,64.20973913043477,66.64880826086956,Sub-Saharan Africa,Western Africa,Western Africa
0,Africa,Drought/Wildfire,Niger,NER,WF,Wildfire,GWIS seasonal API,65.71,November,Very High,3,3,46.080702173913046,65.70764826086956,64.47441739130436,Sub-Saharan Africa,Western Africa,Western Africa
0,Africa,Drought/Wildfire,Mali,MLI,WF,Wildfire,GWIS seasonal API,50.9,December,Very High,3,3,21.472319130434784,42.72470826086956,50.904970434782605,Sub-Saharan Africa,Western Africa,Western Africa
0,Africa,Drought/Wildfire,Burkina Faso,BFA,WF,Wildfire,GWIS seasonal API,48.85,December,Very High,2,3,9.097970434782608,33.899778695652174,48.85103869565217,Sub-Saharan Africa,Western Africa,Western Africa
0,Africa,Drought/Wildfire,Namibia,NAM,WF,Wildfire,GWIS seasonal API,47.98,October,Very High,3,3,47.97778434782608,34.67020869565217,25.498561739130434,Sub-Saharan Africa,Southern Africa,Southern Africa
0,Africa,Drought/Wildfire,Chad,TCD,WF,Wildfire,GWIS seasonal API,46.66,December,Very High,3,3,23.58577391304348,40.51312043478261,46.66440217391305,Sub-Saharan Africa,Middle Africa,Middle Africa
0,Africa,Drought/Wildfire,Sudan,SDN,WF,Wildfire,GWIS seasonal API,45.1,December,Very High,3,3,26.61109,43.82638652173913,45.097117391304344,Northern Africa,,Northern Africa
0,Africa,Drought/Wildfire,Senegal,SEN,WF,Wildfire,GWIS seasonal API,42.73,December,Very High,2,3,9.880965217391303,29.081751739130432,42.726479999999995,Sub-Saharan Africa,Western Africa,Western Africa
0,Africa,Drought/Wildfire,Botswana,BWA,WF,Wildfire,GWIS seasonal API,41.34,October,Very High,2,3,41.33913739130435,26.60768739130435,13.676203913043478,Sub-Saharan Africa,Southern Africa,Southern Africa
0,Africa,Drought/Wildfire,South Sudan,SSD,WF,Wildfire,GWIS seasonal API,32.86,December,Very High,1,2,2.4351973913043476,13.464224347826088,32.86311391304348,Sub-Saharan Africa,Eastern Africa,Eastern Africa
0,Africa,Drought/Wildfire,Benin,BEN,WF,Wildfire,GWIS seasonal API,32.54,December,Very High,1,2,2.232939565217391,16.808906956521742,32.54240739130435,Sub-Saharan Africa,Western Africa,Western Africa
0,Africa,Drought/Wildfire,Nigeria,NGA,WF,Wildfire,GWIS seasonal API,29.57,December,Very High,2,2,6.1067165217391315,20.148740434782606,29.565444347826087,Sub-Saharan Africa,Western Africa,Western Africa
0,Africa,Drought/Wildfire,Zambia,ZMB,WF,Wildfire,GWIS seasonal API,27.3,October,Very High,1,1,27.29970869565218,8.977445652173913,0.9873704347826088,Sub-Saharan Africa,Eastern Africa,Eastern Africa
0,Africa,Drought/Wildfire,Zimbabwe,ZWE,WF,Wildfire,GWIS seasonal API,26.22,October,Very High,1,2,26.22247347826087,13.360249130434783,3.863616956521739,Sub-Saharan Africa,Eastern Africa,Eastern Africa
0,Africa,Drought/Wildfire,South Africa,ZAF,WF,Wildfire,GWIS seasonal API,25.57,October,Very High,3,3,25.574143043478262,22.36379956521739,19.072105217391304,Sub-Saharan Africa,Southern Africa,Southern Africa
0,Africa,Drought/Wildfire,Djibouti,DJI,WF,Wildfire,GWIS seasonal API,24.57,November,Very High,3,3,23.406981304347827,24.57313782608696,18.57166391304348,Sub-Saharan Africa,Eastern Africa,Eastern Africa
0,Africa,Drought/Wildfire,Central African Republic,CAF,WF,Wildfire,GWIS seasonal API,24.06,December,Very High,1,1,0.34551000000000004,6.693951304347826,24.05741347826087,Sub-Saharan Africa,Middle Africa,Middle Africa
0,Africa,Drought/Wildfire,Somalia,SOM,WF,Wildfire,GWIS seasonal API,23.86,December,Very High,1,3,14.351160434782608,11.153305652173913,23.861752173913043,Sub-Saharan Africa,Eastern Africa,Eastern Africa
0,Africa,Drought/Wildfire,Eritrea,ERI,WF,Wildfire,GWIS seasonal API,22.13,October,Very High,3,3,22.12545608695652,20.976628260869564,17.854026086956523,Sub-Saharan Africa,Eastern Africa,Eastern Africa
0,Africa,Drought/Wildfire,Togo,TGO,WF,Wildfire,GWIS seasonal API,21.09,December,Very High,1,1,0.672091304347826,7.2921886956521735,21.08676652173913,Sub-Saharan Africa,Western Africa,Western Africa
0,Africa,Drought/Wildfire,Malawi,MWI,WF,Wildfire,GWIS seasonal API,19.79,October,Very High,1,2,19.79387,12.07332391304348,2.0589104347826086,Sub-Saharan Africa,Eastern Africa,Eastern Africa
0,Africa,Drought/Wildfire,Ghana,GHA,WF,Wildfire,GWIS seasonal API,17.42,December,Very High,1,1,0.5648004347826087,5.6075408695652165,17.418694782608696,Sub-Saharan Africa,Western Africa,Western Africa
0,Africa,Drought/Wildfire,Guinea,GIN,WF,Wildfire,GWIS seasonal API,16.81,December,High,1,1,0.20106478260869567,4.267800434782609,16.811829999999997,Sub-Saharan Africa,Western Africa,Western Africa
0,Africa,Drought/Wildfire,Mozambique,MOZ,WF,Wildfire,GWIS seasonal API,16.57,October,High,2,2,16.567260869565217,11.49761652173913,3.347422608695652,Sub-Saharan Africa,Eastern Africa,Eastern Africa
0,Africa,Drought/Wildfire,Ethiopia,ETH,WF,Wildfire,GWIS seasonal API,16.49,December,High,1,1,6.734338260869565,8.594747391304349,16.494758695652173,Sub-Saharan Africa,Eastern Africa,Eastern Africa
0,Africa,Drought/Wildfire,"Tanzania, United Republic of",TZA,WF,Wildfire,GWIS seasonal API,15.73,October,High,1,1,15.732056086956522,8.693224347826087,2.993405652173913,Sub-Saharan Africa,Eastern Africa,Eastern Africa
0,Africa,Drought/Wildfire,"Gambia, Republic of The",GMB,WF,Wildfire,GWIS seasonal API,15.44,December,High,1,1,0.7800604347826088,7.2154356521739125,15.439860434782608,Sub-Saharan Africa,Western Africa,Western Africa
0,Africa,Drought/Wildfire,Angola,AGO,WF,Wildfire,GWIS seasonal API,15.11,October,High,1,1,15.113478695652173,4.582801739130435,1.9031908695652173,Sub-Saharan Africa,Middle Africa,Middle Africa
0,Africa,Drought/Wildfire,Guinea-Bissau,GNB,WF,Wildfire,GWIS seasonal API,15.08,December,High,1,1,0.09226304347826086,2.828883913043478,15.076357391304347,Sub-Saharan Africa,Western Africa,Western Africa
0,Africa,Drought/Wildfire,Madagascar,MDG,WF,Wildfire,GWIS seasonal API,12.31,October,High,1,1,12.308329565217392,6.91926304347826,2.2816421739130437,Sub-Saharan Africa,Eastern Africa,Eastern Africa
0,Africa,Drought/Wildfire,Cameroon,CMR,WF,Wildfire,GWIS seasonal API,11.33,December,High,1,1,0.6323065217391305,4.548133913043478,11.330051739130434,Sub-Saharan Africa,Middle Africa,Middle Africa
0,Africa,Drought/Wildfire,Cabo Verde,CPV,WF,Wildfire,GWIS seasonal API,10.71,December,High,1,1,3.678616086956522,6.658116521739131,10.709802608695652,Sub-Saharan Africa,Western Africa,Western Africa
0,Africa,Drought/Wildfire,Mauritius,MUS,WF,Wildfire,GWIS seasonal API,10.71,October,High,1,1,10.71002304347826,7.836303043478261,5.4802291304347825,Sub-Saharan Africa,Eastern Africa,Eastern Africa
0,Africa,Drought/Wildfire,Côte d'Ivoire,CIV,WF,Wildfire,GWIS seasonal API,10.7,December,High,1,1,0.23915434782608694,2.4700243478260866,10.702525652173914,Sub-Saharan Africa,Western Africa,Western Africa
0,Africa,Drought/Wildfire,Lesotho,LSO,WF,Wildfire,GWIS seasonal API,10.03,October,High,1,1,10.033135652173913,6.54883,3.7428904347826086,Sub-Saharan Africa,Southern Africa,Southern Africa
0,Africa,Drought/Wildfire,Uganda,UGA,WF,Wildfire,GWIS seasonal API,7.53,December,Medium,1,0,1.841803043478261,2.8953134782608694,7.527179565217392,Sub-Saharan Africa,Eastern Africa,Eastern Africa
0,Africa,Drought/Wildfire,"Eswatini, Kingdom of",SWZ,WF,Wildfire,GWIS seasonal API,5.49,October,Medium,1,0,5.489780869565218,2.7295434782608696,1.5836134782608695,Sub-Saharan Africa,Southern Africa,Southern Africa
0,Africa,Drought/Wildfire,Burundi,BDI,WF,Wildfire,GWIS seasonal API,3.97,October,Low,1,0,3.9732334782608696,0.8861421739130435,0.49522739130434784,Sub-Saharan Africa,Eastern Africa,Eastern Africa
0,Africa,Drought/Wildfire,Sierra Leone,SLE,WF,Wildfire,GWIS seasonal API,3.95,December,Low,1,0,0.005964782608695651,0.3258186956521739,3.9520134782608696,Sub-Saharan Africa,Western Africa,Western Africa
0,Africa,Drought/Wildfire,Rwanda,RWA,WF,Wildfire,GWIS seasonal API,2.34,October,Low,1,0,2.342037391304348,0.7561852173913044,0.8549595652173912,Sub-Saharan Africa,Eastern Africa,Eastern Africa
0,Africa,Drought/Wildfire,Comoros,COM,WF,Wildfire,GWIS seasonal API,2.08,October,Low,1,0,2.075038260869565,1.560814347826087,0.5601226086956522,Sub-Saharan Africa,Eastern Africa,Eastern Africa
0,Africa,Drought/Wildfire,Democratic Republic of Congo,COD,WF,Wildfire,GWIS seasonal API,1.33,October,Very Low,3,0,1.333451304347826,0.2507786956521739,0.9629191304347826,Sub-Saharan Africa,Middle Africa,Middle Africa
0,Africa,Drought/Wildfire,Liberia,LBR,WF,Wildfire,GWIS seasonal API,1.0,December,Very Low,3,0,0.0012126086956521739,0.05996739130434783,1.0037447826086956,Sub-Saharan Africa,Western Africa,Western Africa
0,Africa,Drought/Wildfire,Congo,COG,WF,Wildfire,GWIS seasonal API,0.64,December,Very Low,3,0,0.1884013043478261,0.04212869565217391,0.6365639130434783,Sub-Saharan Africa,Middle Africa,Middle Africa
0,Africa,Drought/Wildfire,Sao Tome and Principe,STP,WF,Wildfire,GWIS seasonal API,0.24,October,Very Low,3,0,0.2388121739130435,0.018183043478260868,0.0018208695652173913,Sub-Saharan Africa,Middle Africa,Middle Africa
0,Africa,Drought/Wildfire,Seychelles,SYC,WF,Wildfire,GWIS seasonal API,0.18,October,Very Low,3,0,0.17949173913043479,0.16703260869565217,0.0546508695652174,Sub-Saharan Africa,Eastern Africa,Eastern Africa
0,Africa,Drought/Wildfire,Gabon,GAB,WF,Wildfire,GWIS seasonal API,0.07,December,Very Low,3,0,0.04025086956521739,0.005264347826086957,0.06967347826086956,Sub-Saharan Africa,Middle Africa,Middle Africa
0,Africa,Drought/Wildfire,Equatorial Guinea,GNQ,WF,Wildfire,GWIS seasonal API,0.03,December,Very Low,3,0,0.00023,0.0007482608695652174,0.02583826086956522,Sub-Saharan Africa,Middle Africa,Middle Africa
1,Americas,Drought/Wildfire,Peru,PER,DR,Drought,INFORM risk-score API,4.6,December,Medium,3,0,3.6,4.2,4.6,Latin America and the Caribbean,South America,South America
1,Americas,Drought/Wildfire,Brazil,BRA,DR,Drought,INFORM risk-score API,4.5,October,Medium,3,0,4.5,4.5,4.5,Latin America and the Caribbean,South America,South America
1,Americas,Drought/Wildfire,Bolivia,BOL,DR,Drought,INFORM risk-score API,4.1,October,Medium,3,0,4.1,4.1,4.1,Latin America and the Caribbean,South America,South America
1,Americas,Drought/Wildfire,Honduras,HND,DR,Drought,INFORM risk-score API,4.1,October,Medium,3,0,4.1,4.1,4.1,Latin America and the Caribbean,Central America,Central America
1,Americas,Drought/Wildfire,Guatemala,GTM,DR,Drought,INFORM risk-score API,3.8,October,Medium,3,0,3.8,3.8,3.8,Latin America and the Caribbean,Central America,Central America
1,Americas,Drought/Wildfire,United States,USA,DR,Drought,INFORM risk-score API,3.6,December,Medium,1,0,2.9,2.8,3.6,Northern America,,Northern America
1,Americas,Drought/Wildfire,Paraguay,PRY,DR,Drought,INFORM risk-score API,3.5,October,Low,3,0,3.5,3.5,3.5,Latin America and the Caribbean,South America,South America
1,Americas,Drought/Wildfire,Haiti,HTI,DR,Drought,INFORM risk-score API,3.4,October,Low,3,0,3.4,3.4,3.4,Latin America and the Caribbean,Caribbean,Caribbean
1,Americas,Drought/Wildfire,Mexico,MEX,DR,Drought,INFORM risk-score API,3.4,October,Low,3,0,3.4,3.4,3.4,Latin America and the Caribbean,Central America,Central America
1,Americas,Drought/Wildfire,Argentina,ARG,DR,Drought,INFORM risk-score API,3.3,October,Low,3,0,3.3,3.1,2.5,Latin America and the Caribbean,South America,South America
1,Americas,Drought/Wildfire,Guyana,GUY,DR,Drought,INFORM risk-score API,3.3,December,Low,3,0,2.9,2.7,3.3,Latin America and the Caribbean,South America,South America
1,Americas,Drought/Wildfire,Nicaragua,NIC,DR,Drought,INFORM risk-score API,3.3,October,Low,3,0,3.3,3.2,3.2,Latin America and the Caribbean,Central America,Central America
1,Americas,Drought/Wildfire,Cuba,CUB,DR,Drought,INFORM risk-score API,3.2,December,Low,3,0,3.1,3.1,3.2,Latin America and the Caribbean,Caribbean,Caribbean
1,Americas,Drought/Wildfire,El Salvador,SLV,DR,Drought,INFORM risk-score API,3.2,October,Low,3,0,3.2,3.2,3.2,Latin America and the Caribbean,Central America,Central America
1,Americas,Drought/Wildfire,Ecuador,ECU,DR,Drought,INFORM risk-score API,2.5,December,Low,3,0,2.2,2.4,2.5,Latin America and the Caribbean,South America,South America
1,Americas,Drought/Wildfire,Jamaica,JAM,DR,Drought,INFORM risk-score API,1.9,October,Very Low,3,0,1.9,1.9,1.4,Latin America and the Caribbean,Caribbean,Caribbean
1,Americas,Drought/Wildfire,Colombia,COL,DR,Drought,INFORM risk-score API,1.7,November,Very Low,3,0,1.6,1.7,1.7,Latin America and the Caribbean,South America,South America
1,Americas,Drought/Wildfire,Canada,CAN,DR,Drought,INFORM risk-score API,1.4,November,Very Low,3,0,1.3,1.4,1.2,Northern America,,Northern America
1,Americas,Drought/Wildfire,Uruguay,URY,DR,Drought,INFORM risk-score API,1.4,October,Very Low,3,0,1.4,1.2,1.1,Latin America and the Caribbean,South America,South America
1,Americas,Drought/Wildfire,Costa Rica,CRI,DR,Drought,INFORM risk-score API,1.0,October,Very Low,3,0,1.0,1.0,1.0,Latin America and the Caribbean,Central America,Central America
1,Americas,Drought/Wildfire,Panama,PAN,DR,Drought,INFORM risk-score API,0.9,October,Very Low,3,0,0.9,0.9,0.8,Latin America and the Caribbean,Central America,Central America
1,Americas,Drought/Wildfire,Venezuela,VEN,DR,Drought,INFORM risk-score API,0.6,October,Very Low,3,0,0.6,0.5,0.5,Latin America and the Caribbean,South America,South America
1,Americas,Drought/Wildfire,Barbados,BRB,DR,Drought,INFORM risk-score API,0.5,October,Very Low,3,0,0.5,0.5,0.5,Latin America and the Caribbean,Caribbean,Caribbean
1,Americas,Drought/Wildfire,Dominican Republic,DOM,DR,Drought,INFORM risk-score API,0.5,October,Very Low,3,0,0.5,0.5,0.2,Latin America and the Caribbean,Caribbean,Caribbean
1,Americas,Drought/Wildfire,Grenada,GRD,DR,Drought,INFORM risk-score API,0.5,October,Very Low,3,0,0.5,0.5,0.5,Latin America and the Caribbean,Caribbean,Caribbean
1,Americas,Drought/Wildfire,Saint Lucia,LCA,DR,Drought,INFORM risk-score API,0.5,October,Very Low,3,0,0.5,0.5,0.5,Latin America and the Caribbean,Caribbean,Caribbean
1,Americas,Drought/Wildfire,Saint Vincent and the Grenadines,VCT,DR,Drought,INFORM risk-score API,0.5,October,Very Low,3,0,0.5,0.5,0.5,Latin America and the Caribbean,Caribbean,Caribbean
1,Americas,Drought/Wildfire,Chile,CHL,DR,Drought,INFORM risk-score API,0.3,October,Very Low,3,0,0.3,0.3,0.3,Latin America and the Caribbean,South America,South America
1,Americas,Drought/Wildfire,Trinidad and Tobago,TTO,DR,Drought,INFORM risk-score API,0.3,October,Very Low,3,0,0.3,0.3,0.3,Latin America and the Caribbean,Caribbean,Caribbean
1,Americas,Drought/Wildfire,Antigua and Barbuda,ATG,DR,Drought,INFORM risk-score API,0.0,October,Very Low,3,0,0.0,0.0,0.0,Latin America and the Caribbean,Caribbean,Caribbean
1,Americas,Drought/Wildfire,Bahamas,BHS,DR,Drought,INFORM risk-score API,0.0,October,Very Low,3,0,0.0,0.0,0.0,Latin America and the Caribbean,Caribbean,Caribbean
1,Americas,Drought/Wildfire,Belize,BLZ,DR,Drought,INFORM risk-score API,0.0,October,Very Low,3,0,0.0,0.0,0.0,Latin America and the Caribbean,Central America,Central America
1,Americas,Drought/Wildfire,Dominica,DMA,DR,Drought,INFORM risk-score API,0.0,October,Very Low,3,0,0.0,0.0,0.0,Latin America and the Caribbean,Caribbean,Caribbean
1,Americas,Drought/Wildfire,Saint Kitts and Nevis,KNA,DR,Drought,INFORM risk-score API,0.0,October,Very Low,3,0,0.0,0.0,0.0,Latin America and the Caribbean,Caribbean,Caribbean
1,Americas,Drought/Wildfire,Suriname,SUR,DR,Drought,INFORM risk-score API,0.0,October,Very Low,3,0,0.0,0.0,0.0,Latin America and the Caribbean,South America,South America
1,Americas,Floods/TC,Belize,BLZ,FL,Flood,INFORM risk-score API,8.4,October,Very High,1,1,8.4,4.2,0.0,Latin America and the Caribbean,Central America,Central America
1,Americas,Floods/TC,Argentina,ARG,FL,Flood,INFORM risk-score API,5.7,November,High,1,1,3.3,5.7,4.9,Latin America and the Caribbean,South America,South America
1,Americas,Floods/TC,Venezuela,VEN,FL,Flood,INFORM risk-score API,5.6,November,High,1,1,2.2,5.6,4.5,Latin America and the Caribbean,South America,South America
1,Americas,Floods/TC,Guatemala,GTM,FL,Flood,INFORM risk-score API,5.1,October,High,1,1,5.1,1.3,0.0,Latin America and the Caribbean,Central America,Central America
1,Americas,Floods/TC,Honduras,HND,FL,Flood,INFORM risk-score API,5.1,October,High,1,1,5.1,1.9,0.6,Latin America and the Caribbean,Central America,Central America
1,Americas,Floods/TC,Nicaragua,NIC,FL,Flood,INFORM risk-score API,5.1,October,High,1,1,5.1,0.0,0.0,Latin America and the Caribbean,Central America,Central America
1,Americas,Floods/TC,Brazil,BRA,FL,Flood,INFORM risk-score API,4.3,December,Medium,2,0,2.2,3.8,4.3,Latin America and the Caribbean,South America,South America
1,Americas,Floods/TC,Cuba,CUB,FL,Flood,INFORM risk-score API,3.6,December,Medium,1,0,1.8,1.8,3.6,Latin America and the Caribbean,Caribbean,Caribbean
1,Americas,Floods/TC,Colombia,COL,FL,Flood,INFORM risk-score API,3.4,November,Low,3,0,2.7,3.4,3.4,Latin America and the Caribbean,South America,South America
1,Americas,Floods/TC,Costa Rica,CRI,FL,Flood,INFORM risk-score API,3.3,October,Low,2,0,3.3,2.6,1.3,Latin America and the Caribbean,Central America,Central America
1,Americas,Floods/TC,Jamaica,JAM,FL,Flood,INFORM risk-score API,3.1,November,Low,1,0,0.0,3.1,0.0,Latin America and the Caribbean,Caribbean,Caribbean
1,Americas,Floods/TC,El Salvador,SLV,FL,Flood,INFORM risk-score API,3.0,October,Low,1,0,3.0,0.0,0.0,Latin America and the Caribbean,Central America,Central America
1,Americas,Floods/TC,Panama,PAN,FL,Flood,INFORM risk-score API,3.0,November,Low,1,0,1.5,3.0,0.8,Latin America and the Caribbean,Central America,Central America
1,Americas,Floods/TC,Haiti,HTI,FL,Flood,INFORM risk-score API,2.6,November,Low,2,0,2.2,2.6,1.3,Latin America and the Caribbean,Caribbean,Caribbean
1,Americas,Floods/TC,Guyana,GUY,FL,Flood,INFORM risk-score API,2.4,December,Low,1,0,0.0,0.0,2.4,Latin America and the Caribbean,South America,South America
1,Americas,Floods/TC,Mexico,MEX,FL,Flood,INFORM risk-score API,2.4,October,Low,1,0,2.4,1.4,0.0,Latin America and the Caribbean,Central America,Central America
1,Americas,Floods/TC,Dominican Republic,DOM,FL,Flood,INFORM risk-score API,2.3,November,Low,1,0,0.0,2.3,0.8,Latin America and the Caribbean,Caribbean,Caribbean
1,Americas,Floods/TC,Peru,PER,FL,Flood,INFORM risk-score API,2.0,December,Very Low,3,0,1.0,0.5,2.0,Latin America and the Caribbean,South America,South America
1,Americas,Floods/TC,United States,USA,FL,Flood,INFORM risk-score API,1.9,October,Very Low,3,0,1.9,1.6,1.9,Northern America,,Northern America
1,Americas,Floods/TC,Bolivia,BOL,FL,Flood,INFORM risk-score API,1.2,December,Very Low,3,0,0.8,0.4,1.2,Latin America and the Caribbean,South America,South America
1,Americas,Floods/TC,Paraguay,PRY,FL,Flood,INFORM risk-score API,1.2,October,Very Low,3,0,1.2,1.2,1.2,Latin America and the Caribbean,South America,South America
1,Americas,Floods/TC,Chile,CHL,FL,Flood,INFORM risk-score API,0.8,October,Very Low,3,0,0.8,0.8,0.0,Latin America and the Caribbean,South America,South America
1,Americas,Floods/TC,Uruguay,URY,FL,Flood,INFORM risk-score API,0.8,October,Very Low,3,0,0.8,0.8,0.8,Latin America and the Caribbean,South America,South America
1,Americas,Floods/TC,Canada,CAN,FL,Flood,INFORM risk-score API,0.6,October,Very Low,3,0,0.6,0.0,0.0,Northern America,,Northern America
1,Americas,Floods/TC,Trinidad and Tobago,TTO,FL,Flood,INFORM risk-score API,0.3,October,Very Low,3,0,0.3,0.0,0.0,Latin America and the Caribbean,Caribbean,Caribbean
1,Americas,Floods/TC,Antigua and Barbuda,ATG,FL,Flood,INFORM risk-score API,0.1,October,Very Low,3,0,0.1,0.1,0.1,Latin America and the Caribbean,Caribbean,Caribbean
1,Americas,Floods/TC,Bahamas,BHS,FL,Flood,INFORM risk-score API,0.1,October,Very Low,3,0,0.1,0.1,0.1,Latin America and the Caribbean,Caribbean,Caribbean
1,Americas,Floods/TC,Barbados,BRB,FL,Flood,INFORM risk-score API,0.1,October,Very Low,3,0,0.1,0.1,0.1,Latin America and the Caribbean,Caribbean,Caribbean
1,Americas,Floods/TC,Dominica,DMA,FL,Flood,INFORM risk-score API,0.1,October,Very Low,3,0,0.1,0.1,0.1,Latin America and the Caribbean,Caribbean,Caribbean
1,Americas,Floods/TC,Grenada,GRD,FL,Flood,INFORM risk-score API,0.1,October,Very Low,3,0,0.1,0.1,0.1,Latin America and the Caribbean,Caribbean,Caribbean
1,Americas,Floods/TC,Saint Kitts and Nevis,KNA,FL,Flood,INFORM risk-score API,0.1,October,Very Low,3,0,0.1,0.1,0.1,Latin America and the Caribbean,Caribbean,Caribbean
1,Americas,Floods/TC,Saint Lucia,LCA,FL,Flood,INFORM risk-score API,0.1,October,Very Low,3,0,0.1,0.1,0.1,Latin America and the Caribbean,Caribbean,Caribbean
1,Americas,Floods/TC,Saint Vincent and the Grenadines,VCT,FL,Flood,INFORM risk-score API,0.1,October,Very Low,3,0,0.1,0.1,0.1,Latin America and the Caribbean,Caribbean,Caribbean
1,Americas,Floods/TC,Ecuador,ECU,FL,Flood,INFORM risk-score API,0.0,October,Very Low,3,0,0.0,0.0,0.0,Latin America and the Caribbean,South America,South America
1,Americas,Floods/TC,Suriname,SUR,FL,Flood,INFORM risk-score API,0.0,October,Very Low,3,0,0.0,0.0,0.0,Latin America and the Caribbean,South America,South America
1,Americas,Floods/TC,Mexico,MEX,TC,Tropical Cyclone,INFORM risk-score API,6.0,October,High,1,1,6.0,2.7,0.4,Latin America and the Caribbean,Central America,Central America
1,Americas,Floods/TC,Bahamas,BHS,TC,Tropical Cyclone,INFORM risk-score API,5.5,October,High,1,1,5.5,1.3,0.2,Latin America and the Caribbean,Caribbean,Caribbean
1,Americas,Floods/TC,United States,USA,TC,Tropical Cyclone,INFORM risk-score API,5.4,October,High,1,1,5.4,2.2,0.6,Northern America,,Northern America
1,Americas,Floods/TC,Antigua and Barbuda,ATG,TC,Tropical Cyclone,INFORM risk-score API,5.0,October,Medium,1,0,5.0,1.2,0.2,Latin America and the Caribbean,Caribbean,Caribbean
1,Americas,Floods/TC,Cuba,CUB,TC,Tropical Cyclone,INFORM risk-score API,4.7,October,Medium,1,0,4.7,1.1,0.1,Latin America and the Caribbean,Caribbean,Caribbean
1,Americas,Floods/TC,Dominican Republic,DOM,TC,Tropical Cyclone,INFORM risk-score API,4.6,October,Medium,1,0,4.6,1.0,0.1,Latin America and the Caribbean,Caribbean,Caribbean
1,Americas,Floods/TC,Dominica,DMA,TC,Tropical Cyclone,INFORM risk-score API,4.5,October,Medium,1,0,4.5,1.1,0.2,Latin America and the Caribbean,Caribbean,Caribbean
1,Americas,Floods/TC,Jamaica,JAM,TC,Tropical Cyclone,INFORM risk-score API,4.5,October,Medium,1,0,4.5,1.1,0.1,Latin America and the Caribbean,Caribbean,Caribbean
1,Americas,Floods/TC,Belize,BLZ,TC,Tropical Cyclone,INFORM risk-score API,4.3,October,Medium,1,0,4.3,1.1,0.2,Latin America and the Caribbean,Central America,Central America
1,Americas,Floods/TC,Haiti,HTI,TC,Tropical Cyclone,INFORM risk-score API,4.3,October,Medium,1,0,4.3,1.0,0.1,Latin America and the Caribbean,Caribbean,Caribbean
1,Americas,Floods/TC,Saint Kitts and Nevis,KNA,TC,Tropical Cyclone,INFORM risk-score API,4.0,October,Medium,1,0,4.0,0.9,0.1,Latin America and the Caribbean,Caribbean,Caribbean
1,Americas,Floods/TC,Guatemala,GTM,TC,Tropical Cyclone,INFORM risk-score API,3.3,October,Low,1,0,3.3,1.4,0.2,Latin America and the Caribbean,Central America,Central America
1,Americas,Floods/TC,Honduras,HND,TC,Tropical Cyclone,INFORM risk-score API,3.3,October,Low,1,0,3.3,1.4,0.2,Latin America and the Caribbean,Central America,Central America
1,Americas,Floods/TC,Saint Lucia,LCA,TC,Tropical Cyclone,INFORM risk-score API,2.9,October,Low,1,0,2.9,0.7,0.1,Latin America and the Caribbean,Caribbean,Caribbean
1,Americas,Floods/TC,Barbados,BRB,TC,Tropical Cyclone,INFORM risk-score API,2.8,October,Low,1,0,2.8,0.7,0.1,Latin America and the Caribbean,Caribbean,Caribbean
1,Americas,Floods/TC,Saint Vincent and the Grenadines,VCT,TC,Tropical Cyclone,INFORM risk-score API,2.7,October,Low,1,0,2.7,0.7,0.1,Latin America and the Caribbean,Caribbean,Caribbean
1,Americas,Floods/TC,Nicaragua,NIC,TC,Tropical Cyclone,INFORM risk-score API,2.6,October,Low,1,0,2.6,1.0,0.1,Latin America and the Caribbean,Central America,Central America
1,Americas,Floods/TC,Colombia,COL,TC,Tropical Cyclone,INFORM risk-score API,2.5,October,Low,1,0,2.5,0.6,0.1,Latin America and the Caribbean,South America,South America
1,Americas,Floods/TC,El Salvador,SLV,TC,Tropical Cyclone,INFORM risk-score API,2.2,October,Low,1,0,2.2,0.4,0.0,Latin America and the Caribbean,Central America,Central America
1,Americas,Floods/TC,Canada,CAN,TC,Tropical Cyclone,INFORM risk-score API,2.0,October,Very Low,3,0,2.0,0.9,0.2,Northern America,,Northern America
1,Americas,Floods/TC,Trinidad and Tobago,TTO,TC,Tropical Cyclone,INFORM risk-score API,1.5,October,Very Low,3,0,1.5,0.4,0.1,Latin America and the Caribbean,Caribbean,Caribbean
1,Americas,Floods/TC,Costa Rica,CRI,TC,Tropical Cyclone,INFORM risk-score API,1.2,October,Very Low,3,0,1.2,0.3,0.1,Latin America and the Caribbean,Central America,Central America
1,Americas,Floods/TC,Grenada,GRD,TC,Tropical Cyclone,INFORM risk-score API,1.1,October,Very Low,3,0,1.1,0.3,0.0,Latin America and the Caribbean,Caribbean,Caribbean
1,Americas,Floods/TC,Argentina,ARG,TC,Tropical Cyclone,INFORM risk-score API,0.0,October,Very Low,3,0,0.0,0.0,0.0,Latin America and the Caribbean,South America,South America
1,Americas,Floods/TC,Bolivia,BOL,TC,Tropical Cyclone,INFORM risk-score API,0.0,October,Very Low,3,0,0.0,0.0,0.0,Latin America and the Caribbean,South America,South America
1,Americas,Floods/TC,Brazil,BRA,TC,Tropical Cyclone,INFORM risk-score API,0.0,October,Very Low,3,0,0.0,0.0,0.0,Latin America and the Caribbean,South America,South America
1,Americas,Floods/TC,Chile,CHL,TC,Tropical Cyclone,INFORM risk-score API,0.0,October,Very Low,3,0,0.0,0.0,0.0,Latin America and the Caribbean,South America,South America
1,Americas,Floods/TC,Ecuador,ECU,TC,Tropical Cyclone,INFORM risk-score API,0.0,October,Very Low,3,0,0.0,0.0,0.0,Latin America and the Caribbean,South America,South America
1,Americas,Floods/TC,Guyana,GUY,TC,Tropical Cyclone,INFORM risk-score API,0.0,October,Very Low,3,0,0.0,0.0,0.0,Latin America and the Caribbean,South America,South America
1,Americas,Floods/TC,Panama,PAN,TC,Tropical Cyclone,INFORM risk-score API,0.0,October,Very Low,3,0,0.0,0.0,0.0,Latin America and the Caribbean,Central America,Central America
1,Americas,Floods/TC,Paraguay,PRY,TC,Tropical Cyclone,INFORM risk-score API,0.0,October,Very Low,3,0,0.0,0.0,0.0,Latin America and the Caribbean,South America,South America
1,Americas,Floods/TC,Peru,PER,TC,Tropical Cyclone,INFORM risk-score API,0.0,October,Very Low,3,0,0.0,0.0,0.0,Latin America and the Caribbean,South America,South America
1,Americas,Floods/TC,Suriname,SUR,TC,Tropical Cyclone,INFORM risk-score API,0.0,October,Very Low,3,0,0.0,0.0,0.0,Latin America and the Caribbean,South America,South America
1,Americas,Floods/TC,Uruguay,URY,TC,Tropical Cyclone,INFORM risk-score API,0.0,October,Very Low,3,0,0.0,0.0,0.0,Latin America and the Caribbean,South America,South America
1,Americas,Floods/TC,Venezuela,VEN,TC,Tropical Cyclone,INFORM risk-score API,0.0,October,Very Low,3,0,0.0,0.0,0.0,Latin America and the Caribbean,South America,South America
1,Americas,Drought/Wildfire,Mexico,MEX,WF,Wildfire,GWIS seasonal API,10.23,December,High,2,2,7.606989565217391,9.764424782608696,10.227157391304349,Latin America and the Caribbean,Central America,Central America
1,Americas,Drought/Wildfire,El Salvador,SLV,WF,Wildfire,GWIS seasonal API,8.25,December,Medium,1,0,0.3257582608695652,2.490044347826087,8.252802608695651,Latin America and the Caribbean,Central America,Central America
1,Americas,Drought/Wildfire,Bolivia,BOL,WF,Wildfire,GWIS seasonal API,6.65,October,Medium,1,0,6.650305217391304,4.063288695652174,1.5154478260869566,Latin America and the Caribbean,South America,South America
1,Americas,Drought/Wildfire,Brazil,BRA,WF,Wildfire,GWIS seasonal API,6.27,October,Medium,1,0,6.273438695652174,3.150151739130435,2.0099547826086956,Latin America and the Caribbean,South America,South America
1,Americas,Drought/Wildfire,Chile,CHL,WF,Wildfire,GWIS seasonal API,6.26,December,Medium,3,0,5.386011739130435,6.102094782608696,6.255481739130435,Latin America and the Caribbean,South America,South America
1,Americas,Drought/Wildfire,Paraguay,PRY,WF,Wildfire,GWIS seasonal API,6.03,October,Medium,1,0,6.029763913043479,4.132989565217391,3.5586908695652175,Latin America and the Caribbean,South America,South America
1,Americas,Drought/Wildfire,United States,USA,WF,Wildfire,GWIS seasonal API,5.12,October,Medium,1,0,5.124532608695652,3.063492173913043,1.5889139130434784,Northern America,,Northern America
1,Americas,Drought/Wildfire,Uruguay,URY,WF,Wildfire,GWIS seasonal API,4.55,December,Low,2,0,1.0734060869565216,2.728281304347826,4.5467443478260865,Latin America and the Caribbean,South America,South America
1,Americas,Drought/Wildfire,Cuba,CUB,WF,Wildfire,GWIS seasonal API,4.07,December,Low,2,0,0.7349091304347826,2.3229278260869566,4.0677134782608695,Latin America and the Caribbean,Caribbean,Caribbean
1,Americas,Drought/Wildfire,Suriname,SUR,WF,Wildfire,GWIS seasonal API,3.63,October,Low,2,0,3.63275,2.296683913043478,0.7647269565217393,Latin America and the Caribbean,South America,South America
1,Americas,Drought/Wildfire,Nicaragua,NIC,WF,Wildfire,GWIS seasonal API,3.18,December,Low,1,0,0.12349695652173913,0.7574578260869566,3.181657391304348,Latin America and the Caribbean,Central America,Central America
1,Americas,Drought/Wildfire,Venezuela,VEN,WF,Wildfire,GWIS seasonal API,2.45,December,Low,1,0,0.5349839130434783,0.5885782608695651,2.4501991304347825,Latin America and the Caribbean,South America,South America
1,Americas,Drought/Wildfire,Jamaica,JAM,WF,Wildfire,GWIS seasonal API,2.43,December,Low,1,0,0.38174739130434787,0.8397513043478261,2.4262947826086956,Latin America and the Caribbean,Caribbean,Caribbean
1,Americas,Drought/Wildfire,Dominican Republic,DOM,WF,Wildfire,GWIS seasonal API,2.24,December,Low,1,0,0.988916956521739,1.0903304347826086,2.2377982608695652,Latin America and the Caribbean,Caribbean,Caribbean
1,Americas,Drought/Wildfire,Saint Lucia,LCA,WF,Wildfire,GWIS seasonal API,1.91,December,Very Low,3,0,0.40282347826086956,0.5434947826086957,1.9142921739130434,Latin America and the Caribbean,Caribbean,Caribbean
1,Americas,Drought/Wildfire,Peru,PER,WF,Wildfire,GWIS seasonal API,1.75,October,Very Low,3,0,1.75063,1.49273,0.85005,Latin America and the Caribbean,South America,South America
1,Americas,Drought/Wildfire,Bahamas,BHS,WF,Wildfire,GWIS seasonal API,1.69,December,Very Low,3,0,0.4475391304347826,1.200838695652174,1.69043,Latin America and the Caribbean,Caribbean,Caribbean
1,Americas,Drought/Wildfire,Guatemala,GTM,WF,Wildfire,GWIS seasonal API,1.36,December,Very Low,3,0,0.15908565217391304,0.4479304347826087,1.364818695652174,Latin America and the Caribbean,Central America,Central America
1,Americas,Drought/Wildfire,Guyana,GUY,WF,Wildfire,GWIS seasonal API,1.35,October,Very Low,3,0,1.3507634782608695,0.9867813043478261,0.9476808695652174,Latin America and the Caribbean,South America,South America
1,Americas,Drought/Wildfire,Dominica,DMA,WF,Wildfire,GWIS seasonal API,1.22,December,Very Low,3,0,0.2609304347826087,0.4315260869565218,1.2193186956521738,Latin America and the Caribbean,Caribbean,Caribbean
1,Americas,Drought/Wildfire,Costa Rica,CRI,WF,Wildfire,GWIS seasonal API,1.17,December,Very Low,3,0,0.015471739130434783,0.19457086956521738,1.1745060869565218,Latin America and the Caribbean,Central America,Central America
1,Americas,Drought/Wildfire,Ecuador,ECU,WF,Wildfire,GWIS seasonal API,1.11,November,Very Low,3,0,1.1069260869565216,1.1099073913043478,0.7539273913043479,Latin America and the Caribbean,South America,South America
1,Americas,Drought/Wildfire,Antigua and Barbuda,ATG,WF,Wildfire,GWIS seasonal API,1.02,December,Very Low,3,0,0.21647130434782608,0.42428956521739125,1.0225160869565217,Latin America and the Caribbean,Caribbean,Caribbean
1,Americas,Drought/Wildfire,Colombia,COL,WF,Wildfire,GWIS seasonal API,0.93,December,Very Low,3,0,0.19907652173913043,0.12077434782608697,0.9258504347826088,Latin America and the Caribbean,South America,South America
1,Americas,Drought/Wildfire,Saint Kitts and Nevis,KNA,WF,Wildfire,GWIS seasonal API,0.88,December,Very Low,3,0,0.23391869565217388,0.37873043478260865,0.8765195652173913,Latin America and the Caribbean,Caribbean,Caribbean
1,Americas,Drought/Wildfire,Barbados,BRB,WF,Wildfire,GWIS seasonal API,0.81,December,Very Low,3,0,0.13746434782608696,0.19836434782608697,0.8060217391304347,Latin America and the Caribbean,Caribbean,Caribbean
1,Americas,Drought/Wildfire,Saint Vincent and the Grenadines,VCT,WF,Wildfire,GWIS seasonal API,0.74,December,Very Low,3,0,0.1182404347826087,0.16768304347826088,0.7448647826086956,Latin America and the Caribbean,Caribbean,Caribbean
1,Americas,Drought/Wildfire,Grenada,GRD,WF,Wildfire,GWIS seasonal API,0.4,December,Very Low,3,0,0.08196434782608696,0.08851956521739131,0.397025652173913,Latin America and the Caribbean,Caribbean,Caribbean
1,Americas,Drought/Wildfire,Belize,BLZ,WF,Wildfire,GWIS seasonal API,0.37,December,Very Low,3,0,0.15100782608695654,0.22507347826086957,0.371775652173913,Latin America and the Caribbean,Central America,Central America
1,Americas,Drought/Wildfire,Canada,CAN,WF,Wildfire,GWIS seasonal API,0.22,October,Very Low,3,0,0.22066173913043477,0.04110086956521739,0.008419565217391303,Northern America,,Northern America
2,Asia-Pacific,Drought/Wildfire,Australia,AUS,DR,Drought,INFORM risk-score API,6.5,October,High,1,1,6.5,4.1,3.9,Australia and New Zealand,,Australia and New Zealand
2,Asia-Pacific,Drought/Wildfire,"Micronesia, Federated States of",FSM,DR,Drought,INFORM risk-score API,5.4,October,High,3,3,5.4,5.4,5.4,Micronesia,,Micronesia
2,Asia-Pacific,Drought/Wildfire,Thailand,THA,DR,Drought,INFORM risk-score API,5.1,October,High,1,1,5.1,5.0,5.0,South-eastern Asia,,South-eastern Asia
2,Asia-Pacific,Drought/Wildfire,India,IND,DR,Drought,INFORM risk-score API,4.9,October,Medium,3,0,4.9,4.6,4.9,Southern Asia,,Southern Asia
2,Asia-Pacific,Drought/Wildfire,Afghanistan,AFG,DR,Drought,INFORM risk-score API,4.6,October,Medium,3,0,4.6,4.0,3.9,Southern Asia,,Southern Asia
2,Asia-Pacific,Drought/Wildfire,China,CHN,DR,Drought,INFORM risk-score API,4.6,October,Medium,3,0,4.6,4.6,4.6,Eastern Asia,,Eastern Asia
2,Asia-Pacific,Drought/Wildfire,Pakistan,PAK,DR,Drought,INFORM risk-score API,4.3,December,Medium,3,0,3.8,3.7,4.3,Southern Asia,,Southern Asia
2,Asia-Pacific,Drought/Wildfire,Bangladesh,BGD,DR,Drought,INFORM risk-score API,4.0,December,Medium,3,0,3.7,3.7,4.0,Southern Asia,,Southern Asia
2,Asia-Pacific,Drought/Wildfire,Cambodia,KHM,DR,Drought,INFORM risk-score API,4.0,October,Medium,3,0,4.0,3.9,3.8,South-eastern Asia,,South-eastern Asia
2,Asia-Pacific,Drought/Wildfire,Kiribati,KIR,DR,Drought,INFORM risk-score API,3.8,October,Medium,3,0,3.8,3.8,3.8,Micronesia,,Micronesia
2,Asia-Pacific,Drought/Wildfire,Philippines,PHL,DR,Drought,INFORM risk-score API,3.7,December,Medium,3,0,3.6,3.6,3.7,South-eastern Asia,,South-eastern Asia
2,Asia-Pacific,Drought/Wildfire,Sri Lanka,LKA,DR,Drought,INFORM risk-score API,3.5,October,Low,3,0,3.5,3.5,3.5,Southern Asia,,Southern Asia
2,Asia-Pacific,Drought/Wildfire,Indonesia,IDN,DR,Drought,INFORM risk-score API,3.4,November,Low,3,0,3.0,3.4,3.4,South-eastern Asia,,South-eastern Asia
2,Asia-Pacific,Drought/Wildfire,Marshall Islands,MHL,DR,Drought,INFORM risk-score API,3.4,October,Low,3,0,3.4,3.4,3.4,Micronesia,,Micronesia
2,Asia-Pacific,Drought/Wildfire,Viet Nam,VNM,DR,Drought,INFORM risk-score API,3.4,October,Low,3,0,3.4,3.4,3.4,South-eastern Asia,,South-eastern Asia
2,Asia-Pacific,Drought/Wildfire,Democratic People's Republic of Korea,PRK,DR,Drought,INFORM risk-score API,3.3,October,Low,3,0,3.3,3.3,3.3,Eastern Asia,,Eastern Asia
2,Asia-Pacific,Drought/Wildfire,Mongolia,MNG,DR,Drought,INFORM risk-score API,3.3,October,Low,1,0,3.3,1.8,1.7,Eastern Asia,,Eastern Asia
2,Asia-Pacific,Drought/Wildfire,Malaysia,MYS,DR,Drought,INFORM risk-score API,3.2,December,Low,3,0,2.4,3.0,3.2,South-eastern Asia,,South-eastern Asia
2,Asia-Pacific,Drought/Wildfire,Papua New Guinea,PNG,DR,Drought,INFORM risk-score API,2.5,October,Low,3,0,2.5,2.5,2.5,Melanesia,,Melanesia
2,Asia-Pacific,Drought/Wildfire,Lao People's Democratic Republic,LAO,DR,Drought,INFORM risk-score API,2.4,October,Low,3,0,2.4,2.4,2.4,South-eastern Asia,,South-eastern Asia
2,Asia-Pacific,Drought/Wildfire,Fiji,FJI,DR,Drought,INFORM risk-score API,2.0,October,Very Low,3,0,2.0,2.0,2.0,Melanesia,,Melanesia
2,Asia-Pacific,Drought/Wildfire,Nepal,NPL,DR,Drought,INFORM risk-score API,1.9,October,Very Low,3,0,1.9,1.8,1.9,Southern Asia,,Southern Asia
2,Asia-Pacific,Drought/Wildfire,Timor-Leste,TLS,DR,Drought,INFORM risk-score API,1.5,October,Very Low,3,0,1.5,1.5,1.5,South-eastern Asia,,South-eastern Asia
2,Asia-Pacific,Drought/Wildfire,Solomon Islands,SLB,DR,Drought,INFORM risk-score API,0.8,October,Very Low,3,0,0.8,0.8,0.8,Melanesia,,Melanesia
2,Asia-Pacific,Drought/Wildfire,New Zealand,NZL,DR,Drought,INFORM risk-score API,0.5,October,Very Low,3,0,0.5,0.5,0.5,Australia and New Zealand,,Australia and New Zealand
2,Asia-Pacific,Drought/Wildfire,Samoa,WSM,DR,Drought,INFORM risk-score API,0.5,October,Very Low,3,0,0.5,0.5,0.5,Polynesia,,Polynesia
2,Asia-Pacific,Drought/Wildfire,Tonga,TON,DR,Drought,INFORM risk-score API,0.5,October,Very Low,3,0,0.5,0.5,0.5,Polynesia,,Polynesia
2,Asia-Pacific,Drought/Wildfire,Tuvalu,TUV,DR,Drought,INFORM risk-score API,0.5,October,Very Low,3,0,0.5,0.5,0.5,Polynesia,,Polynesia
2,Asia-Pacific,Drought/Wildfire,Myanmar,MMR,DR,Drought,INFORM risk-score API,0.4,October,Very Low,3,0,0.4,0.2,0.2,South-eastern Asia,,South-eastern Asia
2,Asia-Pacific,Drought/Wildfire,Republic of Korea,KOR,DR,Drought,INFORM risk-score API,0.3,October,Very Low,3,0,0.3,0.3,0.3,Eastern Asia,,Eastern Asia
2,Asia-Pacific,Drought/Wildfire,Bhutan,BTN,DR,Drought,INFORM risk-score API,0.0,October,Very Low,3,0,0.0,0.0,0.0,Southern Asia,,Southern Asia
2,Asia-Pacific,Drought/Wildfire,Brunei Darussalam,BRN,DR,Drought,INFORM risk-score API,0.0,October,Very Low,3,0,0.0,0.0,0.0,South-eastern Asia,,South-eastern Asia
2,Asia-Pacific,Drought/Wildfire,Japan,JPN,DR,Drought,INFORM risk-score API,0.0,October,Very Low,3,0,0.0,0.0,0.0,Eastern Asia,,Eastern Asia
2,Asia-Pacific,Drought/Wildfire,Maldives,MDV,DR,Drought,INFORM risk-score API,0.0,October,Very Low,3,0,0.0,0.0,0.0,Southern Asia,,Southern Asia
2,Asia-Pacific,Drought/Wildfire,Palau,PLW,DR,Drought,INFORM risk-score API,0.0,October,Very Low,3,0,0.0,0.0,0.0,Micronesia,,Micronesia
2,Asia-Pacific,Drought/Wildfire,Singapore,SGP,DR,Drought,INFORM risk-score API,0.0,October,Very Low,3,0,0.0,0.0,0.0,South-eastern Asia,,South-eastern Asia
2,Asia-Pacific,Drought/Wildfire,Vanuatu,VUT,DR,Drought,INFORM risk-score API,0.0,October,Very Low,3,0,0.0,0.0,0.0,Melanesia,,Melanesia
2,Asia-Pacific,Floods/TC,Viet Nam,VNM,FL,Flood,INFORM risk-score API,10.0,October,Very High,2,2,10.0,8.3,2.8,South-eastern Asia,,South-eastern Asia
2,Asia-Pacific,Floods/TC,Thailand,THA,FL,Flood,INFORM risk-score API,8.8,December,Very High,3,3,6.6,6.6,8.8,South-eastern Asia,,South-eastern Asia
2,Asia-Pacific,Floods/TC,Malaysia,MYS,FL,Flood,INFORM risk-score API,6.6,December,Very High,1,1,1.4,3.8,6.6,South-eastern Asia,,South-eastern Asia
2,Asia-Pacific,Floods/TC,Sri Lanka,LKA,FL,Flood,INFORM risk-score API,6.1,December,High,1,1,1.8,4.9,6.1,Southern Asia,,Southern Asia
2,Asia-Pacific,Floods/TC,Cambodia,KHM,FL,Flood,INFORM risk-score API,5.9,November,High,1,1,3.6,5.9,0.0,South-eastern Asia,,South-eastern Asia
2,Asia-Pacific,Floods/TC,Indonesia,IDN,FL,Flood,INFORM risk-score API,5.8,December,High,1,1,2.0,4.1,5.8,South-eastern Asia,,South-eastern Asia
2,Asia-Pacific,Floods/TC,Papua New Guinea,PNG,FL,Flood,INFORM risk-score API,5.0,December,Medium,1,0,0.0,0.0,5.0,Melanesia,,Melanesia
2,Asia-Pacific,Floods/TC,Bangladesh,BGD,FL,Flood,INFORM risk-score API,4.2,October,Medium,1,0,4.2,0.0,0.0,Southern Asia,,Southern Asia
2,Asia-Pacific,Floods/TC,India,IND,FL,Flood,INFORM risk-score API,3.8,October,Medium,1,0,3.8,1.3,0.6,Southern Asia,,Southern Asia
2,Asia-Pacific,Floods/TC,Myanmar,MMR,FL,Flood,INFORM risk-score API,3.3,October,Low,1,0,3.3,0.0,0.0,South-eastern Asia,,South-eastern Asia
2,Asia-Pacific,Floods/TC,Philippines,PHL,FL,Flood,INFORM risk-score API,2.7,November,Low,3,0,2.3,2.7,2.7,South-eastern Asia,,South-eastern Asia
2,Asia-Pacific,Floods/TC,Democratic People's Republic of Korea,PRK,FL,Flood,INFORM risk-score API,1.6,October,Very Low,3,0,1.6,0.0,0.0,Eastern Asia,,Eastern Asia
2,Asia-Pacific,Floods/TC,China,CHN,FL,Flood,INFORM risk-score API,1.2,October,Very Low,3,0,1.2,0.5,0.2,Eastern Asia,,Eastern Asia
2,Asia-Pacific,Floods/TC,Timor-Leste,TLS,FL,Flood,INFORM risk-score API,1.1,December,Very Low,3,0,0.0,0.0,1.1,South-eastern Asia,,South-eastern Asia
2,Asia-Pacific,Floods/TC,Lao People's Democratic Republic,LAO,FL,Flood,INFORM risk-score API,1.0,October,Very Low,3,0,1.0,0.0,0.0,South-eastern Asia,,South-eastern Asia
2,Asia-Pacific,Floods/TC,Afghanistan,AFG,FL,Flood,INFORM risk-score API,0.8,December,Very Low,3,0,0.0,0.4,0.8,Southern Asia,,Southern Asia
2,Asia-Pacific,Floods/TC,Nepal,NPL,FL,Flood,INFORM risk-score API,0.8,October,Very Low,3,0,0.8,0.0,0.0,Southern Asia,,Southern Asia
2,Asia-Pacific,Floods/TC,Pakistan,PAK,FL,Flood,INFORM risk-score API,0.7,October,Very Low,3,0,0.7,0.4,0.4,Southern Asia,,Southern Asia
2,Asia-Pacific,Floods/TC,Japan,JPN,FL,Flood,INFORM risk-score API,0.3,November,Very Low,3,0,0.0,0.3,0.0,Eastern Asia,,Eastern Asia
2,Asia-Pacific,Floods/TC,Fiji,FJI,FL,Flood,INFORM risk-score API,0.1,October,Very Low,3,0,0.1,0.1,0.1,Melanesia,,Melanesia
2,Asia-Pacific,Floods/TC,Kiribati,KIR,FL,Flood,INFORM risk-score API,0.1,October,Very Low,3,0,0.1,0.1,0.1,Micronesia,,Micronesia
2,Asia-Pacific,Floods/TC,Maldives,MDV,FL,Flood,INFORM risk-score API,0.1,October,Very Low,3,0,0.1,0.1,0.1,Southern Asia,,Southern Asia
2,Asia-Pacific,Floods/TC,Marshall Islands,MHL,FL,Flood,INFORM risk-score API,0.1,October,Very Low,3,0,0.1,0.1,0.1,Micronesia,,Micronesia
2,Asia-Pacific,Floods/TC,"Micronesia, Federated States of",FSM,FL,Flood,INFORM risk-score API,0.1,October,Very Low,3,0,0.1,0.1,0.1,Micronesia,,Micronesia
2,Asia-Pacific,Floods/TC,Palau,PLW,FL,Flood,INFORM risk-score API,0.1,October,Very Low,3,0,0.1,0.1,0.1,Micronesia,,Micronesia
2,Asia-Pacific,Floods/TC,Samoa,WSM,FL,Flood,INFORM risk-score API,0.1,October,Very Low,3,0,0.1,0.1,0.1,Polynesia,,Polynesia
2,Asia-Pacific,Floods/TC,Singapore,SGP,FL,Flood,INFORM risk-score API,0.1,October,Very Low,3,0,0.1,0.1,0.1,South-eastern Asia,,South-eastern Asia
2,Asia-Pacific,Floods/TC,Solomon Islands,SLB,FL,Flood,INFORM risk-score API,0.1,October,Very Low,3,0,0.1,0.1,0.1,Melanesia,,Melanesia
2,Asia-Pacific,Floods/TC,Tonga,TON,FL,Flood,INFORM risk-score API,0.1,October,Very Low,3,0,0.1,0.1,0.1,Polynesia,,Polynesia
2,Asia-Pacific,Floods/TC,Tuvalu,TUV,FL,Flood,INFORM risk-score API,0.1,October,Very Low,3,0,0.1,0.1,0.1,Polynesia,,Polynesia
2,Asia-Pacific,Floods/TC,Vanuatu,VUT,FL,Flood,INFORM risk-score API,0.1,October,Very Low,3,0,0.1,0.1,0.1,Melanesia,,Melanesia
2,Asia-Pacific,Floods/TC,Australia,AUS,FL,Flood,INFORM risk-score API,0.0,October,Very Low,3,0,0.0,0.0,0.0,Australia and New Zealand,,Australia and New Zealand
2,Asia-Pacific,Floods/TC,Bhutan,BTN,FL,Flood,INFORM risk-score API,0.0,October,Very Low,3,0,0.0,0.0,0.0,Southern Asia,,Southern Asia
2,Asia-Pacific,Floods/TC,Brunei Darussalam,BRN,FL,Flood,INFORM risk-score API,0.0,October,Very Low,3,0,0.0,0.0,0.0,South-eastern Asia,,South-eastern Asia
2,Asia-Pacific,Floods/TC,Mongolia,MNG,FL,Flood,INFORM risk-score API,0.0,October,Very Low,3,0,0.0,0.0,0.0,Eastern Asia,,Eastern Asia
2,Asia-Pacific,Floods/TC,New Zealand,NZL,FL,Flood,INFORM risk-score API,0.0,October,Very Low,3,0,0.0,0.0,0.0,Australia and New Zealand,,Australia and New Zealand
2,Asia-Pacific,Floods/TC,Republic of Korea,KOR,FL,Flood,INFORM risk-score API,0.0,October,Very Low,3,0,0.0,0.0,0.0,Eastern Asia,,Eastern Asia
2,Asia-Pacific,Floods/TC,Japan,JPN,TC,Tropical Cyclone,INFORM risk-score API,7.3,October,Very High,1,1,7.3,3.9,2.1,Eastern Asia,,Eastern Asia
2,Asia-Pacific,Floods/TC,Philippines,PHL,TC,Tropical Cyclone,INFORM risk-score API,6.8,October,Very High,1,1,6.8,3.7,2.0,South-eastern Asia,,South-eastern Asia
2,Asia-Pacific,Floods/TC,India,IND,TC,Tropical Cyclone,INFORM risk-score API,6.7,November,Very High,1,1,3.0,6.7,3.6,Southern Asia,,Southern Asia
2,Asia-Pacific,Floods/TC,Bangladesh,BGD,TC,Tropical Cyclone,INFORM risk-score API,6.2,November,High,1,1,3.1,6.2,3.6,Southern Asia,,Southern Asia
2,Asia-Pacific,Floods/TC,China,CHN,TC,Tropical Cyclone,INFORM risk-score API,5.9,October,High,1,1,5.9,3.6,2.0,Eastern Asia,,Eastern Asia
2,Asia-Pacific,Floods/TC,Republic of Korea,KOR,TC,Tropical Cyclone,INFORM risk-score API,5.6,October,High,1,1,5.6,2.8,1.5,Eastern Asia,,Eastern Asia
2,Asia-Pacific,Floods/TC,Viet Nam,VNM,TC,Tropical Cyclone,INFORM risk-score API,5.4,October,High,1,1,5.4,2.8,1.5,South-eastern Asia,,South-eastern Asia
2,Asia-Pacific,Floods/TC,Democratic People's Republic of Korea,PRK,TC,Tropical Cyclone,INFORM risk-score API,4.5,October,Medium,1,0,4.5,2.3,1.2,Eastern Asia,,Eastern Asia
2,Asia-Pacific,Floods/TC,Indonesia,IDN,TC,Tropical Cyclone,INFORM risk-score API,4.3,December,Medium,2,0,4.0,2.6,4.3,South-eastern Asia,,South-eastern Asia
2,Asia-Pacific,Floods/TC,Myanmar,MMR,TC,Tropical Cyclone,INFORM risk-score API,4.3,October,Medium,1,0,4.3,2.7,1.5,South-eastern Asia,,South-eastern Asia
2,Asia-Pacific,Floods/TC,Pakistan,PAK,TC,Tropical Cyclone,INFORM risk-score API,3.6,November,Medium,1,0,1.8,3.6,2.2,Southern Asia,,Southern Asia
2,Asia-Pacific,Floods/TC,Sri Lanka,LKA,TC,Tropical Cyclone,INFORM risk-score API,3.6,November,Medium,1,0,1.7,3.6,2.4,Southern Asia,,Southern Asia
2,Asia-Pacific,Floods/TC,Thailand,THA,TC,Tropical Cyclone,INFORM risk-score API,3.6,October,Medium,1,0,3.6,2.2,1.2,South-eastern Asia,,South-eastern Asia
2,Asia-Pacific,Floods/TC,Palau,PLW,TC,Tropical Cyclone,INFORM risk-score API,3.1,October,Low,1,0,3.1,1.6,0.8,Micronesia,,Micronesia
2,Asia-Pacific,Floods/TC,Tonga,TON,TC,Tropical Cyclone,INFORM risk-score API,3.1,December,Low,1,0,0.2,0.5,3.1,Polynesia,,Polynesia
2,Asia-Pacific,Floods/TC,Australia,AUS,TC,Tropical Cyclone,INFORM risk-score API,2.7,December,Low,1,0,0.2,0.6,2.7,Australia and New Zealand,,Australia and New Zealand
2,Asia-Pacific,Floods/TC,Cambodia,KHM,TC,Tropical Cyclone,INFORM risk-score API,2.7,October,Low,1,0,2.7,1.4,0.7,South-eastern Asia,,South-eastern Asia
2,Asia-Pacific,Floods/TC,Vanuatu,VUT,TC,Tropical Cyclone,INFORM risk-score API,2.7,December,Low,1,0,0.2,0.6,2.7,Melanesia,,Melanesia
2,Asia-Pacific,Floods/TC,Timor-Leste,TLS,TC,Tropical Cyclone,INFORM risk-score API,2.6,December,Low,1,0,0.2,0.6,2.6,South-eastern Asia,,South-eastern Asia
2,Asia-Pacific,Floods/TC,Solomon Islands,SLB,TC,Tropical Cyclone,INFORM risk-score API,2.5,December,Low,1,0,0.2,0.6,2.5,Melanesia,,Melanesia
2,Asia-Pacific,Floods/TC,Samoa,WSM,TC,Tropical Cyclone,INFORM risk-score API,2.3,December,Low,1,0,0.1,0.4,2.3,Polynesia,,Polynesia
2,Asia-Pacific,Floods/TC,Lao People's Democratic Republic,LAO,TC,Tropical Cyclone,INFORM risk-score API,2.1,October,Low,1,0,2.1,1.0,0.5,South-eastern Asia,,South-eastern Asia
2,Asia-Pacific,Floods/TC,Malaysia,MYS,TC,Tropical Cyclone,INFORM risk-score API,2.1,October,Low,1,0,2.1,1.1,0.6,South-eastern Asia,,South-eastern Asia
2,Asia-Pacific,Floods/TC,New Zealand,NZL,TC,Tropical Cyclone,INFORM risk-score API,2.0,December,Very Low,3,0,0.1,0.5,2.0,Australia and New Zealand,,Australia and New Zealand
2,Asia-Pacific,Floods/TC,Fiji,FJI,TC,Tropical Cyclone,INFORM risk-score API,1.8,December,Very Low,3,0,0.1,0.4,1.8,Melanesia,,Melanesia
2,Asia-Pacific,Floods/TC,Papua New Guinea,PNG,TC,Tropical Cyclone,INFORM risk-score API,1.5,December,Very Low,3,0,0.1,0.4,1.5,Melanesia,,Melanesia
2,Asia-Pacific,Floods/TC,Marshall Islands,MHL,TC,Tropical Cyclone,INFORM risk-score API,0.2,October,Very Low,3,0,0.2,0.2,0.1,Micronesia,,Micronesia
2,Asia-Pacific,Floods/TC,Afghanistan,AFG,TC,Tropical Cyclone,INFORM risk-score API,0.0,October,Very Low,3,0,0.0,0.0,0.0,Southern Asia,,Southern Asia
2,Asia-Pacific,Floods/TC,Bhutan,BTN,TC,Tropical Cyclone,INFORM risk-score API,0.0,October,Very Low,3,0,0.0,0.0,0.0,Southern Asia,,Southern Asia
2,Asia-Pacific,Floods/TC,Brunei Darussalam,BRN,TC,Tropical Cyclone,INFORM risk-score API,0.0,October,Very Low,3,0,0.0,0.0,0.0,South-eastern Asia,,South-eastern Asia
2,Asia-Pacific,Floods/TC,Kiribati,KIR,TC,Tropical Cyclone,INFORM risk-score API,0.0,October,Very Low,3,0,0.0,0.0,0.0,Micronesia,,Micronesia
2,Asia-Pacific,Floods/TC,Maldives,MDV,TC,Tropical Cyclone,INFORM risk-score API,0.0,October,Very Low,3,0,0.0,0.0,0.0,Southern Asia,,Southern Asia
2,Asia-Pacific,Floods/TC,"Micronesia, Federated States of",FSM,TC,Tropical Cyclone,INFORM risk-score API,0.0,October,Very Low,3,0,0.0,0.0,0.0,Micronesia,,Micronesia
2,Asia-Pacific,Floods/TC,Mongolia,MNG,TC,Tropical Cyclone,INFORM risk-score API,0.0,October,Very Low,3,0,0.0,0.0,0.0,Eastern Asia,,Eastern Asia
2,Asia-Pacific,Floods/TC,Nepal,NPL,TC,Tropical Cyclone,INFORM risk-score API,0.0,October,Very Low,3,0,0.0,0.0,0.0,Southern Asia,,Southern Asia
2,Asia-Pacific,Floods/TC,Singapore,SGP,TC,Tropical Cyclone,INFORM risk-score API,0.0,October,Very Low,3,0,0.0,0.0,0.0,South-eastern Asia,,South-eastern Asia
2,Asia-Pacific,Floods/TC,Tuvalu,TUV,TC,Tropical Cyclone,INFORM risk-score API,0.0,October,Very Low,3,0,0.0,0.0,0.0,Polynesia,,Polynesia
2,Asia-Pacific,Drought/Wildfire,Tuvalu,TUV,WF,Wildfire,GWIS seasonal API,38.48,October,Very High,3,3,38.47743391304348,38.47743391304348,38.47743391304348,Polynesia,,Polynesia
2,Asia-Pacific,Drought/Wildfire,Australia,AUS,WF,Wildfire,GWIS seasonal API,34.94,October,Very High,3,3,34.941975652173916,31.125135652173913,28.11768695652174,Australia and New Zealand,,Australia and New Zealand
2,Asia-Pacific,Drought/Wildfire,Afghanistan,AFG,WF,Wildfire,GWIS seasonal API,20.74,October,Very High,1,1,20.739945652173912,7.69992043478261,3.7339499999999997,Southern Asia,,Southern Asia
2,Asia-Pacific,Drought/Wildfire,Pakistan,PAK,WF,Wildfire,GWIS seasonal API,18.39,October,Very High,1,3,18.38627608695652,14.770625217391304,11.290033913043477,Southern Asia,,Southern Asia
2,Asia-Pacific,Drought/Wildfire,Kiribati,KIR,WF,Wildfire,GWIS seasonal API,17.78,October,Very High,3,3,17.78428391304348,17.78428391304348,17.78428391304348,Micronesia,,Micronesia
2,Asia-Pacific,Drought/Wildfire,Timor-Leste,TLS,WF,Wildfire,GWIS seasonal API,9.44,October,High,1,1,9.44429,5.626503043478261,0.8323126086956522,South-eastern Asia,,South-eastern Asia
2,Asia-Pacific,Drought/Wildfire,India,IND,WF,Wildfire,GWIS seasonal API,8.42,December,Medium,3,0,5.305807826086957,7.933168695652174,8.42323739130435,Southern Asia,,Southern Asia
2,Asia-Pacific,Drought/Wildfire,Marshall Islands,MHL,WF,Wildfire,GWIS seasonal API,5.94,October,Medium,3,0,5.941717826086956,5.941717826086956,5.941717826086956,Micronesia,,Micronesia
2,Asia-Pacific,Drought/Wildfire,Thailand,THA,WF,Wildfire,GWIS seasonal API,5.54,December,Medium,1,0,0.5114365217391305,2.3656230434782612,5.535422173913044,South-eastern Asia,,South-eastern Asia
2,Asia-Pacific,Drought/Wildfire,Cambodia,KHM,WF,Wildfire,GWIS seasonal API,5.25,December,Medium,1,0,0.23105521739130436,1.5118382608695653,5.251857826086956,South-eastern Asia,,South-eastern Asia
2,Asia-Pacific,Drought/Wildfire,Bangladesh,BGD,WF,Wildfire,GWIS seasonal API,4.44,December,Low,2,0,0.31565608695652175,2.4436782608695653,4.442276521739131,Southern Asia,,Southern Asia
2,Asia-Pacific,Drought/Wildfire,Mongolia,MNG,WF,Wildfire,GWIS seasonal API,4.34,October,Low,2,0,4.335420434782608,2.5586226086956523,1.1623108695652173,Eastern Asia,,Eastern Asia
2,Asia-Pacific,Drought/Wildfire,Lao People's Democratic Republic,LAO,WF,Wildfire,GWIS seasonal API,3.73,December,Low,1,0,0.6011639130434784,1.9681234782608696,3.7282756521739127,South-eastern Asia,,South-eastern Asia
2,Asia-Pacific,Drought/Wildfire,Myanmar,MMR,WF,Wildfire,GWIS seasonal API,3.57,December,Low,1,0,0.15984304347826087,1.36988,3.565635217391304,South-eastern Asia,,South-eastern Asia
2,Asia-Pacific,Drought/Wildfire,China,CHN,WF,Wildfire,GWIS seasonal API,3.09,October,Low,3,0,3.0905208695652173,2.553286086956522,2.115718695652174,Eastern Asia,,Eastern Asia
2,Asia-Pacific,Drought/Wildfire,Nepal,NPL,WF,Wildfire,GWIS seasonal API,2.37,December,Low,1,0,0.7020004347826088,1.9619682608695652,2.365023043478261,Southern Asia,,Southern Asia
2,Asia-Pacific,Drought/Wildfire,Sri Lanka,LKA,WF,Wildfire,GWIS seasonal API,1.94,October,Very Low,3,0,1.938954347826087,0.10852391304347828,0.3369926086956522,Southern Asia,,Southern Asia
2,Asia-Pacific,Drought/Wildfire,Viet Nam,VNM,WF,Wildfire,GWIS seasonal API,1.54,December,Very Low,3,0,0.3140173913043478,0.7456260869565218,1.5391921739130436,South-eastern Asia,,South-eastern Asia
2,Asia-Pacific,Drought/Wildfire,Republic of Korea,KOR,WF,Wildfire,GWIS seasonal API,1.31,October,Very Low,3,0,1.306171304347826,0.9252430434782609,0.47986565217391297,Eastern Asia,,Eastern Asia
2,Asia-Pacific,Drought/Wildfire,Indonesia,IDN,WF,Wildfire,GWIS seasonal API,1.24,October,Very Low,3,0,1.241596086956522,0.3713913043478261,0.05700913043478261,South-eastern Asia,,South-eastern Asia
2,Asia-Pacific,Drought/Wildfire,Cook Islands,COK,WF,Wildfire,GWIS seasonal API,1.19,October,Very Low,3,0,1.1922769565217393,0.8892786956521739,0.5894378260869566,Polynesia,,Polynesia
2,Asia-Pacific,Drought/Wildfire,Vanuatu,VUT,WF,Wildfire,GWIS seasonal API,1.13,October,Very Low,3,0,1.1312795652173913,0.7256165217391305,0.2759521739130435,Melanesia,,Melanesia
2,Asia-Pacific,Drought/Wildfire,Democratic People's Republic of Korea,PRK,WF,Wildfire,GWIS seasonal API,0.98,October,Very Low,3,0,0.9751126086956521,0.4105960869565217,0.12042434782608695,Eastern Asia,,Eastern Asia
2,Asia-Pacific,Drought/Wildfire,Tonga,TON,WF,Wildfire,GWIS seasonal API,0.95,December,Very Low,3,0,0.9235973913043479,0.838604347826087,0.9500073913043477,Polynesia,,Polynesia
2,Asia-Pacific,Drought/Wildfire,Fiji,FJI,WF,Wildfire,GWIS seasonal API,0.79,October,Very Low,3,0,0.7939834782608696,0.5161382608695652,0.27447,Melanesia,,Melanesia
2,Asia-Pacific,Drought/Wildfire,New Zealand,NZL,WF,Wildfire,GWIS seasonal API,0.57,December,Very Low,3,0,0.19789304347826087,0.4471856521739131,0.5661152173913043,Australia and New Zealand,,Australia and New Zealand
2,Asia-Pacific,Drought/Wildfire,Philippines,PHL,WF,Wildfire,GWIS seasonal API,0.47,December,Very Low,3,0,0.12514217391304347,0.2579565217391305,0.4710369565217391,South-eastern Asia,,South-eastern Asia
2,Asia-Pacific,Drought/Wildfire,Japan,JPN,WF,Wildfire,GWIS seasonal API,0.42,October,Very Low,3,0,0.41881826086956514,0.23297304347826084,0.12895347826086956,Eastern Asia,,Eastern Asia
2,Asia-Pacific,Drought/Wildfire,Papua New Guinea,PNG,WF,Wildfire,GWIS seasonal API,0.37,October,Very Low,3,0,0.3732513043478261,0.18505782608695653,0.09307782608695651,Melanesia,,Melanesia
2,Asia-Pacific,Drought/Wildfire,Maldives,MDV,WF,Wildfire,GWIS seasonal API,0.29,December,Very Low,3,0,0.27154869565217393,0.11084260869565218,0.2880647826086956,Southern Asia,,Southern Asia
2,Asia-Pacific,Drought/Wildfire,Bhutan,BTN,WF,Wildfire,GWIS seasonal API,0.24,December,Very Low,3,0,0.04827652173913043,0.17386869565217392,0.2370591304347826,Southern Asia,,Southern Asia
2,Asia-Pacific,Drought/Wildfire,Samoa,WSM,WF,Wildfire,GWIS seasonal API,0.22,October,Very Low,3,0,0.22419391304347827,0.03519173913043479,0.035495652173913046,Polynesia,,Polynesia
2,Asia-Pacific,Drought/Wildfire,"Micronesia, Federated States of",FSM,WF,Wildfire,GWIS seasonal API,0.07,December,Very Low,3,0,0.013110434782608697,0.01835695652173913,0.07384869565217392,Micronesia,,Micronesia
2,Asia-Pacific,Drought/Wildfire,Palau,PLW,WF,Wildfire,GWIS seasonal API,0.05,October,Very Low,3,0,0.0459895652173913,0.012413478260869564,0.022327391304347827,Micronesia,,Micronesia
2,Asia-Pacific,Drought/Wildfire,Solomon Islands,SLB,WF,Wildfire,GWIS seasonal API,0.04,October,Very Low,3,0,0.03528782608695652,0.01680086956521739,0.013365217391304349,Melanesia,,Melanesia
2,Asia-Pacific,Drought/Wildfire,Brunei Darussalam,BRN,WF,Wildfire,GWIS seasonal API,0.01,October,Very Low,3,0,0.01012391304347826,0.0008765217391304348,0.0038769565217391306,South-eastern Asia,,South-eastern Asia
3,Europe,Drought/Wildfire,Kyrgyzstan,KGZ,DR,Drought,INFORM risk-score API,5.5,October,High,1,1,5.5,4.6,2.2,Central Asia,,Central Asia
3,Europe,Drought/Wildfire,Israel,ISR,DR,Drought,INFORM risk-score API,5.3,December,High,1,1,0.9,4.0,5.3,Western Asia,,Western Asia
3,Europe,Drought/Wildfire,Spain,ESP,DR,Drought,INFORM risk-score API,3.8,December,Medium,3,0,3.6,3.6,3.8,Southern Europe,,Southern Europe
3,Europe,Drought/Wildfire,Albania,ALB,DR,Drought,INFORM risk-score API,3.7,October,Medium,1,0,3.7,2.8,2.8,Southern Europe,,Southern Europe
3,Europe,Drought/Wildfire,"Moldova, Republic of",MDA,DR,Drought,INFORM risk-score API,3.5,October,Low,3,0,3.5,2.3,2.3,Eastern Europe,,Eastern Europe
3,Europe,Drought/Wildfire,Kazakhstan,KAZ,DR,Drought,INFORM risk-score API,3.4,October,Low,2,0,3.4,2.6,0.3,Central Asia,,Central Asia
3,Europe,Drought/Wildfire,Tajikistan,TJK,DR,Drought,INFORM risk-score API,3.1,October,Low,3,0,3.1,3.1,2.6,Central Asia,,Central Asia
3,Europe,Drought/Wildfire,Uzbekistan,UZB,DR,Drought,INFORM risk-score API,2.9,October,Low,2,0,2.9,2.2,2.0,Central Asia,,Central Asia
3,Europe,Drought/Wildfire,Russian Federation,RUS,DR,Drought,INFORM risk-score API,2.7,October,Low,3,0,2.7,2.7,2.7,Eastern Europe,,Eastern Europe
3,Europe,Drought/Wildfire,Cyprus,CYP,DR,Drought,INFORM risk-score API,2.6,November,Low,2,0,1.0,2.6,2.6,Western Asia,,Western Asia
3,Europe,Drought/Wildfire,Portugal,PRT,DR,Drought,INFORM risk-score API,2.0,December,Very Low,3,0,1.6,1.8,2.0,Southern Europe,,Southern Europe
3,Europe,Drought/Wildfire,Italy,ITA,DR,Drought,INFORM risk-score API,1.9,December,Very Low,3,0,1.7,1.7,1.9,Southern Europe,,Southern Europe
3,Europe,Drought/Wildfire,Azerbaijan,AZE,DR,Drought,INFORM risk-score API,1.8,November,Very Low,3,0,0.9,1.8,1.0,Western Asia,,Western Asia
3,Europe,Drought/Wildfire,Georgia,GEO,DR,Drought,INFORM risk-score API,1.8,October,Very Low,3,0,1.8,1.8,1.8,Western Asia,,Western Asia
3,Europe,Drought/Wildfire,Greece,GRC,DR,Drought,INFORM risk-score API,1.8,November,Very Low,3,0,1.5,1.8,1.7,Southern Europe,,Southern Europe
3,Europe,Drought/Wildfire,Turkmenistan,TKM,DR,Drought,INFORM risk-score API,1.8,October,Very Low,3,0,1.8,1.4,0.0,Central Asia,,Central Asia
3,Europe,Drought/Wildfire,Hungary,HUN,DR,Drought,INFORM risk-score API,1.6,October,Very Low,3,0,1.6,1.4,0.9,Eastern Europe,,Eastern Europe
3,Europe,Drought/Wildfire,Armenia,ARM,DR,Drought,INFORM risk-score API,1.5,October,Very Low,3,0,1.5,1.5,1.5,Western Asia,,Western Asia
3,Europe,Drought/Wildfire,Bosnia and Herzegovina,BIH,DR,Drought,INFORM risk-score API,1.4,October,Very Low,3,0,1.4,1.4,1.4,Southern Europe,,Southern Europe
3,Europe,Drought/Wildfire,France,FRA,DR,Drought,INFORM risk-score API,1.4,November,Very Low,3,0,1.2,1.4,1.4,Western Europe,,Western Europe
3,Europe,Drought/Wildfire,Romania,ROU,DR,Drought,INFORM risk-score API,1.0,October,Very Low,3,0,1.0,0.8,0.4,Eastern Europe,,Eastern Europe
3,Europe,Drought/Wildfire,Lithuania,LTU,DR,Drought,INFORM risk-score API,0.8,October,Very Low,3,0,0.8,0.8,0.8,Northern Europe,,Northern Europe
3,Europe,Drought/Wildfire,North Macedonia,MKD,DR,Drought,INFORM risk-score API,0.8,October,Very Low,3,0,0.8,0.8,0.8,Southern Europe,,Southern Europe
3,Europe,Drought/Wildfire,Serbia,SRB,DR,Drought,INFORM risk-score API,0.7,October,Very Low,3,0,0.7,0.2,0.0,Southern Europe,,Southern Europe
3,Europe,Drought/Wildfire,Türkiye,TUR,DR,Drought,INFORM risk-score API,0.7,November,Very Low,3,0,0.6,0.7,0.7,Western Asia,,Western Asia
3,Europe,Drought/Wildfire,Ukraine,UKR,DR,Drought,INFORM risk-score API,0.6,October,Very Low,3,0,0.6,0.4,0.3,Eastern Europe,,Eastern Europe
3,Europe,Drought/Wildfire,Czech Republic,CZE,DR,Drought,INFORM risk-score API,0.5,October,Very Low,3,0,0.5,0.4,0.1,Eastern Europe,,Eastern Europe
3,Europe,Drought/Wildfire,Slovakia,SVK,DR,Drought,INFORM risk-score API,0.4,October,Very Low,3,0,0.4,0.4,0.2,Eastern Europe,,Eastern Europe
3,Europe,Drought/Wildfire,Bulgaria,BGR,DR,Drought,INFORM risk-score API,0.3,October,Very Low,3,0,0.3,0.3,0.3,Eastern Europe,,Eastern Europe
3,Europe,Drought/Wildfire,Croatia,HRV,DR,Drought,INFORM risk-score API,0.3,October,Very Low,3,0,0.3,0.3,0.3,Southern Europe,,Southern Europe
3,Europe,Drought/Wildfire,Denmark,DNK,DR,Drought,INFORM risk-score API,0.3,October,Very Low,3,0,0.3,0.3,0.3,Northern Europe,,Northern Europe
3,Europe,Drought/Wildfire,Poland,POL,DR,Drought,INFORM risk-score API,0.3,October,Very Low,3,0,0.3,0.3,0.3,Eastern Europe,,Eastern Europe
3,Europe,Drought/Wildfire,Germany,DEU,DR,Drought,INFORM risk-score API,0.2,October,Very Low,3,0,0.2,0.1,0.0,Western Europe,,Western Europe
3,Europe,Drought/Wildfire,Austria,AUT,DR,Drought,INFORM risk-score API,0.1,October,Very Low,3,0,0.1,0.0,0.0,Western Europe,,Western Europe
3,Europe,Drought/Wildfire,United Kingdom,GBR,DR,Drought,INFORM risk-score API,0.1,October,Very Low,3,0,0.1,0.1,0.0,Northern Europe,,Northern Europe
3,Europe,Drought/Wildfire,Belarus,BLR,DR,Drought,INFORM risk-score API,0.0,October,Very Low,3,0,0.0,0.0,0.0,Eastern Europe,,Eastern Europe
3,Europe,Drought/Wildfire,Belgium,BEL,DR,Drought,INFORM risk-score API,0.0,October,Very Low,3,0,0.0,0.0,0.0,Western Europe,,Western Europe
3,Europe,Drought/Wildfire,Estonia,EST,DR,Drought,INFORM risk-score API,0.0,October,Very Low,3,0,0.0,0.0,0.0,Northern Europe,,Northern Europe
3,Europe,Drought/Wildfire,Finland,FIN,DR,Drought,INFORM risk-score API,0.0,October,Very Low,3,0,0.0,0.0,0.0,Northern Europe,,Northern Europe
3,Europe,Drought/Wildfire,Iceland,ISL,DR,Drought,INFORM risk-score API,0.0,October,Very Low,3,0,0.0,0.0,0.0,Northern Europe,,Northern Europe
3,Europe,Drought/Wildfire,Ireland,IRL,DR,Drought,INFORM risk-score API,0.0,October,Very Low,3,0,0.0,0.0,0.0,Northern Europe,,Northern Europe
3,Europe,Drought/Wildfire,Latvia,LVA,DR,Drought,INFORM risk-score API,0.0,October,Very Low,3,0,0.0,0.0,0.0,Northern Europe,,Northern Europe
3,Europe,Drought/Wildfire,Liechtenstein,LIE,DR,Drought,INFORM risk-score API,0.0,October,Very Low,3,0,0.0,0.0,0.0,Western Europe,,Western Europe
3,Europe,Drought/Wildfire,Luxembourg,LUX,DR,Drought,INFORM risk-score API,0.0,October,Very Low,3,0,0.0,0.0,0.0,Western Europe,,Western Europe
3,Europe,Drought/Wildfire,Malta,MLT,DR,Drought,INFORM risk-score API,0.0,October,Very Low,3,0,0.0,0.0,0.0,Southern Europe,,Southern Europe
3,Europe,Drought/Wildfire,Montenegro,MNE,DR,Drought,INFORM risk-score API,0.0,October,Very Low,3,0,0.0,0.0,0.0,Southern Europe,,Southern Europe
3,Europe,Drought/Wildfire,Netherlands,NLD,DR,Drought,INFORM risk-score API,0.0,October,Very Low,3,0,0.0,0.0,0.0,Western Europe,,Western Europe
3,Europe,Drought/Wildfire,Norway,NOR,DR,Drought,INFORM risk-score API,0.0,October,Very Low,3,0,0.0,0.0,0.0,Northern Europe,,Northern Europe
3,Europe,Drought/Wildfire,Slovenia,SVN,DR,Drought,INFORM risk-score API,0.0,October,Very Low,3,0,0.0,0.0,0.0,Southern Europe,,Southern Europe
3,Europe,Drought/Wildfire,Sweden,SWE,DR,Drought,INFORM risk-score API,0.0,October,Very Low,3,0,0.0,0.0,0.0,Northern Europe,,Northern Europe
3,Europe,Drought/Wildfire,Switzerland,CHE,DR,Drought,INFORM risk-score API,0.0,October,Very Low,3,0,0.0,0.0,0.0,Western Europe,,Western Europe
3,Europe,Floods/TC,Serbia,SRB,FL,Flood,INFORM risk-score API,8.9,November,Very High,1,1,0.0,8.9,3.0,Southern Europe,,Southern Europe
3,Europe,Floods/TC,Croatia,HRV,FL,Flood,INFORM risk-score API,6.5,December,High,1,1,3.3,3.3,6.5,Southern Europe,,Southern Europe
3,Europe,Floods/TC,France,FRA,FL,Flood,INFORM risk-score API,6.4,November,High,2,2,2.6,6.4,5.1,Western Europe,,Western Europe
3,Europe,Floods/TC,Italy,ITA,FL,Flood,INFORM risk-score API,5.4,November,High,1,1,3.4,5.4,1.4,Southern Europe,,Southern Europe
3,Europe,Floods/TC,Spain,ESP,FL,Flood,INFORM risk-score API,5.4,October,High,1,1,5.4,4.1,2.7,Southern Europe,,Southern Europe
3,Europe,Floods/TC,Albania,ALB,FL,Flood,INFORM risk-score API,4.7,December,Medium,1,0,0.8,3.1,4.7,Southern Europe,,Southern Europe
3,Europe,Floods/TC,Bosnia and Herzegovina,BIH,FL,Flood,INFORM risk-score API,4.7,December,Medium,1,0,2.4,0.0,4.7,Southern Europe,,Southern Europe
3,Europe,Floods/TC,Montenegro,MNE,FL,Flood,INFORM risk-score API,4.4,November,Medium,2,0,0.0,4.4,4.4,Southern Europe,,Southern Europe
3,Europe,Floods/TC,Slovenia,SVN,FL,Flood,INFORM risk-score API,4.0,November,Medium,1,0,0.0,4.0,0.0,Southern Europe,,Southern Europe
3,Europe,Floods/TC,Ireland,IRL,FL,Flood,INFORM risk-score API,3.9,November,Medium,1,0,1.3,3.9,0.0,Northern Europe,,Northern Europe
3,Europe,Floods/TC,United Kingdom,GBR,FL,Flood,INFORM risk-score API,3.8,November,Medium,2,0,1.9,3.8,3.8,Northern Europe,,Northern Europe
3,Europe,Floods/TC,Portugal,PRT,FL,Flood,INFORM risk-score API,3.7,November,Medium,1,0,1.9,3.7,1.9,Southern Europe,,Southern Europe
3,Europe,Floods/TC,Greece,GRC,FL,Flood,INFORM risk-score API,3.1,November,Low,3,0,2.1,3.1,2.6,Southern Europe,,Southern Europe
3,Europe,Floods/TC,Russian Federation,RUS,FL,Flood,INFORM risk-score API,2.5,October,Low,1,0,2.5,0.0,0.0,Eastern Europe,,Eastern Europe
3,Europe,Floods/TC,Ukraine,UKR,FL,Flood,INFORM risk-score API,2.4,October,Low,1,0,2.4,0.0,0.0,Eastern Europe,,Eastern Europe
3,Europe,Floods/TC,Türkiye,TUR,FL,Flood,INFORM risk-score API,2.3,October,Low,3,0,2.3,2.3,2.3,Western Asia,,Western Asia
3,Europe,Floods/TC,Belgium,BEL,FL,Flood,INFORM risk-score API,1.3,November,Very Low,3,0,0.0,1.3,1.3,Western Europe,,Western Europe
3,Europe,Floods/TC,Bulgaria,BGR,FL,Flood,INFORM risk-score API,1.0,November,Very Low,3,0,0.0,1.0,1.0,Eastern Europe,,Eastern Europe
3,Europe,Floods/TC,Romania,ROU,FL,Flood,INFORM risk-score API,0.8,October,Very Low,3,0,0.8,0.0,0.0,Eastern Europe,,Eastern Europe
3,Europe,Floods/TC,Finland,FIN,FL,Flood,INFORM risk-score API,0.1,October,Very Low,3,0,0.1,0.1,0.1,Northern Europe,,Northern Europe
3,Europe,Floods/TC,Iceland,ISL,FL,Flood,INFORM risk-score API,0.1,October,Very Low,3,0,0.1,0.1,0.1,Northern Europe,,Northern Europe
3,Europe,Floods/TC,Liechtenstein,LIE,FL,Flood,INFORM risk-score API,0.1,October,Very Low,3,0,0.1,0.1,0.1,Western Europe,,Western Europe
3,Europe,Floods/TC,Malta,MLT,FL,Flood,INFORM risk-score API,0.1,October,Very Low,3,0,0.1,0.1,0.1,Southern Europe,,Southern Europe
3,Europe,Floods/TC,Norway,NOR,FL,Flood,INFORM risk-score API,0.1,October,Very Low,3,0,0.1,0.1,0.1,Northern Europe,,Northern Europe
3,Europe,Floods/TC,Armenia,ARM,FL,Flood,INFORM risk-score API,0.0,October,Very Low,3,0,0.0,0.0,0.0,Western Asia,,Western Asia
3,Europe,Floods/TC,Austria,AUT,FL,Flood,INFORM risk-score API,0.0,October,Very Low,3,0,0.0,0.0,0.0,Western Europe,,Western Europe
3,Europe,Floods/TC,Azerbaijan,AZE,FL,Flood,INFORM risk-score API,0.0,October,Very Low,3,0,0.0,0.0,0.0,Western Asia,,Western Asia
3,Europe,Floods/TC,Belarus,BLR,FL,Flood,INFORM risk-score API,0.0,October,Very Low,3,0,0.0,0.0,0.0,Eastern Europe,,Eastern Europe
3,Europe,Floods/TC,Cyprus,CYP,FL,Flood,INFORM risk-score API,0.0,October,Very Low,3,0,0.0,0.0,0.0,Western Asia,,Western Asia
3,Europe,Floods/TC,Czech Republic,CZE,FL,Flood,INFORM risk-score API,0.0,October,Very Low,3,0,0.0,0.0,0.0,Eastern Europe,,Eastern Europe
3,Europe,Floods/TC,Denmark,DNK,FL,Flood,INFORM risk-score API,0.0,October,Very Low,3,0,0.0,0.0,0.0,Northern Europe,,Northern Europe
3,Europe,Floods/TC,Estonia,EST,FL,Flood,INFORM risk-score API,0.0,October,Very Low,3,0,0.0,0.0,0.0,Northern Europe,,Northern Europe
3,Europe,Floods/TC,Georgia,GEO,FL,Flood,INFORM risk-score API,0.0,October,Very Low,3,0,0.0,0.0,0.0,Western Asia,,Western Asia
3,Europe,Floods/TC,Germany,DEU,FL,Flood,INFORM risk-score API,0.0,October,Very Low,3,0,0.0,0.0,0.0,Western Europe,,Western Europe
3,Europe,Floods/TC,Hungary,HUN,FL,Flood,INFORM risk-score API,0.0,October,Very Low,3,0,0.0,0.0,0.0,Eastern Europe,,Eastern Europe
3,Europe,Floods/TC,Israel,ISR,FL,Flood,INFORM risk-score API,0.0,October,Very Low,3,0,0.0,0.0,0.0,Western Asia,,Western Asia
3,Europe,Floods/TC,Kazakhstan,KAZ,FL,Flood,INFORM risk-score API,0.0,October,Very Low,3,0,0.0,0.0,0.0,Central Asia,,Central Asia
3,Europe,Floods/TC,Kyrgyzstan,KGZ,FL,Flood,INFORM risk-score API,0.0,October,Very Low,3,0,0.0,0.0,0.0,Central Asia,,Central Asia
3,Europe,Floods/TC,Latvia,LVA,FL,Flood,INFORM risk-score API,0.0,October,Very Low,3,0,0.0,0.0,0.0,Northern Europe,,Northern Europe
3,Europe,Floods/TC,Lithuania,LTU,FL,Flood,INFORM risk-score API,0.0,October,Very Low,3,0,0.0,0.0,0.0,Northern Europe,,Northern Europe
3,Europe,Floods/TC,Luxembourg,LUX,FL,Flood,INFORM risk-score API,0.0,October,Very Low,3,0,0.0,0.0,0.0,Western Europe,,Western Europe
3,Europe,Floods/TC,"Moldova, Republic of",MDA,FL,Flood,INFORM risk-score API,0.0,October,Very Low,3,0,0.0,0.0,0.0,Eastern Europe,,Eastern Europe
3,Europe,Floods/TC,Netherlands,NLD,FL,Flood,INFORM risk-score API,0.0,October,Very Low,3,0,0.0,0.0,0.0,Western Europe,,Western Europe
3,Europe,Floods/TC,North Macedonia,MKD,FL,Flood,INFORM risk-score API,0.0,October,Very Low,3,0,0.0,0.0,0.0,Southern Europe,,Southern Europe
3,Europe,Floods/TC,Poland,POL,FL,Flood,INFORM risk-score API,0.0,October,Very Low,3,0,0.0,0.0,0.0,Eastern Europe,,Eastern Europe
3,Europe,Floods/TC,Slovakia,SVK,FL,Flood,INFORM risk-score API,0.0,October,Very Low,3,0,0.0,0.0,0.0,Eastern Europe,,Eastern Europe
3,Europe,Floods/TC,Sweden,SWE,FL,Flood,INFORM risk-score API,0.0,October,Very Low,3,0,0.0,0.0,0.0,Northern Europe,,Northern Europe
3,Europe,Floods/TC,Switzerland,CHE,FL,Flood,INFORM risk-score API,0.0,October,Very Low,3,0,0.0,0.0,0.0,Western Europe,,Western Europe
3,Europe,Floods/TC,Tajikistan,TJK,FL,Flood,INFORM risk-score API,0.0,October,Very Low,3,0,0.0,0.0,0.0,Central Asia,,Central Asia
3,Europe,Floods/TC,Turkmenistan,TKM,FL,Flood,INFORM risk-score API,0.0,October,Very Low,3,0,0.0,0.0,0.0,Central Asia,,Central Asia
3,Europe,Floods/TC,Uzbekistan,UZB,FL,Flood,INFORM risk-score API,0.0,October,Very Low,3,0,0.0,0.0,0.0,Central Asia,,Central Asia
3,Europe,Floods/TC,Russian Federation,RUS,TC,Tropical Cyclone,INFORM risk-score API,2.5,October,Low,1,0,2.5,1.3,0.6,Eastern Europe,,Eastern Europe
3,Europe,Floods/TC,Portugal,PRT,TC,Tropical Cyclone,INFORM risk-score API,0.2,October,Very Low,3,0,0.2,0.1,0.0,Southern Europe,,Southern Europe
3,Europe,Floods/TC,Albania,ALB,TC,Tropical Cyclone,INFORM risk-score API,0.0,October,Very Low,3,0,0.0,0.0,0.0,Southern Europe,,Southern Europe
3,Europe,Floods/TC,Armenia,ARM,TC,Tropical Cyclone,INFORM risk-score API,0.0,October,Very Low,3,0,0.0,0.0,0.0,Western Asia,,Western Asia
3,Europe,Floods/TC,Austria,AUT,TC,Tropical Cyclone,INFORM risk-score API,0.0,October,Very Low,3,0,0.0,0.0,0.0,Western Europe,,Western Europe
3,Europe,Floods/TC,Azerbaijan,AZE,TC,Tropical Cyclone,INFORM risk-score API,0.0,October,Very Low,3,0,0.0,0.0,0.0,Western Asia,,Western Asia
3,Europe,Floods/TC,Belarus,BLR,TC,Tropical Cyclone,INFORM risk-score API,0.0,October,Very Low,3,0,0.0,0.0,0.0,Eastern Europe,,Eastern Europe
3,Europe,Floods/TC,Belgium,BEL,TC,Tropical Cyclone,INFORM risk-score API,0.0,October,Very Low,3,0,0.0,0.0,0.0,Western Europe,,Western Europe
3,Europe,Floods/TC,Bosnia and Herzegovina,BIH,TC,Tropical Cyclone,INFORM risk-score API,0.0,October,Very Low,3,0,0.0,0.0,0.0,Southern Europe,,Southern Europe
3,Europe,Floods/TC,Bulgaria,BGR,TC,Tropical Cyclone,INFORM risk-score API,0.0,October,Very Low,3,0,0.0,0.0,0.0,Eastern Europe,,Eastern Europe
3,Europe,Floods/TC,Croatia,HRV,TC,Tropical Cyclone,INFORM risk-score API,0.0,October,Very Low,3,0,0.0,0.0,0.0,Southern Europe,,Southern Europe
3,Europe,Floods/TC,Cyprus,CYP,TC,Tropical Cyclone,INFORM risk-score API,0.0,October,Very Low,3,0,0.0,0.0,0.0,Western Asia,,Western Asia
3,Europe,Floods/TC,Czech Republic,CZE,TC,Tropical Cyclone,INFORM risk-score API,0.0,October,Very Low,3,0,0.0,0.0,0.0,Eastern Europe,,Eastern Europe
3,Europe,Floods/TC,Denmark,DNK,TC,Tropical Cyclone,INFORM risk-score API,0.0,October,Very Low,3,0,0.0,0.0,0.0,Northern Europe,,Northern Europe
3,Europe,Floods/TC,Estonia,EST,TC,Tropical Cyclone,INFORM risk-score API,0.0,October,Very Low,3,0,0.0,0.0,0.0,Northern Europe,,Northern Europe
3,Europe,Floods/TC,Finland,FIN,TC,Tropical Cyclone,INFORM risk-score API,0.0,October,Very Low,3,0,0.0,0.0,0.0,Northern Europe,,Northern Europe
3,Europe,Floods/TC,France,FRA,TC,Tropical Cyclone,INFORM risk-score API,0.0,October,Very Low,3,0,0.0,0.0,0.0,Western Europe,,Western Europe
3,Europe,Floods/TC,Georgia,GEO,TC,Tropical Cyclone,INFORM risk-score API,0.0,October,Very Low,3,0,0.0,0.0,0.0,Western Asia,,Western Asia
3,Europe,Floods/TC,Germany,DEU,TC,Tropical Cyclone,INFORM risk-score API,0.0,October,Very Low,3,0,0.0,0.0,0.0,Western Europe,,Western Europe
3,Europe,Floods/TC,Greece,GRC,TC,Tropical Cyclone,INFORM risk-score API,0.0,October,Very Low,3,0,0.0,0.0,0.0,Southern Europe,,Southern Europe
3,Europe,Floods/TC,Hungary,HUN,TC,Tropical Cyclone,INFORM risk-score API,0.0,October,Very Low,3,0,0.0,0.0,0.0,Eastern Europe,,Eastern Europe
3,Europe,Floods/TC,Iceland,ISL,TC,Tropical Cyclone,INFORM risk-score API,0.0,October,Very Low,3,0,0.0,0.0,0.0,Northern Europe,,Northern Europe
3,Europe,Floods/TC,Ireland,IRL,TC,Tropical Cyclone,INFORM risk-score API,0.0,October,Very Low,3,0,0.0,0.0,0.0,Northern Europe,,Northern Europe
3,Europe,Floods/TC,Israel,ISR,TC,Tropical Cyclone,INFORM risk-score API,0.0,October,Very Low,3,0,0.0,0.0,0.0,Western Asia,,Western Asia
3,Europe,Floods/TC,Italy,ITA,TC,Tropical Cyclone,INFORM risk-score API,0.0,October,Very Low,3,0,0.0,0.0,0.0,Southern Europe,,Southern Europe
3,Europe,Floods/TC,Kazakhstan,KAZ,TC,Tropical Cyclone,INFORM risk-score API,0.0,October,Very Low,3,0,0.0,0.0,0.0,Central Asia,,Central Asia
3,Europe,Floods/TC,Kyrgyzstan,KGZ,TC,Tropical Cyclone,INFORM risk-score API,0.0,October,Very Low,3,0,0.0,0.0,0.0,Central Asia,,Central Asia
3,Europe,Floods/TC,Latvia,LVA,TC,Tropical Cyclone,INFORM risk-score API,0.0,October,Very Low,3,0,0.0,0.0,0.0,Northern Europe,,Northern Europe
3,Europe,Floods/TC,Liechtenstein,LIE,TC,Tropical Cyclone,INFORM risk-score API,0.0,October,Very Low,3,0,0.0,0.0,0.0,Western Europe,,Western Europe
3,Europe,Floods/TC,Lithuania,LTU,TC,Tropical Cyclone,INFORM risk-score API,0.0,October,Very Low,3,0,0.0,0.0,0.0,Northern Europe,,Northern Europe
3,Europe,Floods/TC,Luxembourg,LUX,TC,Tropical Cyclone,INFORM risk-score API,0.0,October,Very Low,3,0,0.0,0.0,0.0,Western Europe,,Western Europe
3,Europe,Floods/TC,Malta,MLT,TC,Tropical Cyclone,INFORM risk-score API,0.0,October,Very Low,3,0,0.0,0.0,0.0,Southern Europe,,Southern Europe
3,Europe,Floods/TC,"Moldova, Republic of",MDA,TC,Tropical Cyclone,INFORM risk-score API,0.0,October,Very Low,3,0,0.0,0.0,0.0,Eastern Europe,,Eastern Europe
3,Europe,Floods/TC,Montenegro,MNE,TC,Tropical Cyclone,INFORM risk-score API,0.0,October,Very Low,3,0,0.0,0.0,0.0,Southern Europe,,Southern Europe
3,Europe,Floods/TC,Netherlands,NLD,TC,Tropical Cyclone,INFORM risk-score API,0.0,October,Very Low,3,0,0.0,0.0,0.0,Western Europe,,Western Europe
3,Europe,Floods/TC,North Macedonia,MKD,TC,Tropical Cyclone,INFORM risk-score API,0.0,October,Very Low,3,0,0.0,0.0,0.0,Southern Europe,,Southern Europe
3,Europe,Floods/TC,Norway,NOR,TC,Tropical Cyclone,INFORM risk-score API,0.0,October,Very Low,3,0,0.0,0.0,0.0,Northern Europe,,Northern Europe
3,Europe,Floods/TC,Poland,POL,TC,Tropical Cyclone,INFORM risk-score API,0.0,October,Very Low,3,0,0.0,0.0,0.0,Eastern Europe,,Eastern Europe
3,Europe,Floods/TC,Romania,ROU,TC,Tropical Cyclone,INFORM risk-score API,0.0,October,Very Low,3,0,0.0,0.0,0.0,Eastern Europe,,Eastern Europe
3,Europe,Floods/TC,Serbia,SRB,TC,Tropical Cyclone,INFORM risk-score API,0.0,October,Very Low,3,0,0.0,0.0,0.0,Southern Europe,,Southern Europe
3,Europe,Floods/TC,Slovakia,SVK,TC,Tropical Cyclone,INFORM risk-score API,0.0,October,Very Low,3,0,0.0,0.0,0.0,Eastern Europe,,Eastern Europe
3,Europe,Floods/TC,Slovenia,SVN,TC,Tropical Cyclone,INFORM risk-score API,0.0,October,Very Low,3,0,0.0,0.0,0.0,Southern Europe,,Southern Europe
3,Europe,Floods/TC,Spain,ESP,TC,Tropical Cyclone,INFORM risk-score API,0.0,October,Very Low,3,0,0.0,0.0,0.0,Southern Europe,,Southern Europe
3,Europe,Floods/TC,Sweden,SWE,TC,Tropical Cyclone,INFORM risk-score API,0.0,October,Very Low,3,0,0.0,0.0,0.0,Northern Europe,,Northern Europe
3,Europe,Floods/TC,Switzerland,CHE,TC,Tropical Cyclone,INFORM risk-score API,0.0,October,Very Low,3,0,0.0,0.0,0.0,Western Europe,,Western Europe
3,Europe,Floods/TC,Tajikistan,TJK,TC,Tropical Cyclone,INFORM risk-score API,0.0,October,Very Low,3,0,0.0,0.0,0.0,Central Asia,,Central Asia
3,Europe,Floods/TC,Turkmenistan,TKM,TC,Tropical Cyclone,INFORM risk-score API,0.0,October,Very Low,3,0,0.0,0.0,0.0,Central Asia,,Central Asia
3,Europe,Floods/TC,Türkiye,TUR,TC,Tropical Cyclone,INFORM risk-score API,0.0,October,Very Low,3,0,0.0,0.0,0.0,Western Asia,,Western Asia
3,Europe,Floods/TC,Ukraine,UKR,TC,Tropical Cyclone,INFORM risk-score API,0.0,October,Very Low,3,0,0.0,0.0,0.0,Eastern Europe,,Eastern Europe
3,Europe,Floods/TC,United Kingdom,GBR,TC,Tropical Cyclone,INFORM risk-score API,0.0,October,Very Low,3,0,0.0,0.0,0.0,Northern Europe,,Northern Europe
3,Europe,Floods/TC,Uzbekistan,UZB,TC,Tropical Cyclone,INFORM risk-score API,0.0,October,Very Low,3,0,0.0,0.0,0.0,Central Asia,,Central Asia
3,Europe,Drought/Wildfire,Turkmenistan,TKM,WF,Wildfire,GWIS seasonal API,21.74,October,Very High,1,1,21.73669,8.569986521739128,4.561394782608696,Central Asia,,Central Asia
3,Europe,Drought/Wildfire,Uzbekistan,UZB,WF,Wildfire,GWIS seasonal API,12.98,October,High,1,1,12.98276608695652,4.373890434782608,1.6969647826086958,Central Asia,,Central Asia
3,Europe,Drought/Wildfire,Israel,ISR,WF,Wildfire,GWIS seasonal API,9.08,October,High,1,1,9.083631304347826,6.369728260869565,2.468538260869565,Western Asia,,Western Asia
3,Europe,Drought/Wildfire,Cyprus,CYP,WF,Wildfire,GWIS seasonal API,8.52,October,Medium,1,0,8.523239130434783,4.647132608695652,1.5148391304347826,Western Asia,,Western Asia
3,Europe,Drought/Wildfire,Türkiye,TUR,WF,Wildfire,GWIS seasonal API,6.67,October,Medium,1,0,6.674926521739131,1.9191760869565218,0.36458347826086956,Western Asia,,Western Asia
3,Europe,Drought/Wildfire,Spain,ESP,WF,Wildfire,GWIS seasonal API,4.58,October,Low,1,0,4.581507826086956,1.444275217391304,0.5773278260869565,Southern Europe,,Southern Europe
3,Europe,Drought/Wildfire,Greece,GRC,WF,Wildfire,GWIS seasonal API,3.89,October,Low,1,0,3.8906469565217394,1.3348739130434781,0.37347565217391304,Southern Europe,,Southern Europe
3,Europe,Drought/Wildfire,Portugal,PRT,WF,Wildfire,GWIS seasonal API,3.79,October,Low,1,0,3.787575217391304,0.8359556521739131,0.3178891304347826,Southern Europe,,Southern Europe
3,Europe,Drought/Wildfire,Tajikistan,TJK,WF,Wildfire,GWIS seasonal API,3.09,October,Low,1,0,3.08864,0.796568695652174,0.1781013043478261,Central Asia,,Central Asia
3,Europe,Drought/Wildfire,Malta,MLT,WF,Wildfire,GWIS seasonal API,2.31,October,Low,1,0,2.3109143478260874,1.2025608695652175,0.8187269565217391,Southern Europe,,Southern Europe
3,Europe,Drought/Wildfire,Azerbaijan,AZE,WF,Wildfire,GWIS seasonal API,2.12,October,Low,1,0,2.11725,0.5565969565217391,0.2856760869565217,Western Asia,,Western Asia
3,Europe,Drought/Wildfire,Armenia,ARM,WF,Wildfire,GWIS seasonal API,1.7,October,Very Low,3,0,1.697023043478261,0.4397752173913043,0.16006217391304348,Western Asia,,Western Asia
3,Europe,Drought/Wildfire,North Macedonia,MKD,WF,Wildfire,GWIS seasonal API,1.56,October,Very Low,3,0,1.5645573913043478,0.46954521739130434,0.062459130434782614,Southern Europe,,Southern Europe
3,Europe,Drought/Wildfire,Ukraine,UKR,WF,Wildfire,GWIS seasonal API,1.53,October,Very Low,3,0,1.5268326086956523,0.2830391304347826,0.04224434782608696,Eastern Europe,,Eastern Europe
3,Europe,Drought/Wildfire,Bulgaria,BGR,WF,Wildfire,GWIS seasonal API,1.52,October,Very Low,3,0,1.5150460869565219,0.5145904347826088,0.07643434782608696,Eastern Europe,,Eastern Europe
3,Europe,Drought/Wildfire,"Moldova, Republic of",MDA,WF,Wildfire,GWIS seasonal API,1.39,October,Very Low,3,0,1.3937791304347829,0.4157830434782609,0.08813739130434782,Eastern Europe,,Eastern Europe
3,Europe,Drought/Wildfire,France,FRA,WF,Wildfire,GWIS seasonal API,1.28,October,Very Low,3,0,1.284321739130435,0.4702204347826087,0.12992347826086958,Western Europe,,Western Europe
3,Europe,Drought/Wildfire,Italy,ITA,WF,Wildfire,GWIS seasonal API,1.12,October,Very Low,3,0,1.1161017391304349,0.29833478260869567,0.11059304347826086,Southern Europe,,Southern Europe
3,Europe,Drought/Wildfire,Serbia,SRB,WF,Wildfire,GWIS seasonal API,1.12,October,Very Low,3,0,1.1183491304347826,0.38959652173913045,0.034418260869565225,Southern Europe,,Southern Europe
3,Europe,Drought/Wildfire,Romania,ROU,WF,Wildfire,GWIS seasonal API,1.09,October,Very Low,3,0,1.08877,0.334374347826087,0.058464782608695656,Eastern Europe,,Eastern Europe
3,Europe,Drought/Wildfire,Kyrgyzstan,KGZ,WF,Wildfire,GWIS seasonal API,1.08,October,Very Low,3,0,1.075894347826087,0.30208,0.09225565217391304,Central Asia,,Central Asia
3,Europe,Drought/Wildfire,Albania,ALB,WF,Wildfire,GWIS seasonal API,0.91,October,Very Low,3,0,0.9105452173913043,0.3540913043478261,0.08120826086956522,Southern Europe,,Southern Europe
3,Europe,Drought/Wildfire,Monaco,MCO,WF,Wildfire,GWIS seasonal API,0.77,October,Very Low,3,0,0.77052,0.18945913043478263,0.09913739130434783,Western Europe,,Western Europe
3,Europe,Drought/Wildfire,Georgia,GEO,WF,Wildfire,GWIS seasonal API,0.73,October,Very Low,3,0,0.7273226086956521,0.24952869565217392,0.14593217391304347,Western Asia,,Western Asia
3,Europe,Drought/Wildfire,San Marino,SMR,WF,Wildfire,GWIS seasonal API,0.61,October,Very Low,3,0,0.6081813043478261,0.14616434782608695,0.03743478260869565,Southern Europe,,Southern Europe
3,Europe,Drought/Wildfire,Croatia,HRV,WF,Wildfire,GWIS seasonal API,0.54,October,Very Low,3,0,0.5443565217391304,0.13835347826086955,0.05000521739130435,Southern Europe,,Southern Europe
3,Europe,Drought/Wildfire,Slovakia,SVK,WF,Wildfire,GWIS seasonal API,0.48,October,Very Low,3,0,0.4804313043478261,0.10593608695652174,0.009034347826086957,Eastern Europe,,Eastern Europe
3,Europe,Drought/Wildfire,Montenegro,MNE,WF,Wildfire,GWIS seasonal API,0.46,October,Very Low,3,0,0.45748826086956523,0.11909695652173913,0.026716521739130437,Southern Europe,,Southern Europe
3,Europe,Drought/Wildfire,Bosnia and Herzegovina,BIH,WF,Wildfire,GWIS seasonal API,0.43,October,Very Low,3,0,0.42877608695652175,0.11276391304347827,0.01099391304347826,Southern Europe,,Southern Europe
3,Europe,Drought/Wildfire,Poland,POL,WF,Wildfire,GWIS seasonal API,0.43,October,Very Low,3,0,0.42969999999999997,0.08216565217391304,0.01042,Eastern Europe,,Eastern Europe
3,Europe,Drought/Wildfire,Czech Republic,CZE,WF,Wildfire,GWIS seasonal API,0.41,October,Very Low,3,0,0.4060413043478261,0.0722413043478261,0.006813478260869566,Eastern Europe,,Eastern Europe
3,Europe,Drought/Wildfire,Belarus,BLR,WF,Wildfire,GWIS seasonal API,0.32,October,Very Low,3,0,0.3184473913043478,0.049141304347826084,0.004551739130434783,Eastern Europe,,Eastern Europe
3,Europe,Drought/Wildfire,Belgium,BEL,WF,Wildfire,GWIS seasonal API,0.3,October,Very Low,3,0,0.3003130434782609,0.04224434782608696,0.0065417391304347814,Western Europe,,Western Europe
3,Europe,Drought/Wildfire,Luxembourg,LUX,WF,Wildfire,GWIS seasonal API,0.28,October,Very Low,3,0,0.2804991304347826,0.01645391304347826,0.0020930434782608694,Western Europe,,Western Europe
3,Europe,Drought/Wildfire,Germany,DEU,WF,Wildfire,GWIS seasonal API,0.25,October,Very Low,3,0,0.252275652173913,0.0466495652173913,0.005449999999999999,Western Europe,,Western Europe
3,Europe,Drought/Wildfire,Netherlands,NLD,WF,Wildfire,GWIS seasonal API,0.24,October,Very Low,3,0,0.2386221739130435,0.035050000000000005,0.012198260869565216,Western Europe,,Western Europe
3,Europe,Drought/Wildfire,United Kingdom,GBR,WF,Wildfire,GWIS seasonal API,0.23,October,Very Low,3,0,0.22509260869565217,0.03882608695652174,0.018656521739130433,Northern Europe,,Northern Europe
3,Europe,Drought/Wildfire,Slovenia,SVN,WF,Wildfire,GWIS seasonal API,0.21,October,Very Low,3,0,0.20604434782608697,0.05498739130434783,0.013797391304347827,Southern Europe,,Southern Europe
3,Europe,Drought/Wildfire,Austria,AUT,WF,Wildfire,GWIS seasonal API,0.18,October,Very Low,3,0,0.1756973913043478,0.05906782608695652,0.008447391304347825,Western Europe,,Western Europe
3,Europe,Drought/Wildfire,Denmark,DNK,WF,Wildfire,GWIS seasonal API,0.17,October,Very Low,3,0,0.1697926086956522,0.03477304347826087,0.011271304347826085,Northern Europe,,Northern Europe
3,Europe,Drought/Wildfire,Lithuania,LTU,WF,Wildfire,GWIS seasonal API,0.16,October,Very Low,3,0,0.16287521739130434,0.01755478260869565,0.0010856521739130434,Northern Europe,,Northern Europe
3,Europe,Drought/Wildfire,Latvia,LVA,WF,Wildfire,GWIS seasonal API,0.13,October,Very Low,3,0,0.12606347826086955,0.014410869565217392,0.002499565217391304,Northern Europe,,Northern Europe
3,Europe,Drought/Wildfire,Estonia,EST,WF,Wildfire,GWIS seasonal API,0.12,October,Very Low,3,0,0.12355565217391304,0.015836521739130437,0.005566521739130435,Northern Europe,,Northern Europe
3,Europe,Drought/Wildfire,Ireland,IRL,WF,Wildfire,GWIS seasonal API,0.1,October,Very Low,3,0,0.10298304347826086,0.024194347826086957,0.010332608695652173,Northern Europe,,Northern Europe
3,Europe,Drought/Wildfire,Switzerland,CHE,WF,Wildfire,GWIS seasonal API,0.08,October,Very Low,3,0,0.07557347826086958,0.01963826086956522,0.002909565217391304,Western Europe,,Western Europe
3,Europe,Drought/Wildfire,Sweden,SWE,WF,Wildfire,GWIS seasonal API,0.06,October,Very Low,3,0,0.05785956521739131,0.004553478260869565,0.0014556521739130432,Northern Europe,,Northern Europe
3,Europe,Drought/Wildfire,Liechtenstein,LIE,WF,Wildfire,GWIS seasonal API,0.05,October,Very Low,3,0,0.05346652173913043,0.020265652173913046,0.0029778260869565217,Western Europe,,Western Europe
3,Europe,Drought/Wildfire,Finland,FIN,WF,Wildfire,GWIS seasonal API,0.03,October,Very Low,3,0,0.027083478260869567,0.0029195652173913044,0.001244782608695652,Northern Europe,,Northern Europe
3,Europe,Drought/Wildfire,Norway,NOR,WF,Wildfire,GWIS seasonal API,0.02,October,Very Low,3,0,0.021902608695652172,0.00479,0.003011304347826087,Northern Europe,,Northern Europe
3,Europe,Drought/Wildfire,Iceland,ISL,WF,Wildfire,GWIS seasonal API,0.01,October,Very Low,3,0,0.011042608695652174,0.0055865217391304345,0.004016521739130435,Northern Europe,,Northern Europe
3,Europe,Drought/Wildfire,Andorra,AND,WF,Wildfire,GWIS seasonal API,0.0,October,Very Low,3,0,0.0012095652173913043,0.0012095652173913043,0.0012095652173913043,Southern Europe,,Southern Europe
4,MENA,Drought/Wildfire,Morocco,MAR,DR,Drought,INFORM risk-score API,6.2,December,High,2,2,3.0,5.2,6.2,Northern Africa,,Northern Africa
4,MENA,Drought/Wildfire,Jordan,JOR,DR,Drought,INFORM risk-score API,5.1,December,High,1,1,1.7,2.5,5.1,Western Asia,,Western Asia
4,MENA,Drought/Wildfire,Tunisia,TUN,DR,Drought,INFORM risk-score API,4.4,December,Medium,2,0,2.0,4.0,4.4,Northern Africa,,Northern Africa
4,MENA,Drought/Wildfire,Syrian Arab Republic,SYR,DR,Drought,INFORM risk-score API,4.2,November,Medium,3,0,3.6,4.2,4.2,Western Asia,,Western Asia
4,MENA,Drought/Wildfire,Algeria,DZA,DR,Drought,INFORM risk-score API,3.9,December,Medium,2,0,1.5,3.6,3.9,Northern Africa,,Northern Africa
4,MENA,Drought/Wildfire,Saudi Arabia,SAU,DR,Drought,INFORM risk-score API,3.6,October,Medium,1,0,3.6,3.1,3.0,Western Asia,,Western Asia
4,MENA,Drought/Wildfire,"Iran, Islamic Republic of",IRN,DR,Drought,INFORM risk-score API,3.3,December,Low,3,0,3.0,2.9,3.3,Southern Asia,,Southern Asia
4,MENA,Drought/Wildfire,Libya,LBY,DR,Drought,INFORM risk-score API,2.9,December,Low,1,0,0.3,1.8,2.9,Northern Africa,,Northern Africa
4,MENA,Drought/Wildfire,Lebanon,LBN,DR,Drought,INFORM risk-score API,2.6,December,Low,1,0,1.4,2.0,2.6,Western Asia,,Western Asia
4,MENA,Drought/Wildfire,Yemen,YEM,DR,Drought,INFORM risk-score API,2.2,October,Low,1,0,2.2,1.0,0.8,Western Asia,,Western Asia
4,MENA,Drought/Wildfire,Egypt,EGY,DR,Drought,INFORM risk-score API,1.7,October,Very Low,3,0,1.7,1.7,1.2,Northern Africa,,Northern Africa
4,MENA,Drought/Wildfire,Iraq,IRQ,DR,Drought,INFORM risk-score API,1.5,November,Very Low,3,0,1.2,1.5,1.4,Western Asia,,Western Asia
4,MENA,Drought/Wildfire,Bahrain,BHR,DR,Drought,INFORM risk-score API,0.0,October,Very Low,3,0,0.0,0.0,0.0,Western Asia,,Western Asia
4,MENA,Drought/Wildfire,Kuwait,KWT,DR,Drought,INFORM risk-score API,0.0,October,Very Low,3,0,0.0,0.0,0.0,Western Asia,,Western Asia
4,MENA,Drought/Wildfire,Palestine,PSE,DR,Drought,INFORM risk-score API,0.0,October,Very Low,3,0,0.0,0.0,0.0,Western Asia,,Western Asia
4,MENA,Drought/Wildfire,Qatar,QAT,DR,Drought,INFORM risk-score API,0.0,October,Very Low,3,0,0.0,0.0,0.0,Western Asia,,Western Asia
4,MENA,Drought/Wildfire,United Arab Emirates,ARE,DR,Drought,INFORM risk-score API,0.0,October,Very Low,3,0,0.0,0.0,0.0,Western Asia,,Western Asia
4,MENA,Floods/TC,Iraq,IRQ,FL,Flood,INFORM risk-score API,9.5,November,Very High,1,1,4.8,9.5,2.4,Western Asia,,Western Asia
4,MENA,Floods/TC,Egypt,EGY,FL,Flood,INFORM risk-score API,8.1,December,Very High,1,1,0.0,0.0,8.1,Northern Africa,,Northern Africa
4,MENA,Floods/TC,Morocco,MAR,FL,Flood,INFORM risk-score API,5.8,November,High,1,1,4.6,5.8,4.6,Northern Africa,,Northern Africa
4,MENA,Floods/TC,Algeria,DZA,FL,Flood,INFORM risk-score API,5.2,October,High,1,1,5.2,2.2,1.5,Northern Africa,,Northern Africa
4,MENA,Floods/TC,Syrian Arab Republic,SYR,FL,Flood,INFORM risk-score API,5.2,October,High,1,1,5.2,0.0,0.0,Western Asia,,Western Asia
4,MENA,Floods/TC,United Arab Emirates,ARE,FL,Flood,INFORM risk-score API,3.8,December,Medium,1,0,0.0,0.0,3.8,Western Asia,,Western Asia
4,MENA,Floods/TC,Saudi Arabia,SAU,FL,Flood,INFORM risk-score API,3.1,November,Low,1,0,0.0,3.1,0.0,Western Asia,,Western Asia
4,MENA,Floods/TC,Jordan,JOR,FL,Flood,INFORM risk-score API,2.6,October,Low,2,0,2.6,2.6,0.0,Western Asia,,Western Asia
4,MENA,Floods/TC,Libya,LBY,FL,Flood,INFORM risk-score API,2.6,November,Low,2,0,0.0,2.6,2.6,Northern Africa,,Northern Africa
4,MENA,Floods/TC,Tunisia,TUN,FL,Flood,INFORM risk-score API,2.5,October,Low,1,0,2.5,0.0,0.0,Northern Africa,,Northern Africa
4,MENA,Floods/TC,"Iran, Islamic Republic of",IRN,FL,Flood,INFORM risk-score API,2.4,October,Low,1,0,2.4,1.6,1.6,Southern Asia,,Southern Asia
4,MENA,Floods/TC,Kuwait,KWT,FL,Flood,INFORM risk-score API,1.3,November,Very Low,3,0,0.0,1.3,0.0,Western Asia,,Western Asia
4,MENA,Floods/TC,Yemen,YEM,FL,Flood,INFORM risk-score API,1.0,October,Very Low,3,0,1.0,0.0,0.0,Western Asia,,Western Asia
4,MENA,Floods/TC,Palestine,PSE,FL,Flood,INFORM risk-score API,0.9,October,Very Low,3,0,0.9,0.0,0.0,Western Asia,,Western Asia
4,MENA,Floods/TC,Bahrain,BHR,FL,Flood,INFORM risk-score API,0.1,October,Very Low,3,0,0.1,0.1,0.1,Western Asia,,Western Asia
4,MENA,Floods/TC,Lebanon,LBN,FL,Flood,INFORM risk-score API,0.0,October,Very Low,3,0,0.0,0.0,0.0,Western Asia,,Western Asia
4,MENA,Floods/TC,Qatar,QAT,FL,Flood,INFORM risk-score API,0.0,October,Very Low,3,0,0.0,0.0,0.0,Western Asia,,Western Asia
4,MENA,Floods/TC,Algeria,DZA,TC,Tropical Cyclone,INFORM risk-score API,0.0,October,Very Low,3,0,0.0,0.0,0.0,Northern Africa,,Northern Africa
4,MENA,Floods/TC,Bahrain,BHR,TC,Tropical Cyclone,INFORM risk-score API,0.0,October,Very Low,3,0,0.0,0.0,0.0,Western Asia,,Western Asia
4,MENA,Floods/TC,Egypt,EGY,TC,Tropical Cyclone,INFORM risk-score API,0.0,October,Very Low,3,0,0.0,0.0,0.0,Northern Africa,,Northern Africa
4,MENA,Floods/TC,"Iran, Islamic Republic of",IRN,TC,Tropical Cyclone,INFORM risk-score API,0.0,October,Very Low,3,0,0.0,0.0,0.0,Southern Asia,,Southern Asia
4,MENA,Floods/TC,Iraq,IRQ,TC,Tropical Cyclone,INFORM risk-score API,0.0,October,Very Low,3,0,0.0,0.0,0.0,Western Asia,,Western Asia
4,MENA,Floods/TC,Jordan,JOR,TC,Tropical Cyclone,INFORM risk-score API,0.0,October,Very Low,3,0,0.0,0.0,0.0,Western Asia,,Western Asia
4,MENA,Floods/TC,Kuwait,KWT,TC,Tropical Cyclone,INFORM risk-score API,0.0,October,Very Low,3,0,0.0,0.0,0.0,Western Asia,,Western Asia
4,MENA,Floods/TC,Lebanon,LBN,TC,Tropical Cyclone,INFORM risk-score API,0.0,October,Very Low,3,0,0.0,0.0,0.0,Western Asia,,Western Asia
4,MENA,Floods/TC,Libya,LBY,TC,Tropical Cyclone,INFORM risk-score API,0.0,October,Very Low,3,0,0.0,0.0,0.0,Northern Africa,,Northern Africa
4,MENA,Floods/TC,Morocco,MAR,TC,Tropical Cyclone,INFORM risk-score API,0.0,October,Very Low,3,0,0.0,0.0,0.0,Northern Africa,,Northern Africa
4,MENA,Floods/TC,Palestine,PSE,TC,Tropical Cyclone,INFORM risk-score API,0.0,October,Very Low,3,0,0.0,0.0,0.0,Western Asia,,Western Asia
4,MENA,Floods/TC,Qatar,QAT,TC,Tropical Cyclone,INFORM risk-score API,0.0,October,Very Low,3,0,0.0,0.0,0.0,Western Asia,,Western Asia
4,MENA,Floods/TC,Saudi Arabia,SAU,TC,Tropical Cyclone,INFORM risk-score API,0.0,October,Very Low,3,0,0.0,0.0,0.0,Western Asia,,Western Asia
4,MENA,Floods/TC,Syrian Arab Republic,SYR,TC,Tropical Cyclone,INFORM risk-score API,0.0,October,Very Low,3,0,0.0,0.0,0.0,Western Asia,,Western Asia
4,MENA,Floods/TC,Tunisia,TUN,TC,Tropical Cyclone,INFORM risk-score API,0.0,October,Very Low,3,0,0.0,0.0,0.0,Northern Africa,,Northern Africa
4,MENA,Floods/TC,United Arab Emirates,ARE,TC,Tropical Cyclone,INFORM risk-score API,0.0,October,Very Low,3,0,0.0,0.0,0.0,Western Asia,,Western Asia
4,MENA,Floods/TC,Yemen,YEM,TC,Tropical Cyclone,INFORM risk-score API,0.0,October,Very Low,3,0,0.0,0.0,0.0,Western Asia,,Western Asia
4,MENA,Drought/Wildfire,Saudi Arabia,SAU,WF,Wildfire,GWIS seasonal API,37.98,October,Very High,3,3,37.97548913043479,23.070285217391305,17.47750565217391,Western Asia,,Western Asia
4,MENA,Drought/Wildfire,Kuwait,KWT,WF,Wildfire,GWIS seasonal API,37.19,October,Very High,2,3,37.1858352173913,18.997541304347827,9.703481739130433,Western Asia,,Western Asia
4,MENA,Drought/Wildfire,Iraq,IRQ,WF,Wildfire,GWIS seasonal API,36.45,October,Very High,1,2,36.44695956521739,12.685349130434783,5.368275217391305,Western Asia,,Western Asia
4,MENA,Drought/Wildfire,Qatar,QAT,WF,Wildfire,GWIS seasonal API,23.54,October,Very High,2,3,23.537172173913042,18.253054347826087,11.622921304347825,Western Asia,,Western Asia
4,MENA,Drought/Wildfire,Yemen,YEM,WF,Wildfire,GWIS seasonal API,20.69,October,Very High,2,3,20.687029130434784,17.76889608695652,15.75657956521739,Western Asia,,Western Asia
4,MENA,Drought/Wildfire,Egypt,EGY,WF,Wildfire,GWIS seasonal API,17.79,October,Very High,1,3,17.787987826086955,13.25819347826087,11.127819130434784,Northern Africa,,Northern Africa
4,MENA,Drought/Wildfire,"Iran, Islamic Republic of",IRN,WF,Wildfire,GWIS seasonal API,17.18,October,Very High,1,1,17.178672608695653,4.64744695652174,1.6007273913043478,Southern Asia,,Southern Asia
4,MENA,Drought/Wildfire,Syrian Arab Republic,SYR,WF,Wildfire,GWIS seasonal API,16.72,October,High,1,1,16.718513478260867,6.810206956521739,2.3311778260869565,Western Asia,,Western Asia
4,MENA,Drought/Wildfire,Libya,LBY,WF,Wildfire,GWIS seasonal API,15.79,October,High,3,3,15.791972608695653,12.98896347826087,9.023193913043478,Northern Africa,,Northern Africa
4,MENA,Drought/Wildfire,Jordan,JOR,WF,Wildfire,GWIS seasonal API,15.29,October,High,2,2,15.293331739130434,10.090003913043478,4.755,Western Asia,,Western Asia
4,MENA,Drought/Wildfire,Bahrain,BHR,WF,Wildfire,GWIS seasonal API,13.66,October,High,2,2,13.655103913043478,12.161413913043477,7.9693830434782615,Western Asia,,Western Asia
4,MENA,Drought/Wildfire,United Arab Emirates,ARE,WF,Wildfire,GWIS seasonal API,13.2,November,High,3,3,13.061793478260869,13.202660869565218,9.995728260869566,Western Asia,,Western Asia
4,MENA,Drought/Wildfire,Palestine,PSE,WF,Wildfire,GWIS seasonal API,12.59,October,High,1,1,12.58630652173913,8.48153043478261,4.00057695652174,Western Asia,,Western Asia
4,MENA,Drought/Wildfire,Morocco,MAR,WF,Wildfire,GWIS seasonal API,10.8,October,High,1,1,10.799190869565217,5.961329130434782,2.6209430434782606,Northern Africa,,Northern Africa
4,MENA,Drought/Wildfire,Algeria,DZA,WF,Wildfire,GWIS seasonal API,9.48,October,High,1,1,9.48166043478261,3.9688791304347824,1.3737078260869564,Northern Africa,,Northern Africa
4,MENA,Drought/Wildfire,Tunisia,TUN,WF,Wildfire,GWIS seasonal API,7.34,October,Medium,1,0,7.343463043478261,4.990707826086957,3.7927939130434787,Northern Africa,,Northern Africa
4,MENA,Drought/Wildfire,Lebanon,LBN,WF,Wildfire,GWIS seasonal API,6.81,October,Medium,1,0,6.810205217391305,2.7071373913043475,0.6770365217391304,Western Asia,,Western Asia
