Region Code,Region,Group,Country,ISO3,Hazard,Hazard Label,Source,Peak Score,Peak Month,Risk Category,Months in Risk Category,High or Very High Months,April,May,June,UN Subregion,UN Intermediate Region,UN Regional Group
0,Africa,Drought/Wildfire,Somalia,SOM,DR,Drought,INFORM risk-score API,9.9,June,Very High,3,3,7.9,9.7,9.9,Sub-Saharan Africa,Eastern Africa,Eastern Africa
0,Africa,Drought/Wildfire,South Africa,ZAF,DR,Drought,INFORM risk-score API,7.1,April,Very High,2,3,7.1,7.0,6.1,Sub-Saharan Africa,Southern Africa,Southern Africa
0,Africa,Drought/Wildfire,Kenya,KEN,DR,Drought,INFORM risk-score API,7.0,April,Very High,1,3,7.0,6.2,5.9,Sub-Saharan Africa,Eastern Africa,Eastern Africa
0,Africa,Drought/Wildfire,Zimbabwe,ZWE,DR,Drought,INFORM risk-score API,6.5,May,High,3,3,6.4,6.5,5.7,Sub-Saharan Africa,Eastern Africa,Eastern Africa
0,Africa,Drought/Wildfire,Ethiopia,ETH,DR,Drought,INFORM risk-score API,5.7,May,High,3,3,5.5,5.7,5.7,Sub-Saharan Africa,Eastern Africa,Eastern Africa
0,Africa,Drought/Wildfire,Botswana,BWA,DR,Drought,INFORM risk-score API,5.7,May,High,2,2,5.6,5.7,3.4,Sub-Saharan Africa,Southern Africa,Southern Africa
0,Africa,Drought/Wildfire,Namibia,NAM,DR,Drought,INFORM risk-score API,5.4,May,High,2,2,5.3,5.4,4.3,Sub-Saharan Africa,Southern Africa,Southern Africa
0,Africa,Drought/Wildfire,Burkina Faso,BFA,DR,Drought,INFORM risk-score API,5.4,June,High,1,1,4.2,4.9,5.4,Sub-Saharan Africa,Western Africa,Western Africa
0,Africa,Drought/Wildfire,Chad,TCD,DR,Drought,INFORM risk-score API,5.2,June,High,1,1,3.7,4.2,5.2,Sub-Saharan Africa,Middle Africa,Middle Africa
0,Africa,Drought/Wildfire,Uganda,UGA,DR,Drought,INFORM risk-score API,5.2,April,High,1,1,5.2,4.5,4.1,Sub-Saharan Africa,Eastern Africa,Eastern Africa
0,Africa,Drought/Wildfire,Mozambique,MOZ,DR,Drought,INFORM risk-score API,5.1,April,High,1,1,5.1,5.0,4.9,Sub-Saharan Africa,Eastern Africa,Eastern Africa
0,Africa,Drought/Wildfire,Niger,NER,DR,Drought,INFORM risk-score API,4.9,June,Medium,3,0,4.7,4.7,4.9,Sub-Saharan Africa,Western Africa,Western Africa
0,Africa,Drought/Wildfire,Malawi,MWI,DR,Drought,INFORM risk-score API,4.5,April,Medium,3,0,4.5,4.4,4.4,Sub-Saharan Africa,Eastern Africa,Eastern Africa
0,Africa,Drought/Wildfire,Mali,MLI,DR,Drought,INFORM risk-score API,4.5,June,Medium,3,0,3.6,3.8,4.5,Sub-Saharan Africa,Western Africa,Western Africa
0,Africa,Drought/Wildfire,Lesotho,LSO,DR,Drought,INFORM risk-score API,4.4,May,Medium,3,0,4.1,4.4,3.9,Sub-Saharan Africa,Southern Africa,Southern Africa
0,Africa,Drought/Wildfire,Sudan,SDN,DR,Drought,INFORM risk-score API,4.4,June,Medium,3,0,4.2,4.0,4.4,Northern Africa,,Northern Africa
0,Africa,Drought/Wildfire,"Tanzania, United Republic of",TZA,DR,Drought,INFORM risk-score API,4.4,April,Medium,3,0,4.4,4.3,4.2,Sub-Saharan Africa,Eastern Africa,Eastern Africa
0,Africa,Drought/Wildfire,Mauritania,MRT,DR,Drought,INFORM risk-score API,4.2,April,Medium,3,0,4.2,4.2,4.2,Sub-Saharan Africa,Western Africa,Western Africa
0,Africa,Drought/Wildfire,Angola,AGO,DR,Drought,INFORM risk-score API,4.1,April,Medium,3,0,4.1,3.9,3.9,Sub-Saharan Africa,Middle Africa,Middle Africa
0,Africa,Drought/Wildfire,Djibouti,DJI,DR,Drought,INFORM risk-score API,4.1,April,Medium,3,0,4.1,4.1,4.1,Sub-Saharan Africa,Eastern Africa,Eastern Africa
0,Africa,Drought/Wildfire,Madagascar,MDG,DR,Drought,INFORM risk-score API,4.1,April,Medium,3,0,4.1,4.1,4.0,Sub-Saharan Africa,Eastern Africa,Eastern Africa
0,Africa,Drought/Wildfire,Senegal,SEN,DR,Drought,INFORM risk-score API,3.9,June,Medium,1,0,2.7,2.9,3.9,Sub-Saharan Africa,Western Africa,Western Africa
0,Africa,Drought/Wildfire,Eritrea,ERI,DR,Drought,INFORM risk-score API,3.8,April,Medium,2,0,3.8,3.3,3.8,Sub-Saharan Africa,Eastern Africa,Eastern Africa
0,Africa,Drought/Wildfire,"Eswatini, Kingdom of",SWZ,DR,Drought,INFORM risk-score API,3.7,April,Medium,3,0,3.7,3.7,3.7,Sub-Saharan Africa,Southern Africa,Southern Africa
0,Africa,Drought/Wildfire,South Sudan,SSD,DR,Drought,INFORM risk-score API,3.7,June,Medium,1,0,3.3,3.5,3.7,Sub-Saharan Africa,Eastern Africa,Eastern Africa
0,Africa,Drought/Wildfire,Rwanda,RWA,DR,Drought,INFORM risk-score API,3.5,April,Low,3,0,3.5,3.4,3.1,Sub-Saharan Africa,Eastern Africa,Eastern Africa
0,Africa,Drought/Wildfire,Burundi,BDI,DR,Drought,INFORM risk-score API,3.4,April,Low,3,0,3.4,3.4,3.4,Sub-Saharan Africa,Eastern Africa,Eastern Africa
0,Africa,Drought/Wildfire,Cameroon,CMR,DR,Drought,INFORM risk-score API,3.1,April,Low,3,0,3.1,3.0,3.0,Sub-Saharan Africa,Middle Africa,Middle Africa
0,Africa,Drought/Wildfire,Zambia,ZMB,DR,Drought,INFORM risk-score API,2.8,April,Low,3,0,2.8,2.8,2.8,Sub-Saharan Africa,Eastern Africa,Eastern Africa
0,Africa,Drought/Wildfire,"Gambia, Republic of The",GMB,DR,Drought,INFORM risk-score API,2.6,June,Low,3,0,2.2,2.2,2.6,Sub-Saharan Africa,Western Africa,Western Africa
0,Africa,Drought/Wildfire,Togo,TGO,DR,Drought,INFORM risk-score API,2.4,April,Low,2,0,2.4,2.2,1.9,Sub-Saharan Africa,Western Africa,Western Africa
0,Africa,Drought/Wildfire,Guinea-Bissau,GNB,DR,Drought,INFORM risk-score API,2.0,June,Very Low,3,0,1.5,1.5,2.0,Sub-Saharan Africa,Western Africa,Western Africa
0,Africa,Drought/Wildfire,Cabo Verde,CPV,DR,Drought,INFORM risk-score API,1.6,April,Very Low,3,0,1.6,1.6,1.6,Sub-Saharan Africa,Western Africa,Western Africa
0,Africa,Drought/Wildfire,Democratic Republic of Congo,COD,DR,Drought,INFORM risk-score API,1.5,April,Very Low,3,0,1.5,1.4,1.4,Sub-Saharan Africa,Middle Africa,Middle Africa
0,Africa,Drought/Wildfire,Gabon,GAB,DR,Drought,INFORM risk-score API,0.9,June,Very Low,3,0,0.6,0.3,0.9,Sub-Saharan Africa,Middle Africa,Middle Africa
0,Africa,Drought/Wildfire,Ghana,GHA,DR,Drought,INFORM risk-score API,0.8,April,Very Low,3,0,0.8,0.8,0.6,Sub-Saharan Africa,Western Africa,Western Africa
0,Africa,Drought/Wildfire,Guinea,GIN,DR,Drought,INFORM risk-score API,0.8,June,Very Low,3,0,0.4,0.7,0.8,Sub-Saharan Africa,Western Africa,Western Africa
0,Africa,Drought/Wildfire,Côte d'Ivoire,CIV,DR,Drought,INFORM risk-score API,0.6,April,Very Low,3,0,0.6,0.3,0.2,Sub-Saharan Africa,Western Africa,Western Africa
0,Africa,Drought/Wildfire,Benin,BEN,DR,Drought,INFORM risk-score API,0.5,April,Very Low,3,0,0.5,0.4,0.2,Sub-Saharan Africa,Western Africa,Western Africa
0,Africa,Drought/Wildfire,Nigeria,NGA,DR,Drought,INFORM risk-score API,0.5,April,Very Low,3,0,0.5,0.4,0.4,Sub-Saharan Africa,Western Africa,Western Africa
0,Africa,Drought/Wildfire,Central African Republic,CAF,DR,Drought,INFORM risk-score API,0.4,April,Very Low,3,0,0.4,0.3,0.1,Sub-Saharan Africa,Middle Africa,Middle Africa
0,Africa,Drought/Wildfire,Congo,COG,DR,Drought,INFORM risk-score API,0.3,April,Very Low,3,0,0.3,0.2,0.3,Sub-Saharan Africa,Middle Africa,Middle Africa
0,Africa,Drought/Wildfire,Mauritius,MUS,DR,Drought,INFORM risk-score API,0.3,April,Very Low,3,0,0.3,0.3,0.3,Sub-Saharan Africa,Eastern Africa,Eastern Africa
0,Africa,Drought/Wildfire,Liberia,LBR,DR,Drought,INFORM risk-score API,0.1,April,Very Low,3,0,0.1,0.1,0.0,Sub-Saharan Africa,Western Africa,Western Africa
0,Africa,Drought/Wildfire,Comoros,COM,DR,Drought,INFORM risk-score API,0.0,April,Very Low,3,0,0.0,0.0,0.0,Sub-Saharan Africa,Eastern Africa,Eastern Africa
0,Africa,Drought/Wildfire,Equatorial Guinea,GNQ,DR,Drought,INFORM risk-score API,0.0,April,Very Low,3,0,0.0,0.0,0.0,Sub-Saharan Africa,Middle Africa,Middle Africa
0,Africa,Drought/Wildfire,Sao Tome and Principe,STP,DR,Drought,INFORM risk-score API,0.0,April,Very Low,3,0,0.0,0.0,0.0,Sub-Saharan Africa,Middle Africa,Middle Africa
0,Africa,Drought/Wildfire,Seychelles,SYC,DR,Drought,INFORM risk-score API,0.0,April,Very Low,3,0,0.0,0.0,0.0,Sub-Saharan Africa,Eastern Africa,Eastern Africa
0,Africa,Drought/Wildfire,Sierra Leone,SLE,DR,Drought,INFORM risk-score API,0.0,April,Very Low,3,0,0.0,0.0,0.0,Sub-Saharan Africa,Western Africa,Western Africa
0,Africa,Floods/TC,"Tanzania, United Republic of",TZA,FL,Flood,INFORM risk-score API,5.8,April,High,1,1,5.8,5.0,0.0,Sub-Saharan Africa,Eastern Africa,Eastern Africa
0,Africa,Floods/TC,Kenya,KEN,FL,Flood,INFORM risk-score API,5.6,May,High,2,2,5.2,5.6,1.1,Sub-Saharan Africa,Eastern Africa,Eastern Africa
0,Africa,Floods/TC,Côte d'Ivoire,CIV,FL,Flood,INFORM risk-score API,5.6,June,High,1,1,0.0,0.0,5.6,Sub-Saharan Africa,Western Africa,Western Africa
0,Africa,Floods/TC,Ghana,GHA,FL,Flood,INFORM risk-score API,4.9,June,Medium,1,0,2.5,0.0,4.9,Sub-Saharan Africa,Western Africa,Western Africa
0,Africa,Floods/TC,Gabon,GAB,FL,Flood,INFORM risk-score API,4.8,June,Medium,1,0,0.0,0.0,4.8,Sub-Saharan Africa,Middle Africa,Middle Africa
0,Africa,Floods/TC,Niger,NER,FL,Flood,INFORM risk-score API,4.6,June,Medium,1,0,0.0,0.0,4.6,Sub-Saharan Africa,Western Africa,Western Africa
0,Africa,Floods/TC,Rwanda,RWA,FL,Flood,INFORM risk-score API,4.4,April,Medium,1,0,4.4,1.3,0.0,Sub-Saharan Africa,Eastern Africa,Eastern Africa
0,Africa,Floods/TC,Somalia,SOM,FL,Flood,INFORM risk-score API,4.2,April,Medium,2,0,4.2,4.2,1.7,Sub-Saharan Africa,Eastern Africa,Eastern Africa
0,Africa,Floods/TC,Liberia,LBR,FL,Flood,INFORM risk-score API,4.1,June,Medium,1,0,0.0,0.0,4.1,Sub-Saharan Africa,Western Africa,Western Africa
0,Africa,Floods/TC,Uganda,UGA,FL,Flood,INFORM risk-score API,3.8,April,Medium,2,0,3.8,3.8,1.3,Sub-Saharan Africa,Eastern Africa,Eastern Africa
0,Africa,Floods/TC,Burundi,BDI,FL,Flood,INFORM risk-score API,3.7,April,Medium,2,0,3.7,3.7,0.7,Sub-Saharan Africa,Eastern Africa,Eastern Africa
0,Africa,Floods/TC,Nigeria,NGA,FL,Flood,INFORM risk-score API,3.7,June,Medium,1,0,1.2,0.6,3.7,Sub-Saharan Africa,Western Africa,Western Africa
0,Africa,Floods/TC,Malawi,MWI,FL,Flood,INFORM risk-score API,3.2,April,Low,1,0,3.2,0.5,0.0,Sub-Saharan Africa,Eastern Africa,Eastern Africa
0,Africa,Floods/TC,Ethiopia,ETH,FL,Flood,INFORM risk-score API,3.1,April,Low,2,0,3.1,2.1,1.0,Sub-Saharan Africa,Eastern Africa,Eastern Africa
0,Africa,Floods/TC,Togo,TGO,FL,Flood,INFORM risk-score API,2.9,June,Low,1,0,0.0,0.0,2.9,Sub-Saharan Africa,Western Africa,Western Africa
0,Africa,Floods/TC,Zambia,ZMB,FL,Flood,INFORM risk-score API,2.8,May,Low,1,0,0.0,2.8,0.9,Sub-Saharan Africa,Eastern Africa,Eastern Africa
0,Africa,Floods/TC,Burkina Faso,BFA,FL,Flood,INFORM risk-score API,2.3,June,Low,1,0,0.0,0.0,2.3,Sub-Saharan Africa,Western Africa,Western Africa
0,Africa,Floods/TC,Benin,BEN,FL,Flood,INFORM risk-score API,2.0,June,Very Low,3,0,0.0,0.0,2.0,Sub-Saharan Africa,Western Africa,Western Africa
0,Africa,Floods/TC,Angola,AGO,FL,Flood,INFORM risk-score API,1.9,April,Very Low,3,0,1.9,0.6,0.3,Sub-Saharan Africa,Middle Africa,Middle Africa
0,Africa,Floods/TC,Democratic Republic of Congo,COD,FL,Flood,INFORM risk-score API,1.9,April,Very Low,3,0,1.9,0.9,0.0,Sub-Saharan Africa,Middle Africa,Middle Africa
0,Africa,Floods/TC,Sudan,SDN,FL,Flood,INFORM risk-score API,1.8,June,Very Low,3,0,0.0,0.0,1.8,Northern Africa,,Northern Africa
0,Africa,Floods/TC,Cameroon,CMR,FL,Flood,INFORM risk-score API,1.7,June,Very Low,3,0,0.0,0.0,1.7,Sub-Saharan Africa,Middle Africa,Middle Africa
0,Africa,Floods/TC,Namibia,NAM,FL,Flood,INFORM risk-score API,1.7,May,Very Low,3,0,0.9,1.7,0.9,Sub-Saharan Africa,Southern Africa,Southern Africa
0,Africa,Floods/TC,Botswana,BWA,FL,Flood,INFORM risk-score API,1.2,May,Very Low,3,0,0.0,1.2,1.2,Sub-Saharan Africa,Southern Africa,Southern Africa
0,Africa,Floods/TC,South Africa,ZAF,FL,Flood,INFORM risk-score API,0.8,May,Very Low,3,0,0.0,0.8,0.8,Sub-Saharan Africa,Southern Africa,Southern Africa
0,Africa,Floods/TC,Mali,MLI,FL,Flood,INFORM risk-score API,0.6,May,Very Low,3,0,0.0,0.6,0.6,Sub-Saharan Africa,Western Africa,Western Africa
0,Africa,Floods/TC,Djibouti,DJI,FL,Flood,INFORM risk-score API,0.4,April,Very Low,3,0,0.4,0.0,0.0,Sub-Saharan Africa,Eastern Africa,Eastern Africa
0,Africa,Floods/TC,Mozambique,MOZ,FL,Flood,INFORM risk-score API,0.4,April,Very Low,3,0,0.4,0.4,0.0,Sub-Saharan Africa,Eastern Africa,Eastern Africa
0,Africa,Floods/TC,Cabo Verde,CPV,FL,Flood,INFORM risk-score API,0.1,April,Very Low,3,0,0.1,0.1,0.1,Sub-Saharan Africa,Western Africa,Western Africa
0,Africa,Floods/TC,Comoros,COM,FL,Flood,INFORM risk-score API,0.1,April,Very Low,3,0,0.1,0.1,0.1,Sub-Saharan Africa,Eastern Africa,Eastern Africa
0,Africa,Floods/TC,Mauritius,MUS,FL,Flood,INFORM risk-score API,0.1,April,Very Low,3,0,0.1,0.1,0.1,Sub-Saharan Africa,Eastern Africa,Eastern Africa
0,Africa,Floods/TC,Sao Tome and Principe,STP,FL,Flood,INFORM risk-score API,0.1,April,Very Low,3,0,0.1,0.1,0.1,Sub-Saharan Africa,Middle Africa,Middle Africa
0,Africa,Floods/TC,Seychelles,SYC,FL,Flood,INFORM risk-score API,0.1,April,Very Low,3,0,0.1,0.1,0.1,Sub-Saharan Africa,Eastern Africa,Eastern Africa
0,Africa,Floods/TC,Central African Republic,CAF,FL,Flood,INFORM risk-score API,0.0,April,Very Low,3,0,0.0,0.0,0.0,Sub-Saharan Africa,Middle Africa,Middle Africa
0,Africa,Floods/TC,Chad,TCD,FL,Flood,INFORM risk-score API,0.0,April,Very Low,3,0,0.0,0.0,0.0,Sub-Saharan Africa,Middle Africa,Middle Africa
0,Africa,Floods/TC,Congo,COG,FL,Flood,INFORM risk-score API,0.0,April,Very Low,3,0,0.0,0.0,0.0,Sub-Saharan Africa,Middle Africa,Middle Africa
0,Africa,Floods/TC,Equatorial Guinea,GNQ,FL,Flood,INFORM risk-score API,0.0,April,Very Low,3,0,0.0,0.0,0.0,Sub-Saharan Africa,Middle Africa,Middle Africa
0,Africa,Floods/TC,Eritrea,ERI,FL,Flood,INFORM risk-score API,0.0,April,Very Low,3,0,0.0,0.0,0.0,Sub-Saharan Africa,Eastern Africa,Eastern Africa
0,Africa,Floods/TC,"Eswatini, Kingdom of",SWZ,FL,Flood,INFORM risk-score API,0.0,April,Very Low,3,0,0.0,0.0,0.0,Sub-Saharan Africa,Southern Africa,Southern Africa
0,Africa,Floods/TC,"Gambia, Republic of The",GMB,FL,Flood,INFORM risk-score API,0.0,April,Very Low,3,0,0.0,0.0,0.0,Sub-Saharan Africa,Western Africa,Western Africa
0,Africa,Floods/TC,Guinea,GIN,FL,Flood,INFORM risk-score API,0.0,April,Very Low,3,0,0.0,0.0,0.0,Sub-Saharan Africa,Western Africa,Western Africa
0,Africa,Floods/TC,Guinea-Bissau,GNB,FL,Flood,INFORM risk-score API,0.0,April,Very Low,3,0,0.0,0.0,0.0,Sub-Saharan Africa,Western Africa,Western Africa
0,Africa,Floods/TC,Lesotho,LSO,FL,Flood,INFORM risk-score API,0.0,April,Very Low,3,0,0.0,0.0,0.0,Sub-Saharan Africa,Southern Africa,Southern Africa
0,Africa,Floods/TC,Madagascar,MDG,FL,Flood,INFORM risk-score API,0.0,April,Very Low,3,0,0.0,0.0,0.0,Sub-Saharan Africa,Eastern Africa,Eastern Africa
0,Africa,Floods/TC,Mauritania,MRT,FL,Flood,INFORM risk-score API,0.0,April,Very Low,3,0,0.0,0.0,0.0,Sub-Saharan Africa,Western Africa,Western Africa
0,Africa,Floods/TC,Senegal,SEN,FL,Flood,INFORM risk-score API,0.0,April,Very Low,3,0,0.0,0.0,0.0,Sub-Saharan Africa,Western Africa,Western Africa
0,Africa,Floods/TC,Sierra Leone,SLE,FL,Flood,INFORM risk-score API,0.0,April,Very Low,3,0,0.0,0.0,0.0,Sub-Saharan Africa,Western Africa,Western Africa
0,Africa,Floods/TC,South Sudan,SSD,FL,Flood,INFORM risk-score API,0.0,April,Very Low,3,0,0.0,0.0,0.0,Sub-Saharan Africa,Eastern Africa,Eastern Africa
0,Africa,Floods/TC,Zimbabwe,ZWE,FL,Flood,INFORM risk-score API,0.0,April,Very Low,3,0,0.0,0.0,0.0,Sub-Saharan Africa,Eastern Africa,Eastern Africa
0,Africa,Floods/TC,Madagascar,MDG,TC,Tropical Cyclone,INFORM risk-score API,4.1,April,Medium,1,0,4.1,0.6,0.1,Sub-Saharan Africa,Eastern Africa,Eastern Africa
0,Africa,Floods/TC,Mauritius,MUS,TC,Tropical Cyclone,INFORM risk-score API,3.4,April,Low,1,0,3.4,0.5,0.1,Sub-Saharan Africa,Eastern Africa,Eastern Africa
0,Africa,Floods/TC,Mozambique,MOZ,TC,Tropical Cyclone,INFORM risk-score API,2.9,April,Low,1,0,2.9,0.4,0.1,Sub-Saharan Africa,Eastern Africa,Eastern Africa
0,Africa,Floods/TC,Comoros,COM,TC,Tropical Cyclone,INFORM risk-score API,1.5,April,Very Low,3,0,1.5,0.2,0.1,Sub-Saharan Africa,Eastern Africa,Eastern Africa
0,Africa,Floods/TC,Somalia,SOM,TC,Tropical Cyclone,INFORM risk-score API,0.6,April,Very Low,3,0,0.6,0.1,0.0,Sub-Saharan Africa,Eastern Africa,Eastern Africa
0,Africa,Floods/TC,Malawi,MWI,TC,Tropical Cyclone,INFORM risk-score API,0.5,April,Very Low,3,0,0.5,0.1,0.1,Sub-Saharan Africa,Eastern Africa,Eastern Africa
0,Africa,Floods/TC,"Tanzania, United Republic of",TZA,TC,Tropical Cyclone,INFORM risk-score API,0.5,April,Very Low,3,0,0.5,0.1,0.0,Sub-Saharan Africa,Eastern Africa,Eastern Africa
0,Africa,Floods/TC,South Africa,ZAF,TC,Tropical Cyclone,INFORM risk-score API,0.3,April,Very Low,3,0,0.3,0.1,0.0,Sub-Saharan Africa,Southern Africa,Southern Africa
0,Africa,Floods/TC,Zimbabwe,ZWE,TC,Tropical Cyclone,INFORM risk-score API,0.3,April,Very Low,3,0,0.3,0.1,0.0,Sub-Saharan Africa,Eastern Africa,Eastern Africa
0,Africa,Floods/TC,"Eswatini, Kingdom of",SWZ,TC,Tropical Cyclone,INFORM risk-score API,0.1,April,Very Low,3,0,0.1,0.0,0.0,Sub-Saharan Africa,Southern Africa,Southern Africa
0,Africa,Floods/TC,Angola,AGO,TC,Tropical Cyclone,INFORM risk-score API,0.0,April,Very Low,3,0,0.0,0.0,0.0,Sub-Saharan Africa,Middle Africa,Middle Africa
0,Africa,Floods/TC,Benin,BEN,TC,Tropical Cyclone,INFORM risk-score API,0.0,April,Very Low,3,0,0.0,0.0,0.0,Sub-Saharan Africa,Western Africa,Western Africa
0,Africa,Floods/TC,Botswana,BWA,TC,Tropical Cyclone,INFORM risk-score API,0.0,April,Very Low,3,0,0.0,0.0,0.0,Sub-Saharan Africa,Southern Africa,Southern Africa
0,Africa,Floods/TC,Burkina Faso,BFA,TC,Tropical Cyclone,INFORM risk-score API,0.0,April,Very Low,3,0,0.0,0.0,0.0,Sub-Saharan Africa,Western Africa,Western Africa
0,Africa,Floods/TC,Burundi,BDI,TC,Tropical Cyclone,INFORM risk-score API,0.0,April,Very Low,3,0,0.0,0.0,0.0,Sub-Saharan Africa,Eastern Africa,Eastern Africa
0,Africa,Floods/TC,Cabo Verde,CPV,TC,Tropical Cyclone,INFORM risk-score API,0.0,April,Very Low,3,0,0.0,0.0,0.0,Sub-Saharan Africa,Western Africa,Western Africa
0,Africa,Floods/TC,Cameroon,CMR,TC,Tropical Cyclone,INFORM risk-score API,0.0,April,Very Low,3,0,0.0,0.0,0.0,Sub-Saharan Africa,Middle Africa,Middle Africa
0,Africa,Floods/TC,Central African Republic,CAF,TC,Tropical Cyclone,INFORM risk-score API,0.0,April,Very Low,3,0,0.0,0.0,0.0,Sub-Saharan Africa,Middle Africa,Middle Africa
0,Africa,Floods/TC,Chad,TCD,TC,Tropical Cyclone,INFORM risk-score API,0.0,April,Very Low,3,0,0.0,0.0,0.0,Sub-Saharan Africa,Middle Africa,Middle Africa
0,Africa,Floods/TC,Congo,COG,TC,Tropical Cyclone,INFORM risk-score API,0.0,April,Very Low,3,0,0.0,0.0,0.0,Sub-Saharan Africa,Middle Africa,Middle Africa
0,Africa,Floods/TC,Côte d'Ivoire,CIV,TC,Tropical Cyclone,INFORM risk-score API,0.0,April,Very Low,3,0,0.0,0.0,0.0,Sub-Saharan Africa,Western Africa,Western Africa
0,Africa,Floods/TC,Democratic Republic of Congo,COD,TC,Tropical Cyclone,INFORM risk-score API,0.0,April,Very Low,3,0,0.0,0.0,0.0,Sub-Saharan Africa,Middle Africa,Middle Africa
0,Africa,Floods/TC,Djibouti,DJI,TC,Tropical Cyclone,INFORM risk-score API,0.0,April,Very Low,3,0,0.0,0.0,0.0,Sub-Saharan Africa,Eastern Africa,Eastern Africa
0,Africa,Floods/TC,Equatorial Guinea,GNQ,TC,Tropical Cyclone,INFORM risk-score API,0.0,April,Very Low,3,0,0.0,0.0,0.0,Sub-Saharan Africa,Middle Africa,Middle Africa
0,Africa,Floods/TC,Eritrea,ERI,TC,Tropical Cyclone,INFORM risk-score API,0.0,April,Very Low,3,0,0.0,0.0,0.0,Sub-Saharan Africa,Eastern Africa,Eastern Africa
0,Africa,Floods/TC,Ethiopia,ETH,TC,Tropical Cyclone,INFORM risk-score API,0.0,April,Very Low,3,0,0.0,0.0,0.0,Sub-Saharan Africa,Eastern Africa,Eastern Africa
0,Africa,Floods/TC,Gabon,GAB,TC,Tropical Cyclone,INFORM risk-score API,0.0,April,Very Low,3,0,0.0,0.0,0.0,Sub-Saharan Africa,Middle Africa,Middle Africa
0,Africa,Floods/TC,"Gambia, Republic of The",GMB,TC,Tropical Cyclone,INFORM risk-score API,0.0,April,Very Low,3,0,0.0,0.0,0.0,Sub-Saharan Africa,Western Africa,Western Africa
0,Africa,Floods/TC,Ghana,GHA,TC,Tropical Cyclone,INFORM risk-score API,0.0,April,Very Low,3,0,0.0,0.0,0.0,Sub-Saharan Africa,Western Africa,Western Africa
0,Africa,Floods/TC,Guinea,GIN,TC,Tropical Cyclone,INFORM risk-score API,0.0,April,Very Low,3,0,0.0,0.0,0.0,Sub-Saharan Africa,Western Africa,Western Africa
0,Africa,Floods/TC,Guinea-Bissau,GNB,TC,Tropical Cyclone,INFORM risk-score API,0.0,April,Very Low,3,0,0.0,0.0,0.0,Sub-Saharan Africa,Western Africa,Western Africa
0,Africa,Floods/TC,Kenya,KEN,TC,Tropical Cyclone,INFORM risk-score API,0.0,April,Very Low,3,0,0.0,0.0,0.0,Sub-Saharan Africa,Eastern Africa,Eastern Africa
0,Africa,Floods/TC,Lesotho,LSO,TC,Tropical Cyclone,INFORM risk-score API,0.0,April,Very Low,3,0,0.0,0.0,0.0,Sub-Saharan Africa,Southern Africa,Southern Africa
0,Africa,Floods/TC,Liberia,LBR,TC,Tropical Cyclone,INFORM risk-score API,0.0,April,Very Low,3,0,0.0,0.0,0.0,Sub-Saharan Africa,Western Africa,Western Africa
0,Africa,Floods/TC,Mali,MLI,TC,Tropical Cyclone,INFORM risk-score API,0.0,April,Very Low,3,0,0.0,0.0,0.0,Sub-Saharan Africa,Western Africa,Western Africa
0,Africa,Floods/TC,Mauritania,MRT,TC,Tropical Cyclone,INFORM risk-score API,0.0,April,Very Low,3,0,0.0,0.0,0.0,Sub-Saharan Africa,Western Africa,Western Africa
0,Africa,Floods/TC,Namibia,NAM,TC,Tropical Cyclone,INFORM risk-score API,0.0,April,Very Low,3,0,0.0,0.0,0.0,Sub-Saharan Africa,Southern Africa,Southern Africa
0,Africa,Floods/TC,Niger,NER,TC,Tropical Cyclone,INFORM risk-score API,0.0,April,Very Low,3,0,0.0,0.0,0.0,Sub-Saharan Africa,Western Africa,Western Africa
0,Africa,Floods/TC,Nigeria,NGA,TC,Tropical Cyclone,INFORM risk-score API,0.0,April,Very Low,3,0,0.0,0.0,0.0,Sub-Saharan Africa,Western Africa,Western Africa
0,Africa,Floods/TC,Rwanda,RWA,TC,Tropical Cyclone,INFORM risk-score API,0.0,April,Very Low,3,0,0.0,0.0,0.0,Sub-Saharan Africa,Eastern Africa,Eastern Africa
0,Africa,Floods/TC,Sao Tome and Principe,STP,TC,Tropical Cyclone,INFORM risk-score API,0.0,April,Very Low,3,0,0.0,0.0,0.0,Sub-Saharan Africa,Middle Africa,Middle Africa
0,Africa,Floods/TC,Senegal,SEN,TC,Tropical Cyclone,INFORM risk-score API,0.0,April,Very Low,3,0,0.0,0.0,0.0,Sub-Saharan Africa,Western Africa,Western Africa
0,Africa,Floods/TC,Seychelles,SYC,TC,Tropical Cyclone,INFORM risk-score API,0.0,April,Very Low,3,0,0.0,0.0,0.0,Sub-Saharan Africa,Eastern Africa,Eastern Africa
0,Africa,Floods/TC,Sierra Leone,SLE,TC,Tropical Cyclone,INFORM risk-score API,0.0,April,Very Low,3,0,0.0,0.0,0.0,Sub-Saharan Africa,Western Africa,Western Africa
0,Africa,Floods/TC,South Sudan,SSD,TC,Tropical Cyclone,INFORM risk-score API,0.0,April,Very Low,3,0,0.0,0.0,0.0,Sub-Saharan Africa,Eastern Africa,Eastern Africa
0,Africa,Floods/TC,Sudan,SDN,TC,Tropical Cyclone,INFORM risk-score API,0.0,April,Very Low,3,0,0.0,0.0,0.0,Northern Africa,,Northern Africa
0,Africa,Floods/TC,Togo,TGO,TC,Tropical Cyclone,INFORM risk-score API,0.0,April,Very Low,3,0,0.0,0.0,0.0,Sub-Saharan Africa,Western Africa,Western Africa
0,Africa,Floods/TC,Uganda,UGA,TC,Tropical Cyclone,INFORM risk-score API,0.0,April,Very Low,3,0,0.0,0.0,0.0,Sub-Saharan Africa,Eastern Africa,Eastern Africa
0,Africa,Floods/TC,Zambia,ZMB,TC,Tropical Cyclone,INFORM risk-score API,0.0,April,Very Low,3,0,0.0,0.0,0.0,Sub-Saharan Africa,Eastern Africa,Eastern Africa
0,Africa,Drought/Wildfire,Mauritania,MRT,WF,Wildfire,GWIS seasonal API,77.47,April,Very High,3,3,77.47307826086957,69.74695,56.887402608695645,Sub-Saharan Africa,Western Africa,Western Africa
0,Africa,Drought/Wildfire,Niger,NER,WF,Wildfire,GWIS seasonal API,73.09,April,Very High,3,3,73.0946547826087,51.19343739130436,35.633676521739126,Sub-Saharan Africa,Western Africa,Western Africa
0,Africa,Drought/Wildfire,Sudan,SDN,WF,Wildfire,GWIS seasonal API,60.83,April,Very High,3,3,60.82505739130435,42.23832217391304,28.09293086956522,Northern Africa,,Northern Africa
0,Africa,Drought/Wildfire,Chad,TCD,WF,Wildfire,GWIS seasonal API,57.82,April,Very High,3,3,57.824509130434784,36.295635652173914,21.185301739130438,Sub-Saharan Africa,Middle Africa,Middle Africa
0,Africa,Drought/Wildfire,Mali,MLI,WF,Wildfire,GWIS seasonal API,55.57,April,Very High,3,3,55.57284086956522,39.99075434782609,26.26544608695652,Sub-Saharan Africa,Western Africa,Western Africa
0,Africa,Drought/Wildfire,Somalia,SOM,WF,Wildfire,GWIS seasonal API,46.4,June,Very High,1,3,13.04249,13.394970434782609,46.40415782608696,Sub-Saharan Africa,Eastern Africa,Eastern Africa
0,Africa,Drought/Wildfire,Senegal,SEN,WF,Wildfire,GWIS seasonal API,45.77,April,Very High,3,3,45.768124782608695,38.55971869565217,24.788813478260867,Sub-Saharan Africa,Western Africa,Western Africa
0,Africa,Drought/Wildfire,Djibouti,DJI,WF,Wildfire,GWIS seasonal API,42.36,June,Very High,3,3,28.765558260869565,23.030448260869562,42.363991739130434,Sub-Saharan Africa,Eastern Africa,Eastern Africa
0,Africa,Drought/Wildfire,Burkina Faso,BFA,WF,Wildfire,GWIS seasonal API,35.26,April,Very High,2,3,35.25683652173913,21.10259565217391,11.76108304347826,Sub-Saharan Africa,Western Africa,Western Africa
0,Africa,Drought/Wildfire,Namibia,NAM,WF,Wildfire,GWIS seasonal API,34.15,June,Very High,3,3,17.350425217391304,31.39673043478261,34.15309347826087,Sub-Saharan Africa,Southern Africa,Southern Africa
0,Africa,Drought/Wildfire,Eritrea,ERI,WF,Wildfire,GWIS seasonal API,28.91,June,Very High,3,3,28.347669130434785,28.564325217391303,28.910446956521742,Sub-Saharan Africa,Eastern Africa,Eastern Africa
0,Africa,Drought/Wildfire,Nigeria,NGA,WF,Wildfire,GWIS seasonal API,24.78,April,Very High,1,2,24.77946521739131,12.05759347826087,5.989051739130434,Sub-Saharan Africa,Western Africa,Western Africa
0,Africa,Drought/Wildfire,Angola,AGO,WF,Wildfire,GWIS seasonal API,21.18,June,Very High,1,2,2.439751739130435,11.738365217391303,21.183466956521738,Sub-Saharan Africa,Middle Africa,Middle Africa
0,Africa,Drought/Wildfire,Botswana,BWA,WF,Wildfire,GWIS seasonal API,20.9,June,Very High,2,3,12.43590608695652,20.433921739130437,20.90467304347826,Sub-Saharan Africa,Southern Africa,Southern Africa
0,Africa,Drought/Wildfire,South Sudan,SSD,WF,Wildfire,GWIS seasonal API,20.29,April,Very High,1,1,20.292578695652175,7.404848695652174,3.5131160869565217,Sub-Saharan Africa,Eastern Africa,Eastern Africa
0,Africa,Drought/Wildfire,Guinea-Bissau,GNB,WF,Wildfire,GWIS seasonal API,18.72,April,Very High,1,2,18.721898260869565,14.764156956521738,5.110555217391304,Sub-Saharan Africa,Western Africa,Western Africa
0,Africa,Drought/Wildfire,Benin,BEN,WF,Wildfire,GWIS seasonal API,16.13,April,High,1,1,16.126698695652173,6.612217391304348,2.6685660869565218,Sub-Saharan Africa,Western Africa,Western Africa
0,Africa,Drought/Wildfire,Zambia,ZMB,WF,Wildfire,GWIS seasonal API,14.89,June,High,2,2,2.5591956521739125,9.035359130434783,14.886929130434781,Sub-Saharan Africa,Eastern Africa,Eastern Africa
0,Africa,Drought/Wildfire,Ethiopia,ETH,WF,Wildfire,GWIS seasonal API,14.49,June,High,2,2,11.254337826086958,7.9039786956521745,14.486801304347827,Sub-Saharan Africa,Eastern Africa,Eastern Africa
0,Africa,Drought/Wildfire,Guinea,GIN,WF,Wildfire,GWIS seasonal API,14.45,April,High,1,1,14.449994347826088,5.674888695652173,0.6822147826086957,Sub-Saharan Africa,Western Africa,Western Africa
0,Africa,Drought/Wildfire,Cabo Verde,CPV,WF,Wildfire,GWIS seasonal API,12.86,April,High,3,3,12.856981304347824,12.462309130434782,10.099072173913044,Sub-Saharan Africa,Western Africa,Western Africa
0,Africa,Drought/Wildfire,Zimbabwe,ZWE,WF,Wildfire,GWIS seasonal API,12.57,June,High,2,2,5.20151,10.065860869565217,12.57153739130435,Sub-Saharan Africa,Eastern Africa,Eastern Africa
0,Africa,Drought/Wildfire,South Africa,ZAF,WF,Wildfire,GWIS seasonal API,12.36,May,High,3,3,10.039887391304347,12.364334347826086,12.301091304347825,Sub-Saharan Africa,Southern Africa,Southern Africa
0,Africa,Drought/Wildfire,"Gambia, Republic of The",GMB,WF,Wildfire,GWIS seasonal API,11.19,April,High,1,1,11.191976956521739,8.821813043478262,7.507181739130434,Sub-Saharan Africa,Western Africa,Western Africa
0,Africa,Drought/Wildfire,"Tanzania, United Republic of",TZA,WF,Wildfire,GWIS seasonal API,10.23,June,High,1,1,1.1651260869565219,4.337859565217392,10.23322347826087,Sub-Saharan Africa,Eastern Africa,Eastern Africa
0,Africa,Drought/Wildfire,Mauritius,MUS,WF,Wildfire,GWIS seasonal API,8.77,June,Medium,1,0,2.425809565217391,4.343620434782609,8.770222608695653,Sub-Saharan Africa,Eastern Africa,Eastern Africa
0,Africa,Drought/Wildfire,Mozambique,MOZ,WF,Wildfire,GWIS seasonal API,8.48,June,Medium,2,0,2.91576,6.0057208695652164,8.475114782608696,Sub-Saharan Africa,Eastern Africa,Eastern Africa
0,Africa,Drought/Wildfire,Madagascar,MDG,WF,Wildfire,GWIS seasonal API,8.36,June,Medium,2,0,2.3653573913043475,5.4996478260869575,8.359461304347827,Sub-Saharan Africa,Eastern Africa,Eastern Africa
0,Africa,Drought/Wildfire,Central African Republic,CAF,WF,Wildfire,GWIS seasonal API,8.07,April,Medium,1,0,8.072602173913044,2.119711304347826,0.5775304347826087,Sub-Saharan Africa,Middle Africa,Middle Africa
0,Africa,Drought/Wildfire,Malawi,MWI,WF,Wildfire,GWIS seasonal API,7.61,June,Medium,1,0,1.574551739130435,4.838865217391304,7.614281739130434,Sub-Saharan Africa,Eastern Africa,Eastern Africa
0,Africa,Drought/Wildfire,"Eswatini, Kingdom of",SWZ,WF,Wildfire,GWIS seasonal API,7.48,June,Medium,1,0,1.937066956521739,4.201755217391304,7.482152173913043,Sub-Saharan Africa,Southern Africa,Southern Africa
0,Africa,Drought/Wildfire,Togo,TGO,WF,Wildfire,GWIS seasonal API,7.01,April,Medium,1,0,7.009705652173913,3.040764347826087,1.5146339130434785,Sub-Saharan Africa,Western Africa,Western Africa
0,Africa,Drought/Wildfire,Democratic Republic of Congo,COD,WF,Wildfire,GWIS seasonal API,6.98,June,Medium,1,0,0.35426826086956525,2.2515447826086956,6.981052608695652,Sub-Saharan Africa,Middle Africa,Middle Africa
0,Africa,Drought/Wildfire,Ghana,GHA,WF,Wildfire,GWIS seasonal API,6.19,April,Medium,1,0,6.192887391304348,2.862767391304348,1.241511304347826,Sub-Saharan Africa,Western Africa,Western Africa
0,Africa,Drought/Wildfire,Cameroon,CMR,WF,Wildfire,GWIS seasonal API,5.7,April,Medium,1,0,5.702227826086957,1.8925699999999999,0.7011021739130435,Sub-Saharan Africa,Middle Africa,Middle Africa
0,Africa,Drought/Wildfire,Rwanda,RWA,WF,Wildfire,GWIS seasonal API,4.98,June,Low,1,0,0.49341,1.3608247826086957,4.979366521739131,Sub-Saharan Africa,Eastern Africa,Eastern Africa
0,Africa,Drought/Wildfire,Burundi,BDI,WF,Wildfire,GWIS seasonal API,4.29,June,Low,1,0,0.3342552173913043,1.149273043478261,4.2923599999999995,Sub-Saharan Africa,Eastern Africa,Eastern Africa
0,Africa,Drought/Wildfire,Sierra Leone,SLE,WF,Wildfire,GWIS seasonal API,4.16,April,Low,1,0,4.159020869565218,0.7454934782608695,0.01452304347826087,Sub-Saharan Africa,Western Africa,Western Africa
0,Africa,Drought/Wildfire,Lesotho,LSO,WF,Wildfire,GWIS seasonal API,3.73,June,Low,2,0,1.4479160869565217,2.711008695652174,3.7325126086956524,Sub-Saharan Africa,Southern Africa,Southern Africa
0,Africa,Drought/Wildfire,Uganda,UGA,WF,Wildfire,GWIS seasonal API,2.52,April,Low,1,0,2.52073,0.9029965217391305,1.6671239130434785,Sub-Saharan Africa,Eastern Africa,Eastern Africa
0,Africa,Drought/Wildfire,Côte d'Ivoire,CIV,WF,Wildfire,GWIS seasonal API,2.29,April,Low,1,0,2.2881013043478258,0.8158786956521739,0.35149478260869566,Sub-Saharan Africa,Western Africa,Western Africa
0,Africa,Drought/Wildfire,Comoros,COM,WF,Wildfire,GWIS seasonal API,1.84,June,Very Low,3,0,0.12492826086956522,0.7409521739130434,1.8384734782608698,Sub-Saharan Africa,Eastern Africa,Eastern Africa
0,Africa,Drought/Wildfire,Sao Tome and Principe,STP,WF,Wildfire,GWIS seasonal API,0.88,June,Very Low,3,0,0.05419391304347826,0.17802434782608698,0.8825191304347826,Sub-Saharan Africa,Middle Africa,Middle Africa
0,Africa,Drought/Wildfire,Congo,COG,WF,Wildfire,GWIS seasonal API,0.82,June,Very Low,3,0,0.10239434782608696,0.1401195652173913,0.8154908695652174,Sub-Saharan Africa,Middle Africa,Middle Africa
0,Africa,Drought/Wildfire,Seychelles,SYC,WF,Wildfire,GWIS seasonal API,0.38,June,Very Low,3,0,0.16757130434782608,0.2990965217391304,0.3806391304347826,Sub-Saharan Africa,Eastern Africa,Eastern Africa
0,Africa,Drought/Wildfire,Gabon,GAB,WF,Wildfire,GWIS seasonal API,0.36,June,Very Low,3,0,0.014885217391304347,0.040467826086956524,0.3645282608695652,Sub-Saharan Africa,Middle Africa,Middle Africa
0,Africa,Drought/Wildfire,Liberia,LBR,WF,Wildfire,GWIS seasonal API,0.1,April,Very Low,3,0,0.10421304347826087,0.013863043478260869,0.002940869565217391,Sub-Saharan Africa,Western Africa,Western Africa
0,Africa,Drought/Wildfire,Equatorial Guinea,GNQ,WF,Wildfire,GWIS seasonal API,0.02,June,Very Low,3,0,0.004077391304347826,0.0025826086956521736,0.019479565217391304,Sub-Saharan Africa,Middle Africa,Middle Africa
1,Americas,Drought/Wildfire,Cuba,CUB,DR,Drought,INFORM risk-score API,4.9,May,Medium,3,0,4.1,4.9,4.2,Latin America and the Caribbean,Caribbean,Caribbean
1,Americas,Drought/Wildfire,Canada,CAN,DR,Drought,INFORM risk-score API,4.7,April,Medium,2,0,4.7,4.0,3.4,Northern America,,Northern America
1,Americas,Drought/Wildfire,Honduras,HND,DR,Drought,INFORM risk-score API,4.6,May,Medium,3,0,4.3,4.6,4.5,Latin America and the Caribbean,Central America,Central America
1,Americas,Drought/Wildfire,Brazil,BRA,DR,Drought,INFORM risk-score API,4.5,April,Medium,3,0,4.5,4.5,4.5,Latin America and the Caribbean,South America,South America
1,Americas,Drought/Wildfire,United States,USA,DR,Drought,INFORM risk-score API,4.2,April,Medium,2,0,4.2,3.8,3.4,Northern America,,Northern America
1,Americas,Drought/Wildfire,Bolivia,BOL,DR,Drought,INFORM risk-score API,4.1,April,Medium,3,0,4.1,4.1,4.1,Latin America and the Caribbean,South America,South America
1,Americas,Drought/Wildfire,Nicaragua,NIC,DR,Drought,INFORM risk-score API,4.1,May,Medium,2,0,3.2,4.1,4.1,Latin America and the Caribbean,Central America,Central America
1,Americas,Drought/Wildfire,Peru,PER,DR,Drought,INFORM risk-score API,4.0,April,Medium,3,0,4.0,3.7,3.7,Latin America and the Caribbean,South America,South America
1,Americas,Drought/Wildfire,Haiti,HTI,DR,Drought,INFORM risk-score API,3.9,May,Medium,3,0,3.8,3.9,3.7,Latin America and the Caribbean,Caribbean,Caribbean
1,Americas,Drought/Wildfire,Guatemala,GTM,DR,Drought,INFORM risk-score API,3.8,April,Medium,3,0,3.8,3.8,3.8,Latin America and the Caribbean,Central America,Central America
1,Americas,Drought/Wildfire,Mexico,MEX,DR,Drought,INFORM risk-score API,3.8,June,Medium,2,0,3.4,3.6,3.8,Latin America and the Caribbean,Central America,Central America
1,Americas,Drought/Wildfire,El Salvador,SLV,DR,Drought,INFORM risk-score API,3.7,April,Medium,2,0,3.7,3.6,3.3,Latin America and the Caribbean,Central America,Central America
1,Americas,Drought/Wildfire,Guyana,GUY,DR,Drought,INFORM risk-score API,3.6,May,Medium,2,0,3.1,3.6,3.6,Latin America and the Caribbean,South America,South America
1,Americas,Drought/Wildfire,Paraguay,PRY,DR,Drought,INFORM risk-score API,3.5,April,Low,3,0,3.5,3.5,3.5,Latin America and the Caribbean,South America,South America
1,Americas,Drought/Wildfire,Ecuador,ECU,DR,Drought,INFORM risk-score API,2.7,April,Low,3,0,2.7,2.5,2.4,Latin America and the Caribbean,South America,South America
1,Americas,Drought/Wildfire,Uruguay,URY,DR,Drought,INFORM risk-score API,2.5,April,Low,3,0,2.5,2.5,2.1,Latin America and the Caribbean,South America,South America
1,Americas,Drought/Wildfire,Jamaica,JAM,DR,Drought,INFORM risk-score API,2.4,April,Low,2,0,2.4,2.1,1.8,Latin America and the Caribbean,Caribbean,Caribbean
1,Americas,Drought/Wildfire,Argentina,ARG,DR,Drought,INFORM risk-score API,2.3,April,Low,2,0,2.3,2.2,2.0,Latin America and the Caribbean,South America,South America
1,Americas,Drought/Wildfire,Colombia,COL,DR,Drought,INFORM risk-score API,1.9,April,Very Low,3,0,1.9,1.9,1.8,Latin America and the Caribbean,South America,South America
1,Americas,Drought/Wildfire,Panama,PAN,DR,Drought,INFORM risk-score API,1.3,May,Very Low,3,0,1.0,1.3,1.2,Latin America and the Caribbean,Central America,Central America
1,Americas,Drought/Wildfire,Venezuela,VEN,DR,Drought,INFORM risk-score API,1.3,May,Very Low,3,0,0.8,1.3,1.1,Latin America and the Caribbean,South America,South America
1,Americas,Drought/Wildfire,Belize,BLZ,DR,Drought,INFORM risk-score API,1.0,June,Very Low,3,0,0.0,0.5,1.0,Latin America and the Caribbean,Central America,Central America
1,Americas,Drought/Wildfire,Costa Rica,CRI,DR,Drought,INFORM risk-score API,1.0,April,Very Low,3,0,1.0,1.0,1.0,Latin America and the Caribbean,Central America,Central America
1,Americas,Drought/Wildfire,Dominican Republic,DOM,DR,Drought,INFORM risk-score API,1.0,April,Very Low,3,0,1.0,0.7,0.5,Latin America and the Caribbean,Caribbean,Caribbean
1,Americas,Drought/Wildfire,Barbados,BRB,DR,Drought,INFORM risk-score API,0.5,April,Very Low,3,0,0.5,0.5,0.5,Latin America and the Caribbean,Caribbean,Caribbean
1,Americas,Drought/Wildfire,Grenada,GRD,DR,Drought,INFORM risk-score API,0.5,April,Very Low,3,0,0.5,0.5,0.5,Latin America and the Caribbean,Caribbean,Caribbean
1,Americas,Drought/Wildfire,Saint Lucia,LCA,DR,Drought,INFORM risk-score API,0.5,April,Very Low,3,0,0.5,0.5,0.5,Latin America and the Caribbean,Caribbean,Caribbean
1,Americas,Drought/Wildfire,Saint Vincent and the Grenadines,VCT,DR,Drought,INFORM risk-score API,0.5,April,Very Low,3,0,0.5,0.5,0.5,Latin America and the Caribbean,Caribbean,Caribbean
1,Americas,Drought/Wildfire,Chile,CHL,DR,Drought,INFORM risk-score API,0.3,April,Very Low,3,0,0.3,0.3,0.3,Latin America and the Caribbean,South America,South America
1,Americas,Drought/Wildfire,Trinidad and Tobago,TTO,DR,Drought,INFORM risk-score API,0.3,April,Very Low,3,0,0.3,0.3,0.3,Latin America and the Caribbean,Caribbean,Caribbean
1,Americas,Drought/Wildfire,Antigua and Barbuda,ATG,DR,Drought,INFORM risk-score API,0.0,April,Very Low,3,0,0.0,0.0,0.0,Latin America and the Caribbean,Caribbean,Caribbean
1,Americas,Drought/Wildfire,Bahamas,BHS,DR,Drought,INFORM risk-score API,0.0,April,Very Low,3,0,0.0,0.0,0.0,Latin America and the Caribbean,Caribbean,Caribbean
1,Americas,Drought/Wildfire,Dominica,DMA,DR,Drought,INFORM risk-score API,0.0,April,Very Low,3,0,0.0,0.0,0.0,Latin America and the Caribbean,Caribbean,Caribbean
1,Americas,Drought/Wildfire,Saint Kitts and Nevis,KNA,DR,Drought,INFORM risk-score API,0.0,April,Very Low,3,0,0.0,0.0,0.0,Latin America and the Caribbean,Caribbean,Caribbean
1,Americas,Drought/Wildfire,Suriname,SUR,DR,Drought,INFORM risk-score API,0.0,April,Very Low,3,0,0.0,0.0,0.0,Latin America and the Caribbean,South America,South America
1,Americas,Floods/TC,Suriname,SUR,FL,Flood,INFORM risk-score API,8.6,May,Very High,2,2,0.0,8.6,8.6,Latin America and the Caribbean,South America,South America
1,Americas,Floods/TC,Colombia,COL,FL,Flood,INFORM risk-score API,6.8,April,Very High,1,1,6.8,4.8,3.4,Latin America and the Caribbean,South America,South America
1,Americas,Floods/TC,Argentina,ARG,FL,Flood,INFORM risk-score API,6.5,April,High,1,1,6.5,2.4,1.6,Latin America and the Caribbean,South America,South America
1,Americas,Floods/TC,United States,USA,FL,Flood,INFORM risk-score API,6.4,May,High,1,1,4.2,6.4,3.5,Northern America,,Northern America
1,Americas,Floods/TC,Chile,CHL,FL,Flood,INFORM risk-score API,5.6,June,High,1,1,1.6,4.0,5.6,Latin America and the Caribbean,South America,South America
1,Americas,Floods/TC,Canada,CAN,FL,Flood,INFORM risk-score API,5.2,April,High,1,1,5.2,4.0,3.5,Northern America,,Northern America
1,Americas,Floods/TC,Dominican Republic,DOM,FL,Flood,INFORM risk-score API,4.6,May,Medium,1,0,1.5,4.6,3.1,Latin America and the Caribbean,Caribbean,Caribbean
1,Americas,Floods/TC,Venezuela,VEN,FL,Flood,INFORM risk-score API,4.5,June,Medium,1,0,1.1,1.1,4.5,Latin America and the Caribbean,South America,South America
1,Americas,Floods/TC,Brazil,BRA,FL,Flood,INFORM risk-score API,4.3,April,Medium,2,0,4.3,3.2,4.3,Latin America and the Caribbean,South America,South America
1,Americas,Floods/TC,Haiti,HTI,FL,Flood,INFORM risk-score API,4.3,May,Medium,1,0,1.3,4.3,2.6,Latin America and the Caribbean,Caribbean,Caribbean
1,Americas,Floods/TC,Uruguay,URY,FL,Flood,INFORM risk-score API,3.9,May,Medium,1,0,2.3,3.9,1.6,Latin America and the Caribbean,South America,South America
1,Americas,Floods/TC,Cuba,CUB,FL,Flood,INFORM risk-score API,3.6,April,Medium,2,0,3.6,1.8,3.6,Latin America and the Caribbean,Caribbean,Caribbean
1,Americas,Floods/TC,Jamaica,JAM,FL,Flood,INFORM risk-score API,3.1,May,Low,2,0,0.0,3.1,3.1,Latin America and the Caribbean,Caribbean,Caribbean
1,Americas,Floods/TC,Nicaragua,NIC,FL,Flood,INFORM risk-score API,2.9,May,Low,2,0,0.0,2.9,2.9,Latin America and the Caribbean,Central America,Central America
1,Americas,Floods/TC,Honduras,HND,FL,Flood,INFORM risk-score API,2.6,June,Low,1,0,0.0,0.6,2.6,Latin America and the Caribbean,Central America,Central America
1,Americas,Floods/TC,Ecuador,ECU,FL,Flood,INFORM risk-score API,2.5,April,Low,2,0,2.5,2.5,0.8,Latin America and the Caribbean,South America,South America
1,Americas,Floods/TC,Guyana,GUY,FL,Flood,INFORM risk-score API,2.4,May,Low,1,0,0.0,2.4,0.0,Latin America and the Caribbean,South America,South America
1,Americas,Floods/TC,Paraguay,PRY,FL,Flood,INFORM risk-score API,2.4,April,Low,1,0,2.4,1.2,1.2,Latin America and the Caribbean,South America,South America
1,Americas,Floods/TC,Guatemala,GTM,FL,Flood,INFORM risk-score API,1.9,June,Very Low,3,0,0.0,0.6,1.9,Latin America and the Caribbean,Central America,Central America
1,Americas,Floods/TC,Mexico,MEX,FL,Flood,INFORM risk-score API,1.9,June,Very Low,3,0,0.5,1.4,1.9,Latin America and the Caribbean,Central America,Central America
1,Americas,Floods/TC,Peru,PER,FL,Flood,INFORM risk-score API,1.5,May,Very Low,3,0,1.0,1.5,0.0,Latin America and the Caribbean,South America,South America
1,Americas,Floods/TC,Costa Rica,CRI,FL,Flood,INFORM risk-score API,1.3,May,Very Low,3,0,0.0,1.3,0.7,Latin America and the Caribbean,Central America,Central America
1,Americas,Floods/TC,Bolivia,BOL,FL,Flood,INFORM risk-score API,1.2,April,Very Low,3,0,1.2,0.4,0.0,Latin America and the Caribbean,South America,South America
1,Americas,Floods/TC,El Salvador,SLV,FL,Flood,INFORM risk-score API,1.2,June,Very Low,3,0,0.0,0.6,1.2,Latin America and the Caribbean,Central America,Central America
1,Americas,Floods/TC,Panama,PAN,FL,Flood,INFORM risk-score API,1.1,May,Very Low,3,0,0.0,1.1,0.4,Latin America and the Caribbean,Central America,Central America
1,Americas,Floods/TC,Antigua and Barbuda,ATG,FL,Flood,INFORM risk-score API,0.1,April,Very Low,3,0,0.1,0.1,0.1,Latin America and the Caribbean,Caribbean,Caribbean
1,Americas,Floods/TC,Bahamas,BHS,FL,Flood,INFORM risk-score API,0.1,April,Very Low,3,0,0.1,0.1,0.1,Latin America and the Caribbean,Caribbean,Caribbean
1,Americas,Floods/TC,Barbados,BRB,FL,Flood,INFORM risk-score API,0.1,April,Very Low,3,0,0.1,0.1,0.1,Latin America and the Caribbean,Caribbean,Caribbean
1,Americas,Floods/TC,Dominica,DMA,FL,Flood,INFORM risk-score API,0.1,April,Very Low,3,0,0.1,0.1,0.1,Latin America and the Caribbean,Caribbean,Caribbean
1,Americas,Floods/TC,Grenada,GRD,FL,Flood,INFORM risk-score API,0.1,April,Very Low,3,0,0.1,0.1,0.1,Latin America and the Caribbean,Caribbean,Caribbean
1,Americas,Floods/TC,Saint Kitts and Nevis,KNA,FL,Flood,INFORM risk-score API,0.1,April,Very Low,3,0,0.1,0.1,0.1,Latin America and the Caribbean,Caribbean,Caribbean
1,Americas,Floods/TC,Saint Lucia,LCA,FL,Flood,INFORM risk-score API,0.1,April,Very Low,3,0,0.1,0.1,0.1,Latin America and the Caribbean,Caribbean,Caribbean
1,Americas,Floods/TC,Saint Vincent and the Grenadines,VCT,FL,Flood,INFORM risk-score API,0.1,April,Very Low,3,0,0.1,0.1,0.1,Latin America and the Caribbean,Caribbean,Caribbean
1,Americas,Floods/TC,Belize,BLZ,FL,Flood,INFORM risk-score API,0.0,April,Very Low,3,0,0.0,0.0,0.0,Latin America and the Caribbean,Central America,Central America
1,Americas,Floods/TC,Trinidad and Tobago,TTO,FL,Flood,INFORM risk-score API,0.0,April,Very Low,3,0,0.0,0.0,0.0,Latin America and the Caribbean,Caribbean,Caribbean
1,Americas,Floods/TC,El Salvador,SLV,TC,Tropical Cyclone,INFORM risk-score API,1.2,June,Very Low,3,0,0.0,0.3,1.2,Latin America and the Caribbean,Central America,Central America
1,Americas,Floods/TC,United States,USA,TC,Tropical Cyclone,INFORM risk-score API,0.8,June,Very Low,3,0,0.2,0.5,0.8,Northern America,,Northern America
1,Americas,Floods/TC,Mexico,MEX,TC,Tropical Cyclone,INFORM risk-score API,0.6,June,Very Low,3,0,0.0,0.2,0.6,Latin America and the Caribbean,Central America,Central America
1,Americas,Floods/TC,Guatemala,GTM,TC,Tropical Cyclone,INFORM risk-score API,0.4,June,Very Low,3,0,0.0,0.1,0.4,Latin America and the Caribbean,Central America,Central America
1,Americas,Floods/TC,Honduras,HND,TC,Tropical Cyclone,INFORM risk-score API,0.4,June,Very Low,3,0,0.0,0.1,0.4,Latin America and the Caribbean,Central America,Central America
1,Americas,Floods/TC,Nicaragua,NIC,TC,Tropical Cyclone,INFORM risk-score API,0.4,June,Very Low,3,0,0.0,0.1,0.4,Latin America and the Caribbean,Central America,Central America
1,Americas,Floods/TC,Canada,CAN,TC,Tropical Cyclone,INFORM risk-score API,0.2,June,Very Low,3,0,0.0,0.1,0.2,Northern America,,Northern America
1,Americas,Floods/TC,Antigua and Barbuda,ATG,TC,Tropical Cyclone,INFORM risk-score API,0.1,June,Very Low,3,0,0.0,0.0,0.1,Latin America and the Caribbean,Caribbean,Caribbean
1,Americas,Floods/TC,Bahamas,BHS,TC,Tropical Cyclone,INFORM risk-score API,0.1,June,Very Low,3,0,0.0,0.0,0.1,Latin America and the Caribbean,Caribbean,Caribbean
1,Americas,Floods/TC,Barbados,BRB,TC,Tropical Cyclone,INFORM risk-score API,0.1,June,Very Low,3,0,0.0,0.0,0.1,Latin America and the Caribbean,Caribbean,Caribbean
1,Americas,Floods/TC,Belize,BLZ,TC,Tropical Cyclone,INFORM risk-score API,0.1,June,Very Low,3,0,0.0,0.0,0.1,Latin America and the Caribbean,Central America,Central America
1,Americas,Floods/TC,Cuba,CUB,TC,Tropical Cyclone,INFORM risk-score API,0.1,June,Very Low,3,0,0.0,0.0,0.1,Latin America and the Caribbean,Caribbean,Caribbean
1,Americas,Floods/TC,Dominica,DMA,TC,Tropical Cyclone,INFORM risk-score API,0.1,June,Very Low,3,0,0.0,0.0,0.1,Latin America and the Caribbean,Caribbean,Caribbean
1,Americas,Floods/TC,Dominican Republic,DOM,TC,Tropical Cyclone,INFORM risk-score API,0.1,June,Very Low,3,0,0.0,0.0,0.1,Latin America and the Caribbean,Caribbean,Caribbean
1,Americas,Floods/TC,Haiti,HTI,TC,Tropical Cyclone,INFORM risk-score API,0.1,June,Very Low,3,0,0.0,0.0,0.1,Latin America and the Caribbean,Caribbean,Caribbean
1,Americas,Floods/TC,Jamaica,JAM,TC,Tropical Cyclone,INFORM risk-score API,0.1,June,Very Low,3,0,0.0,0.0,0.1,Latin America and the Caribbean,Caribbean,Caribbean
1,Americas,Floods/TC,Saint Kitts and Nevis,KNA,TC,Tropical Cyclone,INFORM risk-score API,0.1,June,Very Low,3,0,0.0,0.0,0.1,Latin America and the Caribbean,Caribbean,Caribbean
1,Americas,Floods/TC,Saint Lucia,LCA,TC,Tropical Cyclone,INFORM risk-score API,0.1,June,Very Low,3,0,0.0,0.0,0.1,Latin America and the Caribbean,Caribbean,Caribbean
1,Americas,Floods/TC,Saint Vincent and the Grenadines,VCT,TC,Tropical Cyclone,INFORM risk-score API,0.1,June,Very Low,3,0,0.0,0.0,0.1,Latin America and the Caribbean,Caribbean,Caribbean
1,Americas,Floods/TC,Argentina,ARG,TC,Tropical Cyclone,INFORM risk-score API,0.0,April,Very Low,3,0,0.0,0.0,0.0,Latin America and the Caribbean,South America,South America
1,Americas,Floods/TC,Bolivia,BOL,TC,Tropical Cyclone,INFORM risk-score API,0.0,April,Very Low,3,0,0.0,0.0,0.0,Latin America and the Caribbean,South America,South America
1,Americas,Floods/TC,Brazil,BRA,TC,Tropical Cyclone,INFORM risk-score API,0.0,April,Very Low,3,0,0.0,0.0,0.0,Latin America and the Caribbean,South America,South America
1,Americas,Floods/TC,Chile,CHL,TC,Tropical Cyclone,INFORM risk-score API,0.0,April,Very Low,3,0,0.0,0.0,0.0,Latin America and the Caribbean,South America,South America
1,Americas,Floods/TC,Colombia,COL,TC,Tropical Cyclone,INFORM risk-score API,0.0,April,Very Low,3,0,0.0,0.0,0.0,Latin America and the Caribbean,South America,South America
1,Americas,Floods/TC,Costa Rica,CRI,TC,Tropical Cyclone,INFORM risk-score API,0.0,April,Very Low,3,0,0.0,0.0,0.0,Latin America and the Caribbean,Central America,Central America
1,Americas,Floods/TC,Ecuador,ECU,TC,Tropical Cyclone,INFORM risk-score API,0.0,April,Very Low,3,0,0.0,0.0,0.0,Latin America and the Caribbean,South America,South America
1,Americas,Floods/TC,Grenada,GRD,TC,Tropical Cyclone,INFORM risk-score API,0.0,April,Very Low,3,0,0.0,0.0,0.0,Latin America and the Caribbean,Caribbean,Caribbean
1,Americas,Floods/TC,Guyana,GUY,TC,Tropical Cyclone,INFORM risk-score API,0.0,April,Very Low,3,0,0.0,0.0,0.0,Latin America and the Caribbean,South America,South America
1,Americas,Floods/TC,Panama,PAN,TC,Tropical Cyclone,INFORM risk-score API,0.0,April,Very Low,3,0,0.0,0.0,0.0,Latin America and the Caribbean,Central America,Central America
1,Americas,Floods/TC,Paraguay,PRY,TC,Tropical Cyclone,INFORM risk-score API,0.0,April,Very Low,3,0,0.0,0.0,0.0,Latin America and the Caribbean,South America,South America
1,Americas,Floods/TC,Peru,PER,TC,Tropical Cyclone,INFORM risk-score API,0.0,April,Very Low,3,0,0.0,0.0,0.0,Latin America and the Caribbean,South America,South America
1,Americas,Floods/TC,Suriname,SUR,TC,Tropical Cyclone,INFORM risk-score API,0.0,April,Very Low,3,0,0.0,0.0,0.0,Latin America and the Caribbean,South America,South America
1,Americas,Floods/TC,Trinidad and Tobago,TTO,TC,Tropical Cyclone,INFORM risk-score API,0.0,April,Very Low,3,0,0.0,0.0,0.0,Latin America and the Caribbean,Caribbean,Caribbean
1,Americas,Floods/TC,Uruguay,URY,TC,Tropical Cyclone,INFORM risk-score API,0.0,April,Very Low,3,0,0.0,0.0,0.0,Latin America and the Caribbean,South America,South America
1,Americas,Floods/TC,Venezuela,VEN,TC,Tropical Cyclone,INFORM risk-score API,0.0,April,Very Low,3,0,0.0,0.0,0.0,Latin America and the Caribbean,South America,South America
1,Americas,Drought/Wildfire,Mexico,MEX,WF,Wildfire,GWIS seasonal API,26.29,April,Very High,2,3,26.285915652173912,23.01855739130435,15.809559130434781,Latin America and the Caribbean,Central America,Central America
1,Americas,Drought/Wildfire,El Salvador,SLV,WF,Wildfire,GWIS seasonal API,10.54,April,High,1,1,10.539307391304348,2.0698334782608696,0.3209860869565217,Latin America and the Caribbean,Central America,Central America
1,Americas,Drought/Wildfire,United States,USA,WF,Wildfire,GWIS seasonal API,9.53,June,High,1,1,5.340549130434782,6.896156086956521,9.53134347826087,Northern America,,Northern America
1,Americas,Drought/Wildfire,Nicaragua,NIC,WF,Wildfire,GWIS seasonal API,8.09,April,Medium,1,0,8.094919565217392,2.552680434782609,0.27518,Latin America and the Caribbean,Central America,Central America
1,Americas,Drought/Wildfire,Cuba,CUB,WF,Wildfire,GWIS seasonal API,7.16,April,Medium,1,0,7.1644569565217395,3.6535786956521736,1.0792147826086955,Latin America and the Caribbean,Caribbean,Caribbean
1,Americas,Drought/Wildfire,Guatemala,GTM,WF,Wildfire,GWIS seasonal API,5.97,April,Medium,1,0,5.971972173913043,3.2972265217391303,0.34245652173913044,Latin America and the Caribbean,Central America,Central America
1,Americas,Drought/Wildfire,Saint Lucia,LCA,WF,Wildfire,GWIS seasonal API,5.32,May,Medium,2,0,5.1218,5.315475217391304,3.0707604347826085,Latin America and the Caribbean,Caribbean,Caribbean
1,Americas,Drought/Wildfire,Bolivia,BOL,WF,Wildfire,GWIS seasonal API,5.29,June,Medium,1,0,1.419338260869565,3.4070913043478264,5.28695652173913,Latin America and the Caribbean,South America,South America
1,Americas,Drought/Wildfire,Venezuela,VEN,WF,Wildfire,GWIS seasonal API,4.67,April,Low,1,0,4.669630869565218,1.7954778260869564,0.9403130434782608,Latin America and the Caribbean,South America,South America
1,Americas,Drought/Wildfire,Brazil,BRA,WF,Wildfire,GWIS seasonal API,4.52,June,Low,2,0,1.0043065217391303,2.064315217391304,4.523588260869565,Latin America and the Caribbean,South America,South America
1,Americas,Drought/Wildfire,Chile,CHL,WF,Wildfire,GWIS seasonal API,4.48,April,Low,3,0,4.481201739130435,3.853568695652174,3.2919091304347825,Latin America and the Caribbean,South America,South America
1,Americas,Drought/Wildfire,Belize,BLZ,WF,Wildfire,GWIS seasonal API,4.39,April,Low,2,0,4.389860434782608,2.9530986956521743,0.26834608695652173,Latin America and the Caribbean,Central America,Central America
1,Americas,Drought/Wildfire,Costa Rica,CRI,WF,Wildfire,GWIS seasonal API,3.93,April,Low,1,0,3.931925217391304,0.9110273913043478,0.06704565217391303,Latin America and the Caribbean,Central America,Central America
1,Americas,Drought/Wildfire,Dominica,DMA,WF,Wildfire,GWIS seasonal API,3.91,April,Low,3,0,3.9083821739130435,3.358208695652174,2.760867826086957,Latin America and the Caribbean,Caribbean,Caribbean
1,Americas,Drought/Wildfire,Jamaica,JAM,WF,Wildfire,GWIS seasonal API,3.42,April,Low,3,0,3.4161134782608698,2.200661739130435,2.6169669565217393,Latin America and the Caribbean,Caribbean,Caribbean
1,Americas,Drought/Wildfire,Grenada,GRD,WF,Wildfire,GWIS seasonal API,3.16,April,Low,2,0,3.1607321739130434,2.836136956521739,0.7792478260869565,Latin America and the Caribbean,Caribbean,Caribbean
1,Americas,Drought/Wildfire,Barbados,BRB,WF,Wildfire,GWIS seasonal API,3.1,May,Low,2,0,2.851174347826087,3.104631739130435,1.4865165217391303,Latin America and the Caribbean,Caribbean,Caribbean
1,Americas,Drought/Wildfire,Saint Vincent and the Grenadines,VCT,WF,Wildfire,GWIS seasonal API,3.08,May,Low,2,0,3.0416378260869568,3.083368260869565,1.283914347826087,Latin America and the Caribbean,Caribbean,Caribbean
1,Americas,Drought/Wildfire,Dominican Republic,DOM,WF,Wildfire,GWIS seasonal API,2.96,April,Low,3,0,2.9641660869565216,2.301994347826087,2.7330852173913045,Latin America and the Caribbean,Caribbean,Caribbean
1,Americas,Drought/Wildfire,Bahamas,BHS,WF,Wildfire,GWIS seasonal API,2.92,April,Low,1,0,2.9224552173913043,1.8548686956521738,0.8158760869565218,Latin America and the Caribbean,Caribbean,Caribbean
1,Americas,Drought/Wildfire,Paraguay,PRY,WF,Wildfire,GWIS seasonal API,2.59,April,Low,3,0,2.5891995652173914,2.1592891304347828,2.1320452173913043,Latin America and the Caribbean,South America,South America
1,Americas,Drought/Wildfire,Antigua and Barbuda,ATG,WF,Wildfire,GWIS seasonal API,2.51,April,Low,1,0,2.513813043478261,1.67642,1.8610391304347826,Latin America and the Caribbean,Caribbean,Caribbean
1,Americas,Drought/Wildfire,Saint Kitts and Nevis,KNA,WF,Wildfire,GWIS seasonal API,2.25,April,Low,1,0,2.2526334782608695,1.551714347826087,1.5863682608695655,Latin America and the Caribbean,Caribbean,Caribbean
1,Americas,Drought/Wildfire,Uruguay,URY,WF,Wildfire,GWIS seasonal API,1.76,April,Very Low,3,0,1.7572673913043477,0.7811317391304348,0.35499,Latin America and the Caribbean,South America,South America
1,Americas,Drought/Wildfire,Peru,PER,WF,Wildfire,GWIS seasonal API,1.48,June,Very Low,3,0,0.35702,0.80802,1.48497,Latin America and the Caribbean,South America,South America
1,Americas,Drought/Wildfire,Guyana,GUY,WF,Wildfire,GWIS seasonal API,1.13,April,Very Low,3,0,1.1278121739130436,0.17463739130434783,0.02522565217391304,Latin America and the Caribbean,South America,South America
1,Americas,Drought/Wildfire,Canada,CAN,WF,Wildfire,GWIS seasonal API,1.08,June,Very Low,3,0,0.1898495652173913,0.6928986956521739,1.0764947826086957,Northern America,,Northern America
1,Americas,Drought/Wildfire,Colombia,COL,WF,Wildfire,GWIS seasonal API,0.52,April,Very Low,3,0,0.5214295652173914,0.2510808695652174,0.39301434782608696,Latin America and the Caribbean,South America,South America
1,Americas,Drought/Wildfire,Ecuador,ECU,WF,Wildfire,GWIS seasonal API,0.37,June,Very Low,3,0,0.08695217391304348,0.17231391304347826,0.37335304347826087,Latin America and the Caribbean,South America,South America
1,Americas,Drought/Wildfire,Suriname,SUR,WF,Wildfire,GWIS seasonal API,0.35,April,Very Low,3,0,0.3535230434782609,0.0860608695652174,0.03168130434782609,Latin America and the Caribbean,South America,South America
2,Asia-Pacific,Drought/Wildfire,Afghanistan,AFG,DR,Drought,INFORM risk-score API,7.9,April,Very High,2,3,7.9,7.2,6.2,Southern Asia,,Southern Asia
2,Asia-Pacific,Drought/Wildfire,Thailand,THA,DR,Drought,INFORM risk-score API,5.7,May,High,3,3,5.5,5.7,5.7,South-eastern Asia,,South-eastern Asia
2,Asia-Pacific,Drought/Wildfire,Australia,AUS,DR,Drought,INFORM risk-score API,5.7,May,High,2,2,4.9,5.7,5.4,Australia and New Zealand,,Australia and New Zealand
2,Asia-Pacific,Drought/Wildfire,India,IND,DR,Drought,INFORM risk-score API,5.7,June,High,1,1,4.8,4.8,5.7,Southern Asia,,Southern Asia
2,Asia-Pacific,Drought/Wildfire,"Micronesia, Federated States of",FSM,DR,Drought,INFORM risk-score API,5.4,April,High,3,3,5.4,5.4,5.4,Micronesia,,Micronesia
2,Asia-Pacific,Drought/Wildfire,Cambodia,KHM,DR,Drought,INFORM risk-score API,4.6,May,Medium,3,0,4.2,4.6,4.5,South-eastern Asia,,South-eastern Asia
2,Asia-Pacific,Drought/Wildfire,China,CHN,DR,Drought,INFORM risk-score API,4.6,April,Medium,3,0,4.6,4.6,4.6,Eastern Asia,,Eastern Asia
2,Asia-Pacific,Drought/Wildfire,Mongolia,MNG,DR,Drought,INFORM risk-score API,4.5,April,Medium,2,0,4.5,3.1,3.8,Eastern Asia,,Eastern Asia
2,Asia-Pacific,Drought/Wildfire,Bangladesh,BGD,DR,Drought,INFORM risk-score API,4.4,June,Medium,1,0,3.2,3.5,4.4,Southern Asia,,Southern Asia
2,Asia-Pacific,Drought/Wildfire,Pakistan,PAK,DR,Drought,INFORM risk-score API,4.4,April,Medium,3,0,4.4,3.7,3.8,Southern Asia,,Southern Asia
2,Asia-Pacific,Drought/Wildfire,Philippines,PHL,DR,Drought,INFORM risk-score API,4.1,May,Medium,3,0,3.9,4.1,3.9,South-eastern Asia,,South-eastern Asia
2,Asia-Pacific,Drought/Wildfire,Kiribati,KIR,DR,Drought,INFORM risk-score API,3.8,April,Medium,3,0,3.8,3.8,3.8,Micronesia,,Micronesia
2,Asia-Pacific,Drought/Wildfire,Sri Lanka,LKA,DR,Drought,INFORM risk-score API,3.5,April,Low,3,0,3.5,3.5,3.5,Southern Asia,,Southern Asia
2,Asia-Pacific,Drought/Wildfire,Marshall Islands,MHL,DR,Drought,INFORM risk-score API,3.4,April,Low,3,0,3.4,3.4,3.4,Micronesia,,Micronesia
2,Asia-Pacific,Drought/Wildfire,Viet Nam,VNM,DR,Drought,INFORM risk-score API,3.4,April,Low,3,0,3.4,3.4,3.4,South-eastern Asia,,South-eastern Asia
2,Asia-Pacific,Drought/Wildfire,Democratic People's Republic of Korea,PRK,DR,Drought,INFORM risk-score API,3.3,April,Low,3,0,3.3,3.3,3.3,Eastern Asia,,Eastern Asia
2,Asia-Pacific,Drought/Wildfire,Indonesia,IDN,DR,Drought,INFORM risk-score API,3.1,April,Low,3,0,3.1,3.0,2.9,South-eastern Asia,,South-eastern Asia
2,Asia-Pacific,Drought/Wildfire,Nepal,NPL,DR,Drought,INFORM risk-score API,2.8,June,Low,2,0,2.0,2.5,2.8,Southern Asia,,Southern Asia
2,Asia-Pacific,Drought/Wildfire,Malaysia,MYS,DR,Drought,INFORM risk-score API,2.6,May,Low,3,0,2.5,2.6,2.6,South-eastern Asia,,South-eastern Asia
2,Asia-Pacific,Drought/Wildfire,Papua New Guinea,PNG,DR,Drought,INFORM risk-score API,2.5,April,Low,3,0,2.5,2.5,2.5,Melanesia,,Melanesia
2,Asia-Pacific,Drought/Wildfire,Lao People's Democratic Republic,LAO,DR,Drought,INFORM risk-score API,2.4,April,Low,3,0,2.4,2.4,2.4,South-eastern Asia,,South-eastern Asia
2,Asia-Pacific,Drought/Wildfire,Fiji,FJI,DR,Drought,INFORM risk-score API,2.0,April,Very Low,3,0,2.0,2.0,2.0,Melanesia,,Melanesia
2,Asia-Pacific,Drought/Wildfire,New Zealand,NZL,DR,Drought,INFORM risk-score API,1.5,April,Very Low,3,0,1.5,1.1,0.9,Australia and New Zealand,,Australia and New Zealand
2,Asia-Pacific,Drought/Wildfire,Timor-Leste,TLS,DR,Drought,INFORM risk-score API,1.5,April,Very Low,3,0,1.5,1.5,1.5,South-eastern Asia,,South-eastern Asia
2,Asia-Pacific,Drought/Wildfire,Myanmar,MMR,DR,Drought,INFORM risk-score API,1.0,May,Very Low,3,0,0.6,1.0,1.0,South-eastern Asia,,South-eastern Asia
2,Asia-Pacific,Drought/Wildfire,Solomon Islands,SLB,DR,Drought,INFORM risk-score API,0.8,April,Very Low,3,0,0.8,0.8,0.8,Melanesia,,Melanesia
2,Asia-Pacific,Drought/Wildfire,Japan,JPN,DR,Drought,INFORM risk-score API,0.5,April,Very Low,3,0,0.5,0.3,0.1,Eastern Asia,,Eastern Asia
2,Asia-Pacific,Drought/Wildfire,Samoa,WSM,DR,Drought,INFORM risk-score API,0.5,April,Very Low,3,0,0.5,0.5,0.5,Polynesia,,Polynesia
2,Asia-Pacific,Drought/Wildfire,Tonga,TON,DR,Drought,INFORM risk-score API,0.5,April,Very Low,3,0,0.5,0.5,0.5,Polynesia,,Polynesia
2,Asia-Pacific,Drought/Wildfire,Tuvalu,TUV,DR,Drought,INFORM risk-score API,0.5,April,Very Low,3,0,0.5,0.5,0.5,Polynesia,,Polynesia
2,Asia-Pacific,Drought/Wildfire,Republic of Korea,KOR,DR,Drought,INFORM risk-score API,0.3,April,Very Low,3,0,0.3,0.3,0.3,Eastern Asia,,Eastern Asia
2,Asia-Pacific,Drought/Wildfire,Bhutan,BTN,DR,Drought,INFORM risk-score API,0.0,April,Very Low,3,0,0.0,0.0,0.0,Southern Asia,,Southern Asia
2,Asia-Pacific,Drought/Wildfire,Brunei Darussalam,BRN,DR,Drought,INFORM risk-score API,0.0,April,Very Low,3,0,0.0,0.0,0.0,South-eastern Asia,,South-eastern Asia
2,Asia-Pacific,Drought/Wildfire,Maldives,MDV,DR,Drought,INFORM risk-score API,0.0,April,Very Low,3,0,0.0,0.0,0.0,Southern Asia,,Southern Asia
2,Asia-Pacific,Drought/Wildfire,Palau,PLW,DR,Drought,INFORM risk-score API,0.0,April,Very Low,3,0,0.0,0.0,0.0,Micronesia,,Micronesia
2,Asia-Pacific,Drought/Wildfire,Singapore,SGP,DR,Drought,INFORM risk-score API,0.0,April,Very Low,3,0,0.0,0.0,0.0,South-eastern Asia,,South-eastern Asia
2,Asia-Pacific,Drought/Wildfire,Vanuatu,VUT,DR,Drought,INFORM risk-score API,0.0,April,Very Low,3,0,0.0,0.0,0.0,Melanesia,,Melanesia
2,Asia-Pacific,Floods/TC,Bangladesh,BGD,FL,Flood,INFORM risk-score API,9.2,June,Very High,1,1,0.8,2.5,9.2,Southern Asia,,Southern Asia
2,Asia-Pacific,Floods/TC,China,CHN,FL,Flood,INFORM risk-score API,8.4,June,Very High,1,1,1.1,4.7,8.4,Eastern Asia,,Eastern Asia
2,Asia-Pacific,Floods/TC,Afghanistan,AFG,FL,Flood,INFORM risk-score API,7.2,May,Very High,1,2,5.3,7.2,2.7,Southern Asia,,Southern Asia
2,Asia-Pacific,Floods/TC,Myanmar,MMR,FL,Flood,INFORM risk-score API,5.5,June,High,1,1,0.0,1.1,5.5,South-eastern Asia,,South-eastern Asia
2,Asia-Pacific,Floods/TC,Sri Lanka,LKA,FL,Flood,INFORM risk-score API,4.9,May,Medium,1,0,0.0,4.9,1.8,Southern Asia,,Southern Asia
2,Asia-Pacific,Floods/TC,India,IND,FL,Flood,INFORM risk-score API,4.6,June,Medium,1,0,0.5,1.3,4.6,Southern Asia,,Southern Asia
2,Asia-Pacific,Floods/TC,Philippines,PHL,FL,Flood,INFORM risk-score API,4.2,June,Medium,1,0,0.0,2.7,4.2,South-eastern Asia,,South-eastern Asia
2,Asia-Pacific,Floods/TC,New Zealand,NZL,FL,Flood,INFORM risk-score API,3.8,April,Medium,3,0,3.8,3.8,3.8,Australia and New Zealand,,Australia and New Zealand
2,Asia-Pacific,Floods/TC,Pakistan,PAK,FL,Flood,INFORM risk-score API,2.9,June,Low,1,0,1.1,0.7,2.9,Southern Asia,,Southern Asia
2,Asia-Pacific,Floods/TC,Thailand,THA,FL,Flood,INFORM risk-score API,2.9,May,Low,2,0,1.5,2.9,2.2,South-eastern Asia,,South-eastern Asia
2,Asia-Pacific,Floods/TC,Papua New Guinea,PNG,FL,Flood,INFORM risk-score API,2.5,April,Low,2,0,2.5,0.0,2.5,Melanesia,,Melanesia
2,Asia-Pacific,Floods/TC,Indonesia,IDN,FL,Flood,INFORM risk-score API,2.3,April,Low,1,0,2.3,1.4,1.7,South-eastern Asia,,South-eastern Asia
2,Asia-Pacific,Floods/TC,Lao People's Democratic Republic,LAO,FL,Flood,INFORM risk-score API,2.0,June,Very Low,3,0,0.0,0.0,2.0,South-eastern Asia,,South-eastern Asia
2,Asia-Pacific,Floods/TC,Nepal,NPL,FL,Flood,INFORM risk-score API,2.0,June,Very Low,3,0,0.0,0.8,2.0,Southern Asia,,Southern Asia
2,Asia-Pacific,Floods/TC,Timor-Leste,TLS,FL,Flood,INFORM risk-score API,1.7,June,Very Low,3,0,0.0,0.0,1.7,South-eastern Asia,,South-eastern Asia
2,Asia-Pacific,Floods/TC,Viet Nam,VNM,FL,Flood,INFORM risk-score API,1.7,June,Very Low,3,0,0.6,1.1,1.7,South-eastern Asia,,South-eastern Asia
2,Asia-Pacific,Floods/TC,Democratic People's Republic of Korea,PRK,FL,Flood,INFORM risk-score API,1.6,June,Very Low,3,0,0.0,0.0,1.6,Eastern Asia,,Eastern Asia
2,Asia-Pacific,Floods/TC,Japan,JPN,FL,Flood,INFORM risk-score API,1.6,June,Very Low,3,0,0.0,0.0,1.6,Eastern Asia,,Eastern Asia
2,Asia-Pacific,Floods/TC,Republic of Korea,KOR,FL,Flood,INFORM risk-score API,0.8,May,Very Low,3,0,0.0,0.8,0.0,Eastern Asia,,Eastern Asia
2,Asia-Pacific,Floods/TC,Malaysia,MYS,FL,Flood,INFORM risk-score API,0.5,April,Very Low,3,0,0.5,0.0,0.0,South-eastern Asia,,South-eastern Asia
2,Asia-Pacific,Floods/TC,Fiji,FJI,FL,Flood,INFORM risk-score API,0.1,April,Very Low,3,0,0.1,0.1,0.1,Melanesia,,Melanesia
2,Asia-Pacific,Floods/TC,Kiribati,KIR,FL,Flood,INFORM risk-score API,0.1,April,Very Low,3,0,0.1,0.1,0.1,Micronesia,,Micronesia
2,Asia-Pacific,Floods/TC,Maldives,MDV,FL,Flood,INFORM risk-score API,0.1,April,Very Low,3,0,0.1,0.1,0.1,Southern Asia,,Southern Asia
2,Asia-Pacific,Floods/TC,Marshall Islands,MHL,FL,Flood,INFORM risk-score API,0.1,April,Very Low,3,0,0.1,0.1,0.1,Micronesia,,Micronesia
2,Asia-Pacific,Floods/TC,"Micronesia, Federated States of",FSM,FL,Flood,INFORM risk-score API,0.1,April,Very Low,3,0,0.1,0.1,0.1,Micronesia,,Micronesia
2,Asia-Pacific,Floods/TC,Palau,PLW,FL,Flood,INFORM risk-score API,0.1,April,Very Low,3,0,0.1,0.1,0.1,Micronesia,,Micronesia
2,Asia-Pacific,Floods/TC,Samoa,WSM,FL,Flood,INFORM risk-score API,0.1,April,Very Low,3,0,0.1,0.1,0.1,Polynesia,,Polynesia
2,Asia-Pacific,Floods/TC,Singapore,SGP,FL,Flood,INFORM risk-score API,0.1,April,Very Low,3,0,0.1,0.1,0.1,South-eastern Asia,,South-eastern Asia
2,Asia-Pacific,Floods/TC,Solomon Islands,SLB,FL,Flood,INFORM risk-score API,0.1,April,Very Low,3,0,0.1,0.1,0.1,Melanesia,,Melanesia
2,Asia-Pacific,Floods/TC,Tonga,TON,FL,Flood,INFORM risk-score API,0.1,April,Very Low,3,0,0.1,0.1,0.1,Polynesia,,Polynesia
2,Asia-Pacific,Floods/TC,Tuvalu,TUV,FL,Flood,INFORM risk-score API,0.1,April,Very Low,3,0,0.1,0.1,0.1,Polynesia,,Polynesia
2,Asia-Pacific,Floods/TC,Vanuatu,VUT,FL,Flood,INFORM risk-score API,0.1,April,Very Low,3,0,0.1,0.1,0.1,Melanesia,,Melanesia
2,Asia-Pacific,Floods/TC,Australia,AUS,FL,Flood,INFORM risk-score API,0.0,April,Very Low,3,0,0.0,0.0,0.0,Australia and New Zealand,,Australia and New Zealand
2,Asia-Pacific,Floods/TC,Bhutan,BTN,FL,Flood,INFORM risk-score API,0.0,April,Very Low,3,0,0.0,0.0,0.0,Southern Asia,,Southern Asia
2,Asia-Pacific,Floods/TC,Brunei Darussalam,BRN,FL,Flood,INFORM risk-score API,0.0,April,Very Low,3,0,0.0,0.0,0.0,South-eastern Asia,,South-eastern Asia
2,Asia-Pacific,Floods/TC,Cambodia,KHM,FL,Flood,INFORM risk-score API,0.0,April,Very Low,3,0,0.0,0.0,0.0,South-eastern Asia,,South-eastern Asia
2,Asia-Pacific,Floods/TC,Mongolia,MNG,FL,Flood,INFORM risk-score API,0.0,April,Very Low,3,0,0.0,0.0,0.0,Eastern Asia,,Eastern Asia
2,Asia-Pacific,Floods/TC,India,IND,TC,Tropical Cyclone,INFORM risk-score API,5.1,June,High,1,1,0.0,0.8,5.1,Southern Asia,,Southern Asia
2,Asia-Pacific,Floods/TC,Bangladesh,BGD,TC,Tropical Cyclone,INFORM risk-score API,5.0,June,Medium,1,0,0.0,0.9,5.0,Southern Asia,,Southern Asia
2,Asia-Pacific,Floods/TC,Indonesia,IDN,TC,Tropical Cyclone,INFORM risk-score API,3.2,April,Low,1,0,3.2,1.4,1.2,South-eastern Asia,,South-eastern Asia
2,Asia-Pacific,Floods/TC,Pakistan,PAK,TC,Tropical Cyclone,INFORM risk-score API,2.6,June,Low,1,0,0.0,0.6,2.6,Southern Asia,,Southern Asia
2,Asia-Pacific,Floods/TC,Japan,JPN,TC,Tropical Cyclone,INFORM risk-score API,2.4,June,Low,2,0,1.2,2.2,2.4,Eastern Asia,,Eastern Asia
2,Asia-Pacific,Floods/TC,Sri Lanka,LKA,TC,Tropical Cyclone,INFORM risk-score API,2.4,June,Low,1,0,0.0,0.6,2.4,Southern Asia,,Southern Asia
2,Asia-Pacific,Floods/TC,Australia,AUS,TC,Tropical Cyclone,INFORM risk-score API,2.3,April,Low,1,0,2.3,0.4,0.1,Australia and New Zealand,,Australia and New Zealand
2,Asia-Pacific,Floods/TC,Vanuatu,VUT,TC,Tropical Cyclone,INFORM risk-score API,2.3,April,Low,1,0,2.3,0.4,0.1,Melanesia,,Melanesia
2,Asia-Pacific,Floods/TC,China,CHN,TC,Tropical Cyclone,INFORM risk-score API,2.2,June,Low,1,0,0.8,1.6,2.2,Eastern Asia,,Eastern Asia
2,Asia-Pacific,Floods/TC,Philippines,PHL,TC,Tropical Cyclone,INFORM risk-score API,2.2,June,Low,2,0,1.2,2.1,2.2,South-eastern Asia,,South-eastern Asia
2,Asia-Pacific,Floods/TC,Tonga,TON,TC,Tropical Cyclone,INFORM risk-score API,2.2,April,Low,1,0,2.2,0.4,0.1,Polynesia,,Polynesia
2,Asia-Pacific,Floods/TC,Solomon Islands,SLB,TC,Tropical Cyclone,INFORM risk-score API,2.1,April,Low,1,0,2.1,0.4,0.1,Melanesia,,Melanesia
2,Asia-Pacific,Floods/TC,Timor-Leste,TLS,TC,Tropical Cyclone,INFORM risk-score API,2.1,April,Low,1,0,2.1,0.4,0.1,South-eastern Asia,,South-eastern Asia
2,Asia-Pacific,Floods/TC,New Zealand,NZL,TC,Tropical Cyclone,INFORM risk-score API,1.8,April,Very Low,3,0,1.8,0.3,0.1,Australia and New Zealand,,Australia and New Zealand
2,Asia-Pacific,Floods/TC,Republic of Korea,KOR,TC,Tropical Cyclone,INFORM risk-score API,1.8,June,Very Low,3,0,1.0,1.6,1.8,Eastern Asia,,Eastern Asia
2,Asia-Pacific,Floods/TC,Samoa,WSM,TC,Tropical Cyclone,INFORM risk-score API,1.7,April,Very Low,3,0,1.7,0.3,0.1,Polynesia,,Polynesia
2,Asia-Pacific,Floods/TC,Myanmar,MMR,TC,Tropical Cyclone,INFORM risk-score API,1.6,June,Very Low,3,0,0.5,1.2,1.6,South-eastern Asia,,South-eastern Asia
2,Asia-Pacific,Floods/TC,Viet Nam,VNM,TC,Tropical Cyclone,INFORM risk-score API,1.6,June,Very Low,3,0,0.8,1.5,1.6,South-eastern Asia,,South-eastern Asia
2,Asia-Pacific,Floods/TC,Democratic People's Republic of Korea,PRK,TC,Tropical Cyclone,INFORM risk-score API,1.4,June,Very Low,3,0,0.7,1.3,1.4,Eastern Asia,,Eastern Asia
2,Asia-Pacific,Floods/TC,Papua New Guinea,PNG,TC,Tropical Cyclone,INFORM risk-score API,1.4,April,Very Low,3,0,1.4,0.3,0.1,Melanesia,,Melanesia
2,Asia-Pacific,Floods/TC,Thailand,THA,TC,Tropical Cyclone,INFORM risk-score API,1.4,June,Very Low,3,0,0.5,0.9,1.4,South-eastern Asia,,South-eastern Asia
2,Asia-Pacific,Floods/TC,Fiji,FJI,TC,Tropical Cyclone,INFORM risk-score API,1.3,April,Very Low,3,0,1.3,0.3,0.1,Melanesia,,Melanesia
2,Asia-Pacific,Floods/TC,Palau,PLW,TC,Tropical Cyclone,INFORM risk-score API,1.0,June,Very Low,3,0,0.5,0.9,1.0,Micronesia,,Micronesia
2,Asia-Pacific,Floods/TC,Cambodia,KHM,TC,Tropical Cyclone,INFORM risk-score API,0.8,May,Very Low,3,0,0.4,0.8,0.8,South-eastern Asia,,South-eastern Asia
2,Asia-Pacific,Floods/TC,Lao People's Democratic Republic,LAO,TC,Tropical Cyclone,INFORM risk-score API,0.7,June,Very Low,3,0,0.4,0.6,0.7,South-eastern Asia,,South-eastern Asia
2,Asia-Pacific,Floods/TC,Malaysia,MYS,TC,Tropical Cyclone,INFORM risk-score API,0.5,May,Very Low,3,0,0.2,0.5,0.5,South-eastern Asia,,South-eastern Asia
2,Asia-Pacific,Floods/TC,Marshall Islands,MHL,TC,Tropical Cyclone,INFORM risk-score API,0.2,June,Very Low,3,0,0.1,0.1,0.2,Micronesia,,Micronesia
2,Asia-Pacific,Floods/TC,Afghanistan,AFG,TC,Tropical Cyclone,INFORM risk-score API,0.0,April,Very Low,3,0,0.0,0.0,0.0,Southern Asia,,Southern Asia
2,Asia-Pacific,Floods/TC,Bhutan,BTN,TC,Tropical Cyclone,INFORM risk-score API,0.0,April,Very Low,3,0,0.0,0.0,0.0,Southern Asia,,Southern Asia
2,Asia-Pacific,Floods/TC,Brunei Darussalam,BRN,TC,Tropical Cyclone,INFORM risk-score API,0.0,April,Very Low,3,0,0.0,0.0,0.0,South-eastern Asia,,South-eastern Asia
2,Asia-Pacific,Floods/TC,Kiribati,KIR,TC,Tropical Cyclone,INFORM risk-score API,0.0,April,Very Low,3,0,0.0,0.0,0.0,Micronesia,,Micronesia
2,Asia-Pacific,Floods/TC,Maldives,MDV,TC,Tropical Cyclone,INFORM risk-score API,0.0,April,Very Low,3,0,0.0,0.0,0.0,Southern Asia,,Southern Asia
2,Asia-Pacific,Floods/TC,"Micronesia, Federated States of",FSM,TC,Tropical Cyclone,INFORM risk-score API,0.0,April,Very Low,3,0,0.0,0.0,0.0,Micronesia,,Micronesia
2,Asia-Pacific,Floods/TC,Mongolia,MNG,TC,Tropical Cyclone,INFORM risk-score API,0.0,April,Very Low,3,0,0.0,0.0,0.0,Eastern Asia,,Eastern Asia
2,Asia-Pacific,Floods/TC,Nepal,NPL,TC,Tropical Cyclone,INFORM risk-score API,0.0,April,Very Low,3,0,0.0,0.0,0.0,Southern Asia,,Southern Asia
2,Asia-Pacific,Floods/TC,Singapore,SGP,TC,Tropical Cyclone,INFORM risk-score API,0.0,April,Very Low,3,0,0.0,0.0,0.0,South-eastern Asia,,South-eastern Asia
2,Asia-Pacific,Floods/TC,Tuvalu,TUV,TC,Tropical Cyclone,INFORM risk-score API,0.0,April,Very Low,3,0,0.0,0.0,0.0,Polynesia,,Polynesia
2,Asia-Pacific,Drought/Wildfire,Tuvalu,TUV,WF,Wildfire,GWIS seasonal API,38.48,April,Very High,3,3,38.47743391304348,38.47743391304348,38.47743391304348,Polynesia,,Polynesia
2,Asia-Pacific,Drought/Wildfire,Pakistan,PAK,WF,Wildfire,GWIS seasonal API,34.89,May,Very High,3,3,25.56404304347826,34.88668260869566,29.22452347826087,Southern Asia,,Southern Asia
2,Asia-Pacific,Drought/Wildfire,Afghanistan,AFG,WF,Wildfire,GWIS seasonal API,32.48,June,Very High,1,2,6.678087826086957,16.055124347826087,32.476058260869564,Southern Asia,,Southern Asia
2,Asia-Pacific,Drought/Wildfire,India,IND,WF,Wildfire,GWIS seasonal API,25.36,May,Very High,2,3,25.347425652173914,25.359575652173916,12.59563695652174,Southern Asia,,Southern Asia
2,Asia-Pacific,Drought/Wildfire,Australia,AUS,WF,Wildfire,GWIS seasonal API,21.78,April,Very High,2,3,21.780424347826088,19.393524347826087,15.162150869565217,Australia and New Zealand,,Australia and New Zealand
2,Asia-Pacific,Drought/Wildfire,Kiribati,KIR,WF,Wildfire,GWIS seasonal API,17.78,April,Very High,3,3,17.78428391304348,17.78428391304348,17.78428391304348,Micronesia,,Micronesia
2,Asia-Pacific,Drought/Wildfire,Mongolia,MNG,WF,Wildfire,GWIS seasonal API,14.41,May,High,2,2,8.783652173913044,14.41361347826087,10.414021304347825,Eastern Asia,,Eastern Asia
2,Asia-Pacific,Drought/Wildfire,Myanmar,MMR,WF,Wildfire,GWIS seasonal API,11.33,April,High,1,1,11.327138260869566,3.275843913043478,0.24670086956521736,South-eastern Asia,,South-eastern Asia
2,Asia-Pacific,Drought/Wildfire,China,CHN,WF,Wildfire,GWIS seasonal API,7.76,May,Medium,3,0,6.557411739130435,7.762098260869565,5.876207826086957,Eastern Asia,,Eastern Asia
2,Asia-Pacific,Drought/Wildfire,Nepal,NPL,WF,Wildfire,GWIS seasonal API,7.12,April,Medium,1,0,7.123127826086956,3.8770643478260864,1.7233847826086957,Southern Asia,,Southern Asia
2,Asia-Pacific,Drought/Wildfire,Sri Lanka,LKA,WF,Wildfire,GWIS seasonal API,6.25,June,Medium,1,0,1.2050821739130435,2.7281752173913043,6.253360434782609,Southern Asia,,Southern Asia
2,Asia-Pacific,Drought/Wildfire,Marshall Islands,MHL,WF,Wildfire,GWIS seasonal API,5.94,April,Medium,3,0,5.941717826086956,5.941717826086956,5.941717826086956,Micronesia,,Micronesia
2,Asia-Pacific,Drought/Wildfire,Thailand,THA,WF,Wildfire,GWIS seasonal API,5.45,April,Medium,1,0,5.449780434782609,1.3085730434782608,0.4446947826086956,South-eastern Asia,,South-eastern Asia
2,Asia-Pacific,Drought/Wildfire,Bangladesh,BGD,WF,Wildfire,GWIS seasonal API,4.93,April,Low,1,0,4.93005347826087,1.2297252173913045,0.24270565217391304,Southern Asia,,Southern Asia
2,Asia-Pacific,Drought/Wildfire,Lao People's Democratic Republic,LAO,WF,Wildfire,GWIS seasonal API,3.47,April,Low,1,0,3.472087391304348,0.9934652173913043,0.18069695652173914,South-eastern Asia,,South-eastern Asia
2,Asia-Pacific,Drought/Wildfire,Cambodia,KHM,WF,Wildfire,GWIS seasonal API,3.12,April,Low,1,0,3.1249313043478257,0.6822026086956522,0.45013565217391305,South-eastern Asia,,South-eastern Asia
2,Asia-Pacific,Drought/Wildfire,Timor-Leste,TLS,WF,Wildfire,GWIS seasonal API,2.96,June,Low,1,0,0.4833165217391304,1.494875652173913,2.9572226086956523,South-eastern Asia,,South-eastern Asia
2,Asia-Pacific,Drought/Wildfire,Viet Nam,VNM,WF,Wildfire,GWIS seasonal API,2.1,April,Low,1,0,2.0989534782608694,0.6768865217391304,0.6233478260869565,South-eastern Asia,,South-eastern Asia
2,Asia-Pacific,Drought/Wildfire,Republic of Korea,KOR,WF,Wildfire,GWIS seasonal API,1.87,May,Very Low,3,0,1.169621304347826,1.8731739130434781,1.8501113043478261,Eastern Asia,,Eastern Asia
2,Asia-Pacific,Drought/Wildfire,Philippines,PHL,WF,Wildfire,GWIS seasonal API,1.74,April,Very Low,3,0,1.7351708695652173,0.6657613043478261,0.10893086956521739,South-eastern Asia,,South-eastern Asia
2,Asia-Pacific,Drought/Wildfire,Democratic People's Republic of Korea,PRK,WF,Wildfire,GWIS seasonal API,1.3,May,Very Low,3,0,1.1019334782608696,1.2993904347826086,0.9327482608695653,Eastern Asia,,Eastern Asia
2,Asia-Pacific,Drought/Wildfire,Cook Islands,COK,WF,Wildfire,GWIS seasonal API,1.14,June,Very Low,3,0,0.3933673913043479,0.5983169565217391,1.1395665217391306,Polynesia,,Polynesia
2,Asia-Pacific,Drought/Wildfire,Tonga,TON,WF,Wildfire,GWIS seasonal API,1.1,June,Very Low,3,0,0.46098869565217393,0.7448386956521739,1.0961860869565219,Polynesia,,Polynesia
2,Asia-Pacific,Drought/Wildfire,Maldives,MDV,WF,Wildfire,GWIS seasonal API,0.95,April,Very Low,3,0,0.9453634782608695,0.38296608695652173,0.1414313043478261,Southern Asia,,Southern Asia
2,Asia-Pacific,Drought/Wildfire,Fiji,FJI,WF,Wildfire,GWIS seasonal API,0.87,June,Very Low,3,0,0.2016904347826087,0.5677013043478262,0.8743804347826086,Melanesia,,Melanesia
2,Asia-Pacific,Drought/Wildfire,Vanuatu,VUT,WF,Wildfire,GWIS seasonal API,0.84,June,Very Low,3,0,0.12630521739130435,0.4534543478260869,0.8393621739130436,Melanesia,,Melanesia
2,Asia-Pacific,Drought/Wildfire,Japan,JPN,WF,Wildfire,GWIS seasonal API,0.45,May,Very Low,3,0,0.2811091304347826,0.4467226086956522,0.3392195652173913,Eastern Asia,,Eastern Asia
2,Asia-Pacific,Drought/Wildfire,New Zealand,NZL,WF,Wildfire,GWIS seasonal API,0.4,April,Very Low,3,0,0.39914913043478256,0.17406565217391307,0.0669708695652174,Australia and New Zealand,,Australia and New Zealand
2,Asia-Pacific,Drought/Wildfire,Indonesia,IDN,WF,Wildfire,GWIS seasonal API,0.38,June,Very Low,3,0,0.04565260869565217,0.1619991304347826,0.3798865217391304,South-eastern Asia,,South-eastern Asia
2,Asia-Pacific,Drought/Wildfire,Samoa,WSM,WF,Wildfire,GWIS seasonal API,0.22,June,Very Low,3,0,0.027088695652173915,0.09652304347826086,0.2235282608695652,Polynesia,,Polynesia
2,Asia-Pacific,Drought/Wildfire,"Micronesia, Federated States of",FSM,WF,Wildfire,GWIS seasonal API,0.16,April,Very Low,3,0,0.16328043478260867,0.031727391304347825,0.0078000000000000005,Micronesia,,Micronesia
2,Asia-Pacific,Drought/Wildfire,Papua New Guinea,PNG,WF,Wildfire,GWIS seasonal API,0.1,June,Very Low,3,0,0.021922608695652174,0.052990434782608696,0.10489043478260869,Melanesia,,Melanesia
2,Asia-Pacific,Drought/Wildfire,Palau,PLW,WF,Wildfire,GWIS seasonal API,0.08,April,Very Low,3,0,0.08310304347826086,0.01205695652173913,0.00745391304347826,Micronesia,,Micronesia
2,Asia-Pacific,Drought/Wildfire,Brunei Darussalam,BRN,WF,Wildfire,GWIS seasonal API,0.07,June,Very Low,3,0,0.03070695652173913,0.025730869565217394,0.06764869565217392,South-eastern Asia,,South-eastern Asia
2,Asia-Pacific,Drought/Wildfire,Solomon Islands,SLB,WF,Wildfire,GWIS seasonal API,0.04,June,Very Low,3,0,0.010601739130434783,0.021565652173913045,0.036153478260869565,Melanesia,,Melanesia
2,Asia-Pacific,Drought/Wildfire,Bhutan,BTN,WF,Wildfire,GWIS seasonal API,0.02,April,Very Low,3,0,0.015878695652173914,0.0072195652173913044,0.0007482608695652174,Southern Asia,,Southern Asia
3,Europe,Drought/Wildfire,Tajikistan,TJK,DR,Drought,INFORM risk-score API,7.6,May,Very High,2,3,7.1,7.6,6.5,Central Asia,,Central Asia
3,Europe,Drought/Wildfire,Uzbekistan,UZB,DR,Drought,INFORM risk-score API,6.6,April,Very High,1,3,6.6,6.4,5.3,Central Asia,,Central Asia
3,Europe,Drought/Wildfire,Kyrgyzstan,KGZ,DR,Drought,INFORM risk-score API,6.4,April,High,3,3,6.4,6.2,6.1,Central Asia,,Central Asia
3,Europe,Drought/Wildfire,Albania,ALB,DR,Drought,INFORM risk-score API,6.4,April,High,1,1,6.4,4.1,4.1,Southern Europe,,Southern Europe
3,Europe,Drought/Wildfire,Georgia,GEO,DR,Drought,INFORM risk-score API,5.3,April,High,1,1,5.3,4.5,3.8,Western Asia,,Western Asia
3,Europe,Drought/Wildfire,Kazakhstan,KAZ,DR,Drought,INFORM risk-score API,5.0,April,Medium,3,0,5.0,4.1,3.7,Central Asia,,Central Asia
3,Europe,Drought/Wildfire,Azerbaijan,AZE,DR,Drought,INFORM risk-score API,4.8,April,Medium,2,0,4.8,4.4,3.4,Western Asia,,Western Asia
3,Europe,Drought/Wildfire,Armenia,ARM,DR,Drought,INFORM risk-score API,4.6,April,Medium,3,0,4.6,3.8,3.8,Western Asia,,Western Asia
3,Europe,Drought/Wildfire,"Moldova, Republic of",MDA,DR,Drought,INFORM risk-score API,4.6,April,Medium,3,0,4.6,4.2,4.6,Eastern Europe,,Eastern Europe
3,Europe,Drought/Wildfire,Turkmenistan,TKM,DR,Drought,INFORM risk-score API,4.6,May,Medium,3,0,3.9,4.6,4.2,Central Asia,,Central Asia
3,Europe,Drought/Wildfire,Spain,ESP,DR,Drought,INFORM risk-score API,4.3,April,Medium,2,0,4.3,4.2,3.5,Southern Europe,,Southern Europe
3,Europe,Drought/Wildfire,Hungary,HUN,DR,Drought,INFORM risk-score API,3.8,April,Medium,1,0,3.8,3.3,2.2,Eastern Europe,,Eastern Europe
3,Europe,Drought/Wildfire,Lithuania,LTU,DR,Drought,INFORM risk-score API,3.1,April,Low,3,0,3.1,3.1,2.6,Northern Europe,,Northern Europe
3,Europe,Drought/Wildfire,Belarus,BLR,DR,Drought,INFORM risk-score API,2.8,April,Low,3,0,2.8,2.8,2.1,Eastern Europe,,Eastern Europe
3,Europe,Drought/Wildfire,Romania,ROU,DR,Drought,INFORM risk-score API,2.8,April,Low,2,0,2.8,2.2,1.6,Eastern Europe,,Eastern Europe
3,Europe,Drought/Wildfire,Croatia,HRV,DR,Drought,INFORM risk-score API,2.7,April,Low,1,0,2.7,1.5,1.2,Southern Europe,,Southern Europe
3,Europe,Drought/Wildfire,Russian Federation,RUS,DR,Drought,INFORM risk-score API,2.7,April,Low,3,0,2.7,2.7,2.7,Eastern Europe,,Eastern Europe
3,Europe,Drought/Wildfire,Ukraine,UKR,DR,Drought,INFORM risk-score API,2.7,April,Low,2,0,2.7,2.4,2.0,Eastern Europe,,Eastern Europe
3,Europe,Drought/Wildfire,Bulgaria,BGR,DR,Drought,INFORM risk-score API,2.6,April,Low,1,0,2.6,1.0,1.0,Eastern Europe,,Eastern Europe
3,Europe,Drought/Wildfire,Serbia,SRB,DR,Drought,INFORM risk-score API,2.6,April,Low,1,0,2.6,1.7,0.7,Southern Europe,,Southern Europe
3,Europe,Drought/Wildfire,Türkiye,TUR,DR,Drought,INFORM risk-score API,2.6,April,Low,2,0,2.6,2.3,2.0,Western Asia,,Western Asia
3,Europe,Drought/Wildfire,Italy,ITA,DR,Drought,INFORM risk-score API,2.5,April,Low,1,0,2.5,1.9,1.4,Southern Europe,,Southern Europe
3,Europe,Drought/Wildfire,Portugal,PRT,DR,Drought,INFORM risk-score API,2.5,April,Low,1,0,2.5,1.6,1.1,Southern Europe,,Southern Europe
3,Europe,Drought/Wildfire,Cyprus,CYP,DR,Drought,INFORM risk-score API,2.4,April,Low,1,0,2.4,1.2,0.5,Western Asia,,Western Asia
3,Europe,Drought/Wildfire,Denmark,DNK,DR,Drought,INFORM risk-score API,2.3,April,Low,1,0,2.3,1.6,0.9,Northern Europe,,Northern Europe
3,Europe,Drought/Wildfire,Greece,GRC,DR,Drought,INFORM risk-score API,2.1,April,Low,1,0,2.1,1.5,0.7,Southern Europe,,Southern Europe
3,Europe,Drought/Wildfire,Latvia,LVA,DR,Drought,INFORM risk-score API,2.0,May,Very Low,3,0,1.6,2.0,0.9,Northern Europe,,Northern Europe
3,Europe,Drought/Wildfire,Montenegro,MNE,DR,Drought,INFORM risk-score API,2.0,April,Very Low,3,0,2.0,1.2,0.4,Southern Europe,,Southern Europe
3,Europe,Drought/Wildfire,Slovakia,SVK,DR,Drought,INFORM risk-score API,2.0,April,Very Low,3,0,2.0,1.9,1.4,Eastern Europe,,Eastern Europe
3,Europe,Drought/Wildfire,Poland,POL,DR,Drought,INFORM risk-score API,1.8,April,Very Low,3,0,1.8,1.6,0.9,Eastern Europe,,Eastern Europe
3,Europe,Drought/Wildfire,France,FRA,DR,Drought,INFORM risk-score API,1.7,April,Very Low,3,0,1.7,1.3,1.0,Western Europe,,Western Europe
3,Europe,Drought/Wildfire,Sweden,SWE,DR,Drought,INFORM risk-score API,1.5,April,Very Low,3,0,1.5,1.4,0.9,Northern Europe,,Northern Europe
3,Europe,Drought/Wildfire,Bosnia and Herzegovina,BIH,DR,Drought,INFORM risk-score API,1.4,April,Very Low,3,0,1.4,1.4,1.4,Southern Europe,,Southern Europe
3,Europe,Drought/Wildfire,Czech Republic,CZE,DR,Drought,INFORM risk-score API,1.3,April,Very Low,3,0,1.3,1.2,1.0,Eastern Europe,,Eastern Europe
3,Europe,Drought/Wildfire,Slovenia,SVN,DR,Drought,INFORM risk-score API,0.9,April,Very Low,3,0,0.9,0.1,0.0,Southern Europe,,Southern Europe
3,Europe,Drought/Wildfire,North Macedonia,MKD,DR,Drought,INFORM risk-score API,0.8,April,Very Low,3,0,0.8,0.8,0.8,Southern Europe,,Southern Europe
3,Europe,Drought/Wildfire,Belgium,BEL,DR,Drought,INFORM risk-score API,0.5,April,Very Low,3,0,0.5,0.1,0.0,Western Europe,,Western Europe
3,Europe,Drought/Wildfire,Germany,DEU,DR,Drought,INFORM risk-score API,0.5,April,Very Low,3,0,0.5,0.4,0.2,Western Europe,,Western Europe
3,Europe,Drought/Wildfire,Ireland,IRL,DR,Drought,INFORM risk-score API,0.5,April,Very Low,3,0,0.5,0.1,0.0,Northern Europe,,Northern Europe
3,Europe,Drought/Wildfire,Netherlands,NLD,DR,Drought,INFORM risk-score API,0.5,April,Very Low,3,0,0.5,0.3,0.0,Western Europe,,Western Europe
3,Europe,Drought/Wildfire,United Kingdom,GBR,DR,Drought,INFORM risk-score API,0.5,April,Very Low,3,0,0.5,0.3,0.2,Northern Europe,,Northern Europe
3,Europe,Drought/Wildfire,Austria,AUT,DR,Drought,INFORM risk-score API,0.4,April,Very Low,3,0,0.4,0.3,0.1,Western Europe,,Western Europe
3,Europe,Drought/Wildfire,Switzerland,CHE,DR,Drought,INFORM risk-score API,0.4,April,Very Low,3,0,0.4,0.2,0.0,Western Europe,,Western Europe
3,Europe,Drought/Wildfire,Israel,ISR,DR,Drought,INFORM risk-score API,0.3,April,Very Low,3,0,0.3,0.3,0.3,Western Asia,,Western Asia
3,Europe,Drought/Wildfire,Estonia,EST,DR,Drought,INFORM risk-score API,0.0,April,Very Low,3,0,0.0,0.0,0.0,Northern Europe,,Northern Europe
3,Europe,Drought/Wildfire,Finland,FIN,DR,Drought,INFORM risk-score API,0.0,April,Very Low,3,0,0.0,0.0,0.0,Northern Europe,,Northern Europe
3,Europe,Drought/Wildfire,Iceland,ISL,DR,Drought,INFORM risk-score API,0.0,April,Very Low,3,0,0.0,0.0,0.0,Northern Europe,,Northern Europe
3,Europe,Drought/Wildfire,Liechtenstein,LIE,DR,Drought,INFORM risk-score API,0.0,April,Very Low,3,0,0.0,0.0,0.0,Western Europe,,Western Europe
3,Europe,Drought/Wildfire,Luxembourg,LUX,DR,Drought,INFORM risk-score API,0.0,April,Very Low,3,0,0.0,0.0,0.0,Western Europe,,Western Europe
3,Europe,Drought/Wildfire,Malta,MLT,DR,Drought,INFORM risk-score API,0.0,April,Very Low,3,0,0.0,0.0,0.0,Southern Europe,,Southern Europe
3,Europe,Drought/Wildfire,Norway,NOR,DR,Drought,INFORM risk-score API,0.0,April,Very Low,3,0,0.0,0.0,0.0,Northern Europe,,Northern Europe
3,Europe,Floods/TC,Russian Federation,RUS,FL,Flood,INFORM risk-score API,8.4,April,Very High,2,3,8.4,8.4,5.9,Eastern Europe,,Eastern Europe
3,Europe,Floods/TC,Hungary,HUN,FL,Flood,INFORM risk-score API,7.5,May,Very High,2,2,2.5,7.5,7.5,Eastern Europe,,Eastern Europe
3,Europe,Floods/TC,Bosnia and Herzegovina,BIH,FL,Flood,INFORM risk-score API,7.1,April,Very High,1,1,7.1,2.4,4.7,Southern Europe,,Southern Europe
3,Europe,Floods/TC,Romania,ROU,FL,Flood,INFORM risk-score API,7.0,June,Very High,1,1,3.9,2.3,7.0,Eastern Europe,,Eastern Europe
3,Europe,Floods/TC,Slovakia,SVK,FL,Flood,INFORM risk-score API,6.7,June,Very High,1,1,0.0,4.5,6.7,Eastern Europe,,Eastern Europe
3,Europe,Floods/TC,Croatia,HRV,FL,Flood,INFORM risk-score API,6.5,May,High,1,1,3.3,6.5,3.3,Southern Europe,,Southern Europe
3,Europe,Floods/TC,France,FRA,FL,Flood,INFORM risk-score API,6.4,June,High,1,1,1.3,3.8,6.4,Western Europe,,Western Europe
3,Europe,Floods/TC,Belarus,BLR,FL,Flood,INFORM risk-score API,6.2,April,High,1,1,6.2,0.0,0.0,Eastern Europe,,Eastern Europe
3,Europe,Floods/TC,Serbia,SRB,FL,Flood,INFORM risk-score API,5.9,May,High,1,1,3.0,5.9,3.0,Southern Europe,,Southern Europe
3,Europe,Floods/TC,Kyrgyzstan,KGZ,FL,Flood,INFORM risk-score API,5.6,April,High,1,1,5.6,0.0,2.8,Central Asia,,Central Asia
3,Europe,Floods/TC,Austria,AUT,FL,Flood,INFORM risk-score API,5.5,June,High,1,1,1.8,0.0,5.5,Western Europe,,Western Europe
3,Europe,Floods/TC,Tajikistan,TJK,FL,Flood,INFORM risk-score API,5.4,May,High,1,1,3.1,5.4,4.6,Central Asia,,Central Asia
3,Europe,Floods/TC,Czech Republic,CZE,FL,Flood,INFORM risk-score API,5.3,June,High,1,1,1.3,1.3,5.3,Eastern Europe,,Eastern Europe
3,Europe,Floods/TC,Kazakhstan,KAZ,FL,Flood,INFORM risk-score API,5.0,April,Medium,1,0,5.0,1.0,0.0,Central Asia,,Central Asia
3,Europe,Floods/TC,Azerbaijan,AZE,FL,Flood,INFORM risk-score API,4.9,April,Medium,3,0,4.9,4.9,4.9,Western Asia,,Western Asia
3,Europe,Floods/TC,Bulgaria,BGR,FL,Flood,INFORM risk-score API,4.9,June,Medium,2,0,2.9,3.9,4.9,Eastern Europe,,Eastern Europe
3,Europe,Floods/TC,United Kingdom,GBR,FL,Flood,INFORM risk-score API,4.8,June,Medium,1,0,1.0,0.0,4.8,Northern Europe,,Northern Europe
3,Europe,Floods/TC,Germany,DEU,FL,Flood,INFORM risk-score API,4.6,June,Medium,1,0,1.5,3.1,4.6,Western Europe,,Western Europe
3,Europe,Floods/TC,Türkiye,TUR,FL,Flood,INFORM risk-score API,4.6,May,Medium,1,0,0.0,4.6,1.1,Western Asia,,Western Asia
3,Europe,Floods/TC,Poland,POL,FL,Flood,INFORM risk-score API,4.1,May,Medium,2,0,0.0,4.1,4.1,Eastern Europe,,Eastern Europe
3,Europe,Floods/TC,Georgia,GEO,FL,Flood,INFORM risk-score API,3.4,April,Low,2,0,3.4,1.7,3.4,Western Asia,,Western Asia
3,Europe,Floods/TC,"Moldova, Republic of",MDA,FL,Flood,INFORM risk-score API,2.8,June,Low,1,0,0.0,0.0,2.8,Eastern Europe,,Eastern Europe
3,Europe,Floods/TC,Spain,ESP,FL,Flood,INFORM risk-score API,2.7,April,Low,2,0,2.7,1.4,2.7,Southern Europe,,Southern Europe
3,Europe,Floods/TC,Ukraine,UKR,FL,Flood,INFORM risk-score API,2.4,April,Low,3,0,2.4,2.4,2.4,Eastern Europe,,Eastern Europe
3,Europe,Floods/TC,Israel,ISR,FL,Flood,INFORM risk-score API,2.3,April,Low,1,0,2.3,0.0,0.0,Western Asia,,Western Asia
3,Europe,Floods/TC,Italy,ITA,FL,Flood,INFORM risk-score API,1.4,May,Very Low,3,0,0.0,1.4,0.0,Southern Europe,,Southern Europe
3,Europe,Floods/TC,Belgium,BEL,FL,Flood,INFORM risk-score API,1.3,June,Very Low,3,0,0.0,0.0,1.3,Western Europe,,Western Europe
3,Europe,Floods/TC,Finland,FIN,FL,Flood,INFORM risk-score API,0.1,April,Very Low,3,0,0.1,0.1,0.1,Northern Europe,,Northern Europe
3,Europe,Floods/TC,Iceland,ISL,FL,Flood,INFORM risk-score API,0.1,April,Very Low,3,0,0.1,0.1,0.1,Northern Europe,,Northern Europe
3,Europe,Floods/TC,Liechtenstein,LIE,FL,Flood,INFORM risk-score API,0.1,April,Very Low,3,0,0.1,0.1,0.1,Western Europe,,Western Europe
3,Europe,Floods/TC,Malta,MLT,FL,Flood,INFORM risk-score API,0.1,April,Very Low,3,0,0.1,0.1,0.1,Southern Europe,,Southern Europe
3,Europe,Floods/TC,Norway,NOR,FL,Flood,INFORM risk-score API,0.1,April,Very Low,3,0,0.1,0.1,0.1,Northern Europe,,Northern Europe
3,Europe,Floods/TC,Albania,ALB,FL,Flood,INFORM risk-score API,0.0,April,Very Low,3,0,0.0,0.0,0.0,Southern Europe,,Southern Europe
3,Europe,Floods/TC,Armenia,ARM,FL,Flood,INFORM risk-score API,0.0,April,Very Low,3,0,0.0,0.0,0.0,Western Asia,,Western Asia
3,Europe,Floods/TC,Cyprus,CYP,FL,Flood,INFORM risk-score API,0.0,April,Very Low,3,0,0.0,0.0,0.0,Western Asia,,Western Asia
3,Europe,Floods/TC,Denmark,DNK,FL,Flood,INFORM risk-score API,0.0,April,Very Low,3,0,0.0,0.0,0.0,Northern Europe,,Northern Europe
3,Europe,Floods/TC,Estonia,EST,FL,Flood,INFORM risk-score API,0.0,April,Very Low,3,0,0.0,0.0,0.0,Northern Europe,,Northern Europe
3,Europe,Floods/TC,Greece,GRC,FL,Flood,INFORM risk-score API,0.0,April,Very Low,3,0,0.0,0.0,0.0,Southern Europe,,Southern Europe
3,Europe,Floods/TC,Ireland,IRL,FL,Flood,INFORM risk-score API,0.0,April,Very Low,3,0,0.0,0.0,0.0,Northern Europe,,Northern Europe
3,Europe,Floods/TC,Latvia,LVA,FL,Flood,INFORM risk-score API,0.0,April,Very Low,3,0,0.0,0.0,0.0,Northern Europe,,Northern Europe
3,Europe,Floods/TC,Lithuania,LTU,FL,Flood,INFORM risk-score API,0.0,April,Very Low,3,0,0.0,0.0,0.0,Northern Europe,,Northern Europe
3,Europe,Floods/TC,Luxembourg,LUX,FL,Flood,INFORM risk-score API,0.0,April,Very Low,3,0,0.0,0.0,0.0,Western Europe,,Western Europe
3,Europe,Floods/TC,Montenegro,MNE,FL,Flood,INFORM risk-score API,0.0,April,Very Low,3,0,0.0,0.0,0.0,Southern Europe,,Southern Europe
3,Europe,Floods/TC,Netherlands,NLD,FL,Flood,INFORM risk-score API,0.0,April,Very Low,3,0,0.0,0.0,0.0,Western Europe,,Western Europe
3,Europe,Floods/TC,North Macedonia,MKD,FL,Flood,INFORM risk-score API,0.0,April,Very Low,3,0,0.0,0.0,0.0,Southern Europe,,Southern Europe
3,Europe,Floods/TC,Portugal,PRT,FL,Flood,INFORM risk-score API,0.0,April,Very Low,3,0,0.0,0.0,0.0,Southern Europe,,Southern Europe
3,Europe,Floods/TC,Slovenia,SVN,FL,Flood,INFORM risk-score API,0.0,April,Very Low,3,0,0.0,0.0,0.0,Southern Europe,,Southern Europe
3,Europe,Floods/TC,Sweden,SWE,FL,Flood,INFORM risk-score API,0.0,April,Very Low,3,0,0.0,0.0,0.0,Northern Europe,,Northern Europe
3,Europe,Floods/TC,Switzerland,CHE,FL,Flood,INFORM risk-score API,0.0,April,Very Low,3,0,0.0,0.0,0.0,Western Europe,,Western Europe
3,Europe,Floods/TC,Turkmenistan,TKM,FL,Flood,INFORM risk-score API,0.0,April,Very Low,3,0,0.0,0.0,0.0,Central Asia,,Central Asia
3,Europe,Floods/TC,Uzbekistan,UZB,FL,Flood,INFORM risk-score API,0.0,April,Very Low,3,0,0.0,0.0,0.0,Central Asia,,Central Asia
3,Europe,Floods/TC,Russian Federation,RUS,TC,Tropical Cyclone,INFORM risk-score API,0.8,June,Very Low,3,0,0.4,0.7,0.8,Eastern Europe,,Eastern Europe
3,Europe,Floods/TC,Albania,ALB,TC,Tropical Cyclone,INFORM risk-score API,0.0,April,Very Low,3,0,0.0,0.0,0.0,Southern Europe,,Southern Europe
3,Europe,Floods/TC,Armenia,ARM,TC,Tropical Cyclone,INFORM risk-score API,0.0,April,Very Low,3,0,0.0,0.0,0.0,Western Asia,,Western Asia
3,Europe,Floods/TC,Austria,AUT,TC,Tropical Cyclone,INFORM risk-score API,0.0,April,Very Low,3,0,0.0,0.0,0.0,Western Europe,,Western Europe
3,Europe,Floods/TC,Azerbaijan,AZE,TC,Tropical Cyclone,INFORM risk-score API,0.0,April,Very Low,3,0,0.0,0.0,0.0,Western Asia,,Western Asia
3,Europe,Floods/TC,Belarus,BLR,TC,Tropical Cyclone,INFORM risk-score API,0.0,April,Very Low,3,0,0.0,0.0,0.0,Eastern Europe,,Eastern Europe
3,Europe,Floods/TC,Belgium,BEL,TC,Tropical Cyclone,INFORM risk-score API,0.0,April,Very Low,3,0,0.0,0.0,0.0,Western Europe,,Western Europe
3,Europe,Floods/TC,Bosnia and Herzegovina,BIH,TC,Tropical Cyclone,INFORM risk-score API,0.0,April,Very Low,3,0,0.0,0.0,0.0,Southern Europe,,Southern Europe
3,Europe,Floods/TC,Bulgaria,BGR,TC,Tropical Cyclone,INFORM risk-score API,0.0,April,Very Low,3,0,0.0,0.0,0.0,Eastern Europe,,Eastern Europe
3,Europe,Floods/TC,Croatia,HRV,TC,Tropical Cyclone,INFORM risk-score API,0.0,April,Very Low,3,0,0.0,0.0,0.0,Southern Europe,,Southern Europe
3,Europe,Floods/TC,Cyprus,CYP,TC,Tropical Cyclone,INFORM risk-score API,0.0,April,Very Low,3,0,0.0,0.0,0.0,Western Asia,,Western Asia
3,Europe,Floods/TC,Czech Republic,CZE,TC,Tropical Cyclone,INFORM risk-score API,0.0,April,Very Low,3,0,0.0,0.0,0.0,Eastern Europe,,Eastern Europe
3,Europe,Floods/TC,Denmark,DNK,TC,Tropical Cyclone,INFORM risk-score API,0.0,April,Very Low,3,0,0.0,0.0,0.0,Northern Europe,,Northern Europe
3,Europe,Floods/TC,Estonia,EST,TC,Tropical Cyclone,INFORM risk-score API,0.0,April,Very Low,3,0,0.0,0.0,0.0,Northern Europe,,Northern Europe
3,Europe,Floods/TC,Finland,FIN,TC,Tropical Cyclone,INFORM risk-score API,0.0,April,Very Low,3,0,0.0,0.0,0.0,Northern Europe,,Northern Europe
3,Europe,Floods/TC,France,FRA,TC,Tropical Cyclone,INFORM risk-score API,0.0,April,Very Low,3,0,0.0,0.0,0.0,Western Europe,,Western Europe
3,Europe,Floods/TC,Georgia,GEO,TC,Tropical Cyclone,INFORM risk-score API,0.0,April,Very Low,3,0,0.0,0.0,0.0,Western Asia,,Western Asia
3,Europe,Floods/TC,Germany,DEU,TC,Tropical Cyclone,INFORM risk-score API,0.0,April,Very Low,3,0,0.0,0.0,0.0,Western Europe,,Western Europe
3,Europe,Floods/TC,Greece,GRC,TC,Tropical Cyclone,INFORM risk-score API,0.0,April,Very Low,3,0,0.0,0.0,0.0,Southern Europe,,Southern Europe
3,Europe,Floods/TC,Hungary,HUN,TC,Tropical Cyclone,INFORM risk-score API,0.0,April,Very Low,3,0,0.0,0.0,0.0,Eastern Europe,,Eastern Europe
3,Europe,Floods/TC,Iceland,ISL,TC,Tropical Cyclone,INFORM risk-score API,0.0,April,Very Low,3,0,0.0,0.0,0.0,Northern Europe,,Northern Europe
3,Europe,Floods/TC,Ireland,IRL,TC,Tropical Cyclone,INFORM risk-score API,0.0,April,Very Low,3,0,0.0,0.0,0.0,Northern Europe,,Northern Europe
3,Europe,Floods/TC,Israel,ISR,TC,Tropical Cyclone,INFORM risk-score API,0.0,April,Very Low,3,0,0.0,0.0,0.0,Western Asia,,Western Asia
3,Europe,Floods/TC,Italy,ITA,TC,Tropical Cyclone,INFORM risk-score API,0.0,April,Very Low,3,0,0.0,0.0,0.0,Southern Europe,,Southern Europe
3,Europe,Floods/TC,Kazakhstan,KAZ,TC,Tropical Cyclone,INFORM risk-score API,0.0,April,Very Low,3,0,0.0,0.0,0.0,Central Asia,,Central Asia
3,Europe,Floods/TC,Kyrgyzstan,KGZ,TC,Tropical Cyclone,INFORM risk-score API,0.0,April,Very Low,3,0,0.0,0.0,0.0,Central Asia,,Central Asia
3,Europe,Floods/TC,Latvia,LVA,TC,Tropical Cyclone,INFORM risk-score API,0.0,April,Very Low,3,0,0.0,0.0,0.0,Northern Europe,,Northern Europe
3,Europe,Floods/TC,Liechtenstein,LIE,TC,Tropical Cyclone,INFORM risk-score API,0.0,April,Very Low,3,0,0.0,0.0,0.0,Western Europe,,Western Europe
3,Europe,Floods/TC,Lithuania,LTU,TC,Tropical Cyclone,INFORM risk-score API,0.0,April,Very Low,3,0,0.0,0.0,0.0,Northern Europe,,Northern Europe
3,Europe,Floods/TC,Luxembourg,LUX,TC,Tropical Cyclone,INFORM risk-score API,0.0,April,Very Low,3,0,0.0,0.0,0.0,Western Europe,,Western Europe
3,Europe,Floods/TC,Malta,MLT,TC,Tropical Cyclone,INFORM risk-score API,0.0,April,Very Low,3,0,0.0,0.0,0.0,Southern Europe,,Southern Europe
3,Europe,Floods/TC,"Moldova, Republic of",MDA,TC,Tropical Cyclone,INFORM risk-score API,0.0,April,Very Low,3,0,0.0,0.0,0.0,Eastern Europe,,Eastern Europe
3,Europe,Floods/TC,Montenegro,MNE,TC,Tropical Cyclone,INFORM risk-score API,0.0,April,Very Low,3,0,0.0,0.0,0.0,Southern Europe,,Southern Europe
3,Europe,Floods/TC,Netherlands,NLD,TC,Tropical Cyclone,INFORM risk-score API,0.0,April,Very Low,3,0,0.0,0.0,0.0,Western Europe,,Western Europe
3,Europe,Floods/TC,North Macedonia,MKD,TC,Tropical Cyclone,INFORM risk-score API,0.0,April,Very Low,3,0,0.0,0.0,0.0,Southern Europe,,Southern Europe
3,Europe,Floods/TC,Norway,NOR,TC,Tropical Cyclone,INFORM risk-score API,0.0,April,Very Low,3,0,0.0,0.0,0.0,Northern Europe,,Northern Europe
3,Europe,Floods/TC,Poland,POL,TC,Tropical Cyclone,INFORM risk-score API,0.0,April,Very Low,3,0,0.0,0.0,0.0,Eastern Europe,,Eastern Europe
3,Europe,Floods/TC,Portugal,PRT,TC,Tropical Cyclone,INFORM risk-score API,0.0,April,Very Low,3,0,0.0,0.0,0.0,Southern Europe,,Southern Europe
3,Europe,Floods/TC,Romania,ROU,TC,Tropical Cyclone,INFORM risk-score API,0.0,April,Very Low,3,0,0.0,0.0,0.0,Eastern Europe,,Eastern Europe
3,Europe,Floods/TC,Serbia,SRB,TC,Tropical Cyclone,INFORM risk-score API,0.0,April,Very Low,3,0,0.0,0.0,0.0,Southern Europe,,Southern Europe
3,Europe,Floods/TC,Slovakia,SVK,TC,Tropical Cyclone,INFORM risk-score API,0.0,April,Very Low,3,0,0.0,0.0,0.0,Eastern Europe,,Eastern Europe
3,Europe,Floods/TC,Slovenia,SVN,TC,Tropical Cyclone,INFORM risk-score API,0.0,April,Very Low,3,0,0.0,0.0,0.0,Southern Europe,,Southern Europe
3,Europe,Floods/TC,Spain,ESP,TC,Tropical Cyclone,INFORM risk-score API,0.0,April,Very Low,3,0,0.0,0.0,0.0,Southern Europe,,Southern Europe
3,Europe,Floods/TC,Sweden,SWE,TC,Tropical Cyclone,INFORM risk-score API,0.0,April,Very Low,3,0,0.0,0.0,0.0,Northern Europe,,Northern Europe
3,Europe,Floods/TC,Switzerland,CHE,TC,Tropical Cyclone,INFORM risk-score API,0.0,April,Very Low,3,0,0.0,0.0,0.0,Western Europe,,Western Europe
3,Europe,Floods/TC,Tajikistan,TJK,TC,Tropical Cyclone,INFORM risk-score API,0.0,April,Very Low,3,0,0.0,0.0,0.0,Central Asia,,Central Asia
3,Europe,Floods/TC,Turkmenistan,TKM,TC,Tropical Cyclone,INFORM risk-score API,0.0,April,Very Low,3,0,0.0,0.0,0.0,Central Asia,,Central Asia
3,Europe,Floods/TC,Türkiye,TUR,TC,Tropical Cyclone,INFORM risk-score API,0.0,April,Very Low,3,0,0.0,0.0,0.0,Western Asia,,Western Asia
3,Europe,Floods/TC,Ukraine,UKR,TC,Tropical Cyclone,INFORM risk-score API,0.0,April,Very Low,3,0,0.0,0.0,0.0,Eastern Europe,,Eastern Europe
3,Europe,Floods/TC,United Kingdom,GBR,TC,Tropical Cyclone,INFORM risk-score API,0.0,April,Very Low,3,0,0.0,0.0,0.0,Northern Europe,,Northern Europe
3,Europe,Floods/TC,Uzbekistan,UZB,TC,Tropical Cyclone,INFORM risk-score API,0.0,April,Very Low,3,0,0.0,0.0,0.0,Central Asia,,Central Asia
3,Europe,Drought/Wildfire,Turkmenistan,TKM,WF,Wildfire,GWIS seasonal API,52.03,June,Very High,2,3,13.08648652173913,29.026880869565215,52.03483826086956,Central Asia,,Central Asia
3,Europe,Drought/Wildfire,Uzbekistan,UZB,WF,Wildfire,GWIS seasonal API,31.83,June,Very High,2,2,7.776242608695652,18.53766,31.829077391304345,Central Asia,,Central Asia
3,Europe,Drought/Wildfire,Spain,ESP,WF,Wildfire,GWIS seasonal API,10.6,June,High,1,1,2.2717134782608697,5.41715652173913,10.59716695652174,Southern Europe,,Southern Europe
3,Europe,Drought/Wildfire,Cyprus,CYP,WF,Wildfire,GWIS seasonal API,10.13,June,High,1,1,3.6183043478260872,6.5011082608695645,10.129692173913044,Western Asia,,Western Asia
3,Europe,Drought/Wildfire,Türkiye,TUR,WF,Wildfire,GWIS seasonal API,9.54,June,High,1,1,1.9087582608695652,4.274707391304348,9.536799130434783,Western Asia,,Western Asia
3,Europe,Drought/Wildfire,Israel,ISR,WF,Wildfire,GWIS seasonal API,9.41,June,High,1,1,4.737299999999999,7.931243478260869,9.411789565217392,Western Asia,,Western Asia
3,Europe,Drought/Wildfire,Portugal,PRT,WF,Wildfire,GWIS seasonal API,7.97,June,Medium,1,0,1.4220095652173914,4.115110869565217,7.973147826086956,Southern Europe,,Southern Europe
3,Europe,Drought/Wildfire,Azerbaijan,AZE,WF,Wildfire,GWIS seasonal API,7.57,June,Medium,1,0,1.0214921739130436,2.323478260869565,7.565594347826087,Western Asia,,Western Asia
3,Europe,Drought/Wildfire,Greece,GRC,WF,Wildfire,GWIS seasonal API,6.19,June,Medium,1,0,1.5001660869565219,3.457357391304348,6.192569130434783,Southern Europe,,Southern Europe
3,Europe,Drought/Wildfire,Ukraine,UKR,WF,Wildfire,GWIS seasonal API,4.62,June,Low,2,0,1.554958260869565,3.456209565217391,4.618753913043478,Eastern Europe,,Eastern Europe
3,Europe,Drought/Wildfire,"Moldova, Republic of",MDA,WF,Wildfire,GWIS seasonal API,4.35,June,Low,2,0,1.9928365217391306,3.5874547826086958,4.34576304347826,Eastern Europe,,Eastern Europe
3,Europe,Drought/Wildfire,Tajikistan,TJK,WF,Wildfire,GWIS seasonal API,4.19,June,Low,1,0,0.5279108695652175,1.3634704347826088,4.193220434782608,Central Asia,,Central Asia
3,Europe,Drought/Wildfire,Italy,ITA,WF,Wildfire,GWIS seasonal API,4.16,June,Low,1,0,0.7228417391304348,1.8791947826086957,4.159369565217391,Southern Europe,,Southern Europe
3,Europe,Drought/Wildfire,Malta,MLT,WF,Wildfire,GWIS seasonal API,3.72,June,Low,2,0,1.599984347826087,2.9828186956521736,3.7182526086956527,Southern Europe,,Southern Europe
3,Europe,Drought/Wildfire,North Macedonia,MKD,WF,Wildfire,GWIS seasonal API,3.66,June,Low,2,0,0.8888847826086956,2.0291465217391305,3.6579121739130436,Southern Europe,,Southern Europe
3,Europe,Drought/Wildfire,San Marino,SMR,WF,Wildfire,GWIS seasonal API,3.28,June,Low,1,0,0.5459347826086957,1.3671860869565218,3.277114347826087,Southern Europe,,Southern Europe
3,Europe,Drought/Wildfire,Albania,ALB,WF,Wildfire,GWIS seasonal API,3.1,June,Low,1,0,0.5121891304347826,1.2982917391304347,3.098562608695652,Southern Europe,,Southern Europe
3,Europe,Drought/Wildfire,Serbia,SRB,WF,Wildfire,GWIS seasonal API,2.35,June,Low,1,0,1.209976956521739,1.6711417391304346,2.354107391304348,Southern Europe,,Southern Europe
3,Europe,Drought/Wildfire,Belarus,BLR,WF,Wildfire,GWIS seasonal API,2.21,June,Low,1,0,0.8714791304347826,1.3846530434782607,2.2073121739130435,Eastern Europe,,Eastern Europe
3,Europe,Drought/Wildfire,Poland,POL,WF,Wildfire,GWIS seasonal API,2.16,June,Low,1,0,1.009514347826087,1.471248695652174,2.1626408695652173,Eastern Europe,,Eastern Europe
3,Europe,Drought/Wildfire,Croatia,HRV,WF,Wildfire,GWIS seasonal API,2.15,June,Low,1,0,0.6407826086956522,0.9654247826086957,2.1488352173913046,Southern Europe,,Southern Europe
3,Europe,Drought/Wildfire,Romania,ROU,WF,Wildfire,GWIS seasonal API,2.08,June,Low,1,0,1.2112995652173912,1.8867882608695652,2.076956956521739,Eastern Europe,,Eastern Europe
3,Europe,Drought/Wildfire,France,FRA,WF,Wildfire,GWIS seasonal API,1.99,June,Very Low,3,0,0.7905213043478261,1.0720647826086958,1.9940917391304347,Western Europe,,Western Europe
3,Europe,Drought/Wildfire,Georgia,GEO,WF,Wildfire,GWIS seasonal API,1.98,June,Very Low,3,0,0.2937013043478261,0.6456582608695652,1.9822704347826086,Western Asia,,Western Asia
3,Europe,Drought/Wildfire,Bulgaria,BGR,WF,Wildfire,GWIS seasonal API,1.91,June,Very Low,3,0,0.8439313043478262,1.5908526086956523,1.9078747826086957,Eastern Europe,,Eastern Europe
3,Europe,Drought/Wildfire,Armenia,ARM,WF,Wildfire,GWIS seasonal API,1.85,June,Very Low,3,0,0.20822565217391303,0.4571234782608696,1.8456,Western Asia,,Western Asia
3,Europe,Drought/Wildfire,Kyrgyzstan,KGZ,WF,Wildfire,GWIS seasonal API,1.75,June,Very Low,3,0,0.29649565217391305,0.6380956521739131,1.7549639130434784,Central Asia,,Central Asia
3,Europe,Drought/Wildfire,Lithuania,LTU,WF,Wildfire,GWIS seasonal API,1.71,June,Very Low,3,0,0.6683339130434782,1.1655756521739131,1.7125539130434781,Northern Europe,,Northern Europe
3,Europe,Drought/Wildfire,Slovakia,SVK,WF,Wildfire,GWIS seasonal API,1.64,June,Very Low,3,0,1.0456595652173915,1.263993043478261,1.6446265217391305,Eastern Europe,,Eastern Europe
3,Europe,Drought/Wildfire,Latvia,LVA,WF,Wildfire,GWIS seasonal API,1.48,June,Very Low,3,0,0.5147160869565217,1.1467708695652172,1.4817378260869563,Northern Europe,,Northern Europe
3,Europe,Drought/Wildfire,Czech Republic,CZE,WF,Wildfire,GWIS seasonal API,1.43,June,Very Low,3,0,0.9259560869565218,1.090233043478261,1.4258378260869566,Eastern Europe,,Eastern Europe
3,Europe,Drought/Wildfire,Germany,DEU,WF,Wildfire,GWIS seasonal API,1.36,June,Very Low,3,0,0.701095652173913,1.0773208695652172,1.3636378260869564,Western Europe,,Western Europe
3,Europe,Drought/Wildfire,Estonia,EST,WF,Wildfire,GWIS seasonal API,1.33,June,Very Low,3,0,0.29745173913043477,0.99734,1.3298069565217392,Northern Europe,,Northern Europe
3,Europe,Drought/Wildfire,Belgium,BEL,WF,Wildfire,GWIS seasonal API,1.25,June,Very Low,3,0,0.7506930434782609,1.1069078260869565,1.2474078260869566,Western Europe,,Western Europe
3,Europe,Drought/Wildfire,Bosnia and Herzegovina,BIH,WF,Wildfire,GWIS seasonal API,1.21,June,Very Low,3,0,0.45849782608695655,0.6390334782608695,1.2097973913043478,Southern Europe,,Southern Europe
3,Europe,Drought/Wildfire,Denmark,DNK,WF,Wildfire,GWIS seasonal API,1.07,June,Very Low,3,0,0.42432391304347833,0.6598169565217391,1.0735260869565217,Northern Europe,,Northern Europe
3,Europe,Drought/Wildfire,Montenegro,MNE,WF,Wildfire,GWIS seasonal API,1.07,June,Very Low,3,0,0.23243304347826085,0.43960086956521743,1.0708447826086955,Southern Europe,,Southern Europe
3,Europe,Drought/Wildfire,Sweden,SWE,WF,Wildfire,GWIS seasonal API,1.07,June,Very Low,3,0,0.26280043478260867,0.5927008695652174,1.0712147826086957,Northern Europe,,Northern Europe
3,Europe,Drought/Wildfire,Luxembourg,LUX,WF,Wildfire,GWIS seasonal API,1.04,June,Very Low,3,0,0.5736630434782609,0.7436039130434782,1.0365565217391306,Western Europe,,Western Europe
3,Europe,Drought/Wildfire,Netherlands,NLD,WF,Wildfire,GWIS seasonal API,1.03,May,Very Low,3,0,0.6659065217391305,1.0256582608695652,1.0018943478260869,Western Europe,,Western Europe
3,Europe,Drought/Wildfire,Finland,FIN,WF,Wildfire,GWIS seasonal API,0.95,June,Very Low,3,0,0.11866347826086956,0.5799895652173913,0.9530813043478261,Northern Europe,,Northern Europe
3,Europe,Drought/Wildfire,Monaco,MCO,WF,Wildfire,GWIS seasonal API,0.95,June,Very Low,3,0,0.3606821739130435,0.5443369565217392,0.9452839130434783,Western Europe,,Western Europe
3,Europe,Drought/Wildfire,Slovenia,SVN,WF,Wildfire,GWIS seasonal API,0.87,June,Very Low,3,0,0.5469304347826087,0.4992795652173913,0.8726039130434783,Southern Europe,,Southern Europe
3,Europe,Drought/Wildfire,Austria,AUT,WF,Wildfire,GWIS seasonal API,0.56,June,Very Low,3,0,0.4629282608695652,0.36527086956521737,0.5576860869565217,Western Europe,,Western Europe
3,Europe,Drought/Wildfire,United Kingdom,GBR,WF,Wildfire,GWIS seasonal API,0.49,June,Very Low,3,0,0.31381521739130436,0.4698656521739131,0.4912617391304348,Northern Europe,,Northern Europe
3,Europe,Drought/Wildfire,Ireland,IRL,WF,Wildfire,GWIS seasonal API,0.43,June,Very Low,3,0,0.2057747826086956,0.28647826086956524,0.42544173913043476,Northern Europe,,Northern Europe
3,Europe,Drought/Wildfire,Norway,NOR,WF,Wildfire,GWIS seasonal API,0.36,June,Very Low,3,0,0.06753391304347825,0.16129608695652173,0.3560904347826087,Northern Europe,,Northern Europe
3,Europe,Drought/Wildfire,Switzerland,CHE,WF,Wildfire,GWIS seasonal API,0.36,June,Very Low,3,0,0.20279260869565216,0.1450808695652174,0.35932434782608696,Western Europe,,Western Europe
3,Europe,Drought/Wildfire,Iceland,ISL,WF,Wildfire,GWIS seasonal API,0.25,June,Very Low,3,0,0.01987,0.0934604347826087,0.2516060869565217,Northern Europe,,Northern Europe
3,Europe,Drought/Wildfire,Liechtenstein,LIE,WF,Wildfire,GWIS seasonal API,0.23,June,Very Low,3,0,0.1958386956521739,0.11875391304347825,0.22944,Western Europe,,Western Europe
3,Europe,Drought/Wildfire,Andorra,AND,WF,Wildfire,GWIS seasonal API,0.0,April,Very Low,3,0,0.0012095652173913043,0.0012095652173913043,0.0012095652173913043,Southern Europe,,Southern Europe
4,MENA,Drought/Wildfire,Syrian Arab Republic,SYR,DR,Drought,INFORM risk-score API,7.2,May,Very High,2,2,7.0,7.2,2.8,Western Asia,,Western Asia
4,MENA,Drought/Wildfire,Jordan,JOR,DR,Drought,INFORM risk-score API,6.7,April,Very High,1,1,6.7,4.4,1.7,Western Asia,,Western Asia
4,MENA,Drought/Wildfire,"Iran, Islamic Republic of",IRN,DR,Drought,INFORM risk-score API,5.3,April,High,1,1,5.3,4.8,4.3,Southern Asia,,Southern Asia
4,MENA,Drought/Wildfire,Morocco,MAR,DR,Drought,INFORM risk-score API,5.3,April,High,1,1,5.3,4.8,2.3,Northern Africa,,Northern Africa
4,MENA,Drought/Wildfire,Tunisia,TUN,DR,Drought,INFORM risk-score API,5.3,April,High,1,1,5.3,4.4,0.5,Northern Africa,,Northern Africa
4,MENA,Drought/Wildfire,Algeria,DZA,DR,Drought,INFORM risk-score API,4.1,April,Medium,2,0,4.1,4.0,1.2,Northern Africa,,Northern Africa
4,MENA,Drought/Wildfire,Libya,LBY,DR,Drought,INFORM risk-score API,4.1,April,Medium,1,0,4.1,0.5,0.0,Northern Africa,,Northern Africa
4,MENA,Drought/Wildfire,United Arab Emirates,ARE,DR,Drought,INFORM risk-score API,4.1,May,Medium,1,0,1.6,4.1,1.6,Western Asia,,Western Asia
4,MENA,Drought/Wildfire,Iraq,IRQ,DR,Drought,INFORM risk-score API,3.3,April,Low,1,0,3.3,1.6,0.3,Western Asia,,Western Asia
4,MENA,Drought/Wildfire,Saudi Arabia,SAU,DR,Drought,INFORM risk-score API,3.2,June,Low,3,0,2.2,2.1,3.2,Western Asia,,Western Asia
4,MENA,Drought/Wildfire,Egypt,EGY,DR,Drought,INFORM risk-score API,3.1,June,Low,1,0,1.3,1.3,3.1,Northern Africa,,Northern Africa
4,MENA,Drought/Wildfire,Lebanon,LBN,DR,Drought,INFORM risk-score API,1.6,April,Very Low,3,0,1.6,1.2,1.2,Western Asia,,Western Asia
4,MENA,Drought/Wildfire,Yemen,YEM,DR,Drought,INFORM risk-score API,0.6,May,Very Low,3,0,0.5,0.6,0.6,Western Asia,,Western Asia
4,MENA,Drought/Wildfire,Bahrain,BHR,DR,Drought,INFORM risk-score API,0.0,April,Very Low,3,0,0.0,0.0,0.0,Western Asia,,Western Asia
4,MENA,Drought/Wildfire,Kuwait,KWT,DR,Drought,INFORM risk-score API,0.0,April,Very Low,3,0,0.0,0.0,0.0,Western Asia,,Western Asia
4,MENA,Drought/Wildfire,Palestine,PSE,DR,Drought,INFORM risk-score API,0.0,April,Very Low,3,0,0.0,0.0,0.0,Western Asia,,Western Asia
4,MENA,Drought/Wildfire,Qatar,QAT,DR,Drought,INFORM risk-score API,0.0,April,Very Low,3,0,0.0,0.0,0.0,Western Asia,,Western Asia
4,MENA,Floods/TC,Syrian Arab Republic,SYR,FL,Flood,INFORM risk-score API,5.2,April,High,1,1,5.2,0.0,0.0,Western Asia,,Western Asia
4,MENA,Floods/TC,Iraq,IRQ,FL,Flood,INFORM risk-score API,4.8,April,Medium,1,0,4.8,0.0,0.0,Western Asia,,Western Asia
4,MENA,Floods/TC,Yemen,YEM,FL,Flood,INFORM risk-score API,3.8,April,Medium,1,0,3.8,1.0,1.0,Western Asia,,Western Asia
4,MENA,Floods/TC,Saudi Arabia,SAU,FL,Flood,INFORM risk-score API,3.7,April,Medium,1,0,3.7,0.6,0.0,Western Asia,,Western Asia
4,MENA,Floods/TC,Algeria,DZA,FL,Flood,INFORM risk-score API,3.0,April,Low,1,0,3.0,0.0,0.7,Northern Africa,,Northern Africa
4,MENA,Floods/TC,"Iran, Islamic Republic of",IRN,FL,Flood,INFORM risk-score API,2.4,April,Low,1,0,2.4,1.6,1.6,Southern Asia,,Southern Asia
4,MENA,Floods/TC,Tunisia,TUN,FL,Flood,INFORM risk-score API,1.3,April,Very Low,3,0,1.3,0.0,0.0,Northern Africa,,Northern Africa
4,MENA,Floods/TC,Morocco,MAR,FL,Flood,INFORM risk-score API,1.2,May,Very Low,3,0,0.0,1.2,0.0,Northern Africa,,Northern Africa
4,MENA,Floods/TC,Bahrain,BHR,FL,Flood,INFORM risk-score API,0.1,April,Very Low,3,0,0.1,0.1,0.1,Western Asia,,Western Asia
4,MENA,Floods/TC,Egypt,EGY,FL,Flood,INFORM risk-score API,0.0,April,Very Low,3,0,0.0,0.0,0.0,Northern Africa,,Northern Africa
4,MENA,Floods/TC,Jordan,JOR,FL,Flood,INFORM risk-score API,0.0,April,Very Low,3,0,0.0,0.0,0.0,Western Asia,,Western Asia
4,MENA,Floods/TC,Kuwait,KWT,FL,Flood,INFORM risk-score API,0.0,April,Very Low,3,0,0.0,0.0,0.0,Western Asia,,Western Asia
4,MENA,Floods/TC,Lebanon,LBN,FL,Flood,INFORM risk-score API,0.0,April,Very Low,3,0,0.0,0.0,0.0,Western Asia,,Western Asia
4,MENA,Floods/TC,Libya,LBY,FL,Flood,INFORM risk-score API,0.0,April,Very Low,3,0,0.0,0.0,0.0,Northern Africa,,Northern Africa
4,MENA,Floods/TC,Palestine,PSE,FL,Flood,INFORM risk-score API,0.0,April,Very Low,3,0,0.0,0.0,0.0,Western Asia,,Western Asia
4,MENA,Floods/TC,Qatar,QAT,FL,Flood,INFORM risk-score API,0.0,April,Very Low,3,0,0.0,0.0,0.0,Western Asia,,Western Asia
4,MENA,Floods/TC,United Arab Emirates,ARE,FL,Flood,INFORM risk-score API,0.0,April,Very Low,3,0,0.0,0.0,0.0,Western Asia,,Western Asia
4,MENA,Floods/TC,Algeria,DZA,TC,Tropical Cyclone,INFORM risk-score API,0.0,April,Very Low,3,0,0.0,0.0,0.0,Northern Africa,,Northern Africa
4,MENA,Floods/TC,Bahrain,BHR,TC,Tropical Cyclone,INFORM risk-score API,0.0,April,Very Low,3,0,0.0,0.0,0.0,Western Asia,,Western Asia
4,MENA,Floods/TC,Egypt,EGY,TC,Tropical Cyclone,INFORM risk-score API,0.0,April,Very Low,3,0,0.0,0.0,0.0,Northern Africa,,Northern Africa
4,MENA,Floods/TC,"Iran, Islamic Republic of",IRN,TC,Tropical Cyclone,INFORM risk-score API,0.0,April,Very Low,3,0,0.0,0.0,0.0,Southern Asia,,Southern Asia
4,MENA,Floods/TC,Iraq,IRQ,TC,Tropical Cyclone,INFORM risk-score API,0.0,April,Very Low,3,0,0.0,0.0,0.0,Western Asia,,Western Asia
4,MENA,Floods/TC,Jordan,JOR,TC,Tropical Cyclone,INFORM risk-score API,0.0,April,Very Low,3,0,0.0,0.0,0.0,Western Asia,,Western Asia
4,MENA,Floods/TC,Kuwait,KWT,TC,Tropical Cyclone,INFORM risk-score API,0.0,April,Very Low,3,0,0.0,0.0,0.0,Western Asia,,Western Asia
4,MENA,Floods/TC,Lebanon,LBN,TC,Tropical Cyclone,INFORM risk-score API,0.0,April,Very Low,3,0,0.0,0.0,0.0,Western Asia,,Western Asia
4,MENA,Floods/TC,Libya,LBY,TC,Tropical Cyclone,INFORM risk-score API,0.0,April,Very Low,3,0,0.0,0.0,0.0,Northern Africa,,Northern Africa
4,MENA,Floods/TC,Morocco,MAR,TC,Tropical Cyclone,INFORM risk-score API,0.0,April,Very Low,3,0,0.0,0.0,0.0,Northern Africa,,Northern Africa
4,MENA,Floods/TC,Palestine,PSE,TC,Tropical Cyclone,INFORM risk-score API,0.0,April,Very Low,3,0,0.0,0.0,0.0,Western Asia,,Western Asia
4,MENA,Floods/TC,Qatar,QAT,TC,Tropical Cyclone,INFORM risk-score API,0.0,April,Very Low,3,0,0.0,0.0,0.0,Western Asia,,Western Asia
4,MENA,Floods/TC,Saudi Arabia,SAU,TC,Tropical Cyclone,INFORM risk-score API,0.0,April,Very Low,3,0,0.0,0.0,0.0,Western Asia,,Western Asia
4,MENA,Floods/TC,Syrian Arab Republic,SYR,TC,Tropical Cyclone,INFORM risk-score API,0.0,April,Very Low,3,0,0.0,0.0,0.0,Western Asia,,Western Asia
4,MENA,Floods/TC,Tunisia,TUN,TC,Tropical Cyclone,INFORM risk-score API,0.0,April,Very Low,3,0,0.0,0.0,0.0,Northern Africa,,Northern Africa
4,MENA,Floods/TC,United Arab Emirates,ARE,TC,Tropical Cyclone,INFORM risk-score API,0.0,April,Very Low,3,0,0.0,0.0,0.0,Western Asia,,Western Asia
4,MENA,Floods/TC,Yemen,YEM,TC,Tropical Cyclone,INFORM risk-score API,0.0,April,Very Low,3,0,0.0,0.0,0.0,Western Asia,,Western Asia
4,MENA,Drought/Wildfire,Kuwait,KWT,WF,Wildfire,GWIS seasonal API,96.83,June,Very High,3,3,33.24882130434783,49.09216782608696,96.83084826086956,Western Asia,,Western Asia
4,MENA,Drought/Wildfire,Iraq,IRQ,WF,Wildfire,GWIS seasonal API,75.33,June,Very High,3,3,24.311785217391304,40.84764086956522,75.33315,Western Asia,,Western Asia
4,MENA,Drought/Wildfire,Qatar,QAT,WF,Wildfire,GWIS seasonal API,60.69,June,Very High,3,3,30.56732043478261,46.72803086956522,60.69136782608696,Western Asia,,Western Asia
4,MENA,Drought/Wildfire,Saudi Arabia,SAU,WF,Wildfire,GWIS seasonal API,53.63,June,Very High,3,3,33.28674869565218,38.80566521739131,53.62989304347826,Western Asia,,Western Asia
4,MENA,Drought/Wildfire,Syrian Arab Republic,SYR,WF,Wildfire,GWIS seasonal API,33.76,June,Very High,2,3,11.92913652173913,21.61173739130435,33.75987260869565,Western Asia,,Western Asia
4,MENA,Drought/Wildfire,"Iran, Islamic Republic of",IRN,WF,Wildfire,GWIS seasonal API,29.22,June,Very High,1,2,5.679742173913044,13.219062173913043,29.223411304347827,Southern Asia,,Southern Asia
4,MENA,Drought/Wildfire,Yemen,YEM,WF,Wildfire,GWIS seasonal API,27.76,June,Very High,3,3,20.162985217391302,20.871185652173914,27.75595347826087,Western Asia,,Western Asia
4,MENA,Drought/Wildfire,Egypt,EGY,WF,Wildfire,GWIS seasonal API,25.49,June,Very High,3,3,22.480953913043482,25.346191739130433,25.488119565217392,Northern Africa,,Northern Africa
4,MENA,Drought/Wildfire,Bahrain,BHR,WF,Wildfire,GWIS seasonal API,25.41,June,Very High,1,3,10.296020434782609,15.500020000000001,25.406077826086957,Western Asia,,Western Asia
4,MENA,Drought/Wildfire,Libya,LBY,WF,Wildfire,GWIS seasonal API,24.77,May,Very High,3,3,23.332525652173913,24.770119565217392,23.46781391304348,Northern Africa,,Northern Africa
4,MENA,Drought/Wildfire,Jordan,JOR,WF,Wildfire,GWIS seasonal API,24.64,June,Very High,2,3,13.957199130434782,23.4287752173913,24.64446130434783,Western Asia,,Western Asia
4,MENA,Drought/Wildfire,Algeria,DZA,WF,Wildfire,GWIS seasonal API,21.03,June,Very High,1,2,6.398715652173914,11.519719130434781,21.030317391304347,Northern Africa,,Northern Africa
4,MENA,Drought/Wildfire,Tunisia,TUN,WF,Wildfire,GWIS seasonal API,20.93,June,Very High,1,2,7.254484347826087,13.751021739130435,20.93317695652174,Northern Africa,,Northern Africa
4,MENA,Drought/Wildfire,Palestine,PSE,WF,Wildfire,GWIS seasonal API,17.12,June,Very High,1,3,9.217540869565218,15.637842173913043,17.119024347826088,Western Asia,,Western Asia
4,MENA,Drought/Wildfire,Morocco,MAR,WF,Wildfire,GWIS seasonal API,16.94,June,High,2,2,6.953331739130435,12.069440434782608,16.93662304347826,Northern Africa,,Northern Africa
4,MENA,Drought/Wildfire,United Arab Emirates,ARE,WF,Wildfire,GWIS seasonal API,16.44,June,High,3,3,12.440329130434781,16.313758260869566,16.441255652173915,Western Asia,,Western Asia
4,MENA,Drought/Wildfire,Lebanon,LBN,WF,Wildfire,GWIS seasonal API,7.92,June,Medium,1,0,1.5265452173913043,4.310998260869565,7.924288695652173,Western Asia,,Western Asia
