Region Code,Region,Group,Country,ISO3,Hazard,Hazard Label,Source,Peak Score,Peak Month,Risk Category,Months in Risk Category,High or Very High Months,July,August,September,UN Subregion,UN Intermediate Region,UN Regional Group
0,Africa,Drought/Wildfire,Mauritania,MRT,DR,Drought,INFORM risk-score API,9.2,August,Very High,3,3,7.9,9.2,7.6,Sub-Saharan Africa,Western Africa,Western Africa
0,Africa,Drought/Wildfire,Somalia,SOM,DR,Drought,INFORM risk-score API,8.5,July,Very High,2,3,8.5,7.9,6.1,Sub-Saharan Africa,Eastern Africa,Eastern Africa
0,Africa,Drought/Wildfire,Eritrea,ERI,DR,Drought,INFORM risk-score API,8.3,August,Very High,3,3,8.1,8.3,7.6,Sub-Saharan Africa,Eastern Africa,Eastern Africa
0,Africa,Drought/Wildfire,Senegal,SEN,DR,Drought,INFORM risk-score API,7.5,August,Very High,3,3,6.6,7.5,6.7,Sub-Saharan Africa,Western Africa,Western Africa
0,Africa,Drought/Wildfire,Sudan,SDN,DR,Drought,INFORM risk-score API,6.9,September,Very High,1,3,5.5,6.4,6.9,Northern Africa,,Northern Africa
0,Africa,Drought/Wildfire,Niger,NER,DR,Drought,INFORM risk-score API,6.7,August,Very High,1,3,6.3,6.7,6.5,Sub-Saharan Africa,Western Africa,Western Africa
0,Africa,Drought/Wildfire,Burkina Faso,BFA,DR,Drought,INFORM risk-score API,5.8,July,High,2,2,5.8,5.8,5.0,Sub-Saharan Africa,Western Africa,Western Africa
0,Africa,Drought/Wildfire,Kenya,KEN,DR,Drought,INFORM risk-score API,5.7,July,High,3,3,5.7,5.5,5.4,Sub-Saharan Africa,Eastern Africa,Eastern Africa
0,Africa,Drought/Wildfire,Chad,TCD,DR,Drought,INFORM risk-score API,5.6,July,High,2,2,5.6,5.1,4.5,Sub-Saharan Africa,Middle Africa,Middle Africa
0,Africa,Drought/Wildfire,Ethiopia,ETH,DR,Drought,INFORM risk-score API,5.5,July,High,2,2,5.5,5.3,5.0,Sub-Saharan Africa,Eastern Africa,Eastern Africa
0,Africa,Drought/Wildfire,South Africa,ZAF,DR,Drought,INFORM risk-score API,5.3,September,High,1,1,4.9,4.7,5.3,Sub-Saharan Africa,Southern Africa,Southern Africa
0,Africa,Drought/Wildfire,Mali,MLI,DR,Drought,INFORM risk-score API,5.0,July,Medium,3,0,5.0,4.6,3.9,Sub-Saharan Africa,Western Africa,Western Africa
0,Africa,Drought/Wildfire,Mozambique,MOZ,DR,Drought,INFORM risk-score API,4.7,July,Medium,3,0,4.7,4.6,4.6,Sub-Saharan Africa,Eastern Africa,Eastern Africa
0,Africa,Drought/Wildfire,Uganda,UGA,DR,Drought,INFORM risk-score API,4.6,September,Medium,3,0,4.0,4.2,4.6,Sub-Saharan Africa,Eastern Africa,Eastern Africa
0,Africa,Drought/Wildfire,Malawi,MWI,DR,Drought,INFORM risk-score API,4.4,July,Medium,3,0,4.4,4.4,4.4,Sub-Saharan Africa,Eastern Africa,Eastern Africa
0,Africa,Drought/Wildfire,Djibouti,DJI,DR,Drought,INFORM risk-score API,4.1,July,Medium,3,0,4.1,4.1,4.1,Sub-Saharan Africa,Eastern Africa,Eastern Africa
0,Africa,Drought/Wildfire,"Tanzania, United Republic of",TZA,DR,Drought,INFORM risk-score API,4.1,July,Medium,3,0,4.1,3.9,4.0,Sub-Saharan Africa,Eastern Africa,Eastern Africa
0,Africa,Drought/Wildfire,Madagascar,MDG,DR,Drought,INFORM risk-score API,4.0,July,Medium,3,0,4.0,4.0,3.9,Sub-Saharan Africa,Eastern Africa,Eastern Africa
0,Africa,Drought/Wildfire,Zimbabwe,ZWE,DR,Drought,INFORM risk-score API,4.0,July,Medium,3,0,4.0,4.0,4.0,Sub-Saharan Africa,Eastern Africa,Eastern Africa
0,Africa,Drought/Wildfire,Namibia,NAM,DR,Drought,INFORM risk-score API,3.9,July,Medium,3,0,3.9,3.9,3.9,Sub-Saharan Africa,Southern Africa,Southern Africa
0,Africa,Drought/Wildfire,Angola,AGO,DR,Drought,INFORM risk-score API,3.8,July,Medium,3,0,3.8,3.7,3.7,Sub-Saharan Africa,Middle Africa,Middle Africa
0,Africa,Drought/Wildfire,Rwanda,RWA,DR,Drought,INFORM risk-score API,3.8,September,Medium,1,0,3.1,3.1,3.8,Sub-Saharan Africa,Eastern Africa,Eastern Africa
0,Africa,Drought/Wildfire,"Eswatini, Kingdom of",SWZ,DR,Drought,INFORM risk-score API,3.7,July,Medium,3,0,3.7,3.7,3.7,Sub-Saharan Africa,Southern Africa,Southern Africa
0,Africa,Drought/Wildfire,Lesotho,LSO,DR,Drought,INFORM risk-score API,3.7,July,Medium,3,0,3.7,3.7,3.7,Sub-Saharan Africa,Southern Africa,Southern Africa
0,Africa,Drought/Wildfire,Burundi,BDI,DR,Drought,INFORM risk-score API,3.6,September,Medium,1,0,3.4,3.4,3.6,Sub-Saharan Africa,Eastern Africa,Eastern Africa
0,Africa,Drought/Wildfire,South Sudan,SSD,DR,Drought,INFORM risk-score API,3.6,July,Medium,1,0,3.6,3.2,3.1,Sub-Saharan Africa,Eastern Africa,Eastern Africa
0,Africa,Drought/Wildfire,"Gambia, Republic of The",GMB,DR,Drought,INFORM risk-score API,3.2,August,Low,3,0,3.1,3.2,2.8,Sub-Saharan Africa,Western Africa,Western Africa
0,Africa,Drought/Wildfire,Zambia,ZMB,DR,Drought,INFORM risk-score API,2.8,July,Low,3,0,2.8,2.8,2.8,Sub-Saharan Africa,Eastern Africa,Eastern Africa
0,Africa,Drought/Wildfire,Cameroon,CMR,DR,Drought,INFORM risk-score API,2.7,July,Low,3,0,2.7,2.6,2.7,Sub-Saharan Africa,Middle Africa,Middle Africa
0,Africa,Drought/Wildfire,Guinea-Bissau,GNB,DR,Drought,INFORM risk-score API,2.0,July,Very Low,3,0,2.0,1.6,1.5,Sub-Saharan Africa,Western Africa,Western Africa
0,Africa,Drought/Wildfire,Democratic Republic of Congo,COD,DR,Drought,INFORM risk-score API,1.9,September,Very Low,3,0,1.4,1.7,1.9,Sub-Saharan Africa,Middle Africa,Middle Africa
0,Africa,Drought/Wildfire,Togo,TGO,DR,Drought,INFORM risk-score API,1.9,August,Very Low,3,0,1.8,1.9,1.9,Sub-Saharan Africa,Western Africa,Western Africa
0,Africa,Drought/Wildfire,Cabo Verde,CPV,DR,Drought,INFORM risk-score API,1.6,July,Very Low,3,0,1.6,1.6,1.6,Sub-Saharan Africa,Western Africa,Western Africa
0,Africa,Drought/Wildfire,Botswana,BWA,DR,Drought,INFORM risk-score API,1.5,July,Very Low,3,0,1.5,1.5,1.5,Sub-Saharan Africa,Southern Africa,Southern Africa
0,Africa,Drought/Wildfire,Ghana,GHA,DR,Drought,INFORM risk-score API,1.0,September,Very Low,3,0,0.5,0.4,1.0,Sub-Saharan Africa,Western Africa,Western Africa
0,Africa,Drought/Wildfire,Côte d'Ivoire,CIV,DR,Drought,INFORM risk-score API,0.9,September,Very Low,3,0,0.1,0.4,0.9,Sub-Saharan Africa,Western Africa,Western Africa
0,Africa,Drought/Wildfire,Gabon,GAB,DR,Drought,INFORM risk-score API,0.9,July,Very Low,3,0,0.9,0.0,0.2,Sub-Saharan Africa,Middle Africa,Middle Africa
0,Africa,Drought/Wildfire,Guinea,GIN,DR,Drought,INFORM risk-score API,0.6,July,Very Low,3,0,0.6,0.4,0.3,Sub-Saharan Africa,Western Africa,Western Africa
0,Africa,Drought/Wildfire,Nigeria,NGA,DR,Drought,INFORM risk-score API,0.5,September,Very Low,3,0,0.4,0.4,0.5,Sub-Saharan Africa,Western Africa,Western Africa
0,Africa,Drought/Wildfire,Benin,BEN,DR,Drought,INFORM risk-score API,0.4,September,Very Low,3,0,0.2,0.1,0.4,Sub-Saharan Africa,Western Africa,Western Africa
0,Africa,Drought/Wildfire,Liberia,LBR,DR,Drought,INFORM risk-score API,0.4,September,Very Low,3,0,0.0,0.1,0.4,Sub-Saharan Africa,Western Africa,Western Africa
0,Africa,Drought/Wildfire,Congo,COG,DR,Drought,INFORM risk-score API,0.3,July,Very Low,3,0,0.3,0.2,0.2,Sub-Saharan Africa,Middle Africa,Middle Africa
0,Africa,Drought/Wildfire,Mauritius,MUS,DR,Drought,INFORM risk-score API,0.3,July,Very Low,3,0,0.3,0.3,0.3,Sub-Saharan Africa,Eastern Africa,Eastern Africa
0,Africa,Drought/Wildfire,Central African Republic,CAF,DR,Drought,INFORM risk-score API,0.0,July,Very Low,3,0,0.0,0.0,0.0,Sub-Saharan Africa,Middle Africa,Middle Africa
0,Africa,Drought/Wildfire,Comoros,COM,DR,Drought,INFORM risk-score API,0.0,July,Very Low,3,0,0.0,0.0,0.0,Sub-Saharan Africa,Eastern Africa,Eastern Africa
0,Africa,Drought/Wildfire,Equatorial Guinea,GNQ,DR,Drought,INFORM risk-score API,0.0,July,Very Low,3,0,0.0,0.0,0.0,Sub-Saharan Africa,Middle Africa,Middle Africa
0,Africa,Drought/Wildfire,Sao Tome and Principe,STP,DR,Drought,INFORM risk-score API,0.0,July,Very Low,3,0,0.0,0.0,0.0,Sub-Saharan Africa,Middle Africa,Middle Africa
0,Africa,Drought/Wildfire,Seychelles,SYC,DR,Drought,INFORM risk-score API,0.0,July,Very Low,3,0,0.0,0.0,0.0,Sub-Saharan Africa,Eastern Africa,Eastern Africa
0,Africa,Drought/Wildfire,Sierra Leone,SLE,DR,Drought,INFORM risk-score API,0.0,July,Very Low,3,0,0.0,0.0,0.0,Sub-Saharan Africa,Western Africa,Western Africa
0,Africa,Floods/TC,Nigeria,NGA,FL,Flood,INFORM risk-score API,8.0,August,Very High,2,2,4.3,8.0,8.0,Sub-Saharan Africa,Western Africa,Western Africa
0,Africa,Floods/TC,Sudan,SDN,FL,Flood,INFORM risk-score API,8.0,August,Very High,1,1,4.3,8.0,4.3,Northern Africa,,Northern Africa
0,Africa,Floods/TC,Chad,TCD,FL,Flood,INFORM risk-score API,7.5,September,Very High,1,2,2.1,6.4,7.5,Sub-Saharan Africa,Middle Africa,Middle Africa
0,Africa,Floods/TC,Mauritania,MRT,FL,Flood,INFORM risk-score API,7.5,August,Very High,1,2,1.1,7.5,5.4,Sub-Saharan Africa,Western Africa,Western Africa
0,Africa,Floods/TC,Niger,NER,FL,Flood,INFORM risk-score API,7.4,August,Very High,1,2,6.5,7.4,4.6,Sub-Saharan Africa,Western Africa,Western Africa
0,Africa,Floods/TC,South Sudan,SSD,FL,Flood,INFORM risk-score API,7.1,August,Very High,1,1,2.8,7.1,2.8,Sub-Saharan Africa,Eastern Africa,Eastern Africa
0,Africa,Floods/TC,Mali,MLI,FL,Flood,INFORM risk-score API,6.9,August,Very High,1,1,2.5,6.9,1.9,Sub-Saharan Africa,Western Africa,Western Africa
0,Africa,Floods/TC,Liberia,LBR,FL,Flood,INFORM risk-score API,6.2,July,High,1,1,6.2,2.1,0.0,Sub-Saharan Africa,Western Africa,Western Africa
0,Africa,Floods/TC,Cameroon,CMR,FL,Flood,INFORM risk-score API,6.0,August,High,1,1,1.7,6.0,1.7,Sub-Saharan Africa,Middle Africa,Middle Africa
0,Africa,Floods/TC,Central African Republic,CAF,FL,Flood,INFORM risk-score API,5.7,July,High,2,2,5.7,5.7,4.3,Sub-Saharan Africa,Middle Africa,Middle Africa
0,Africa,Floods/TC,Ethiopia,ETH,FL,Flood,INFORM risk-score API,5.7,August,High,1,1,1.6,5.7,2.1,Sub-Saharan Africa,Eastern Africa,Eastern Africa
0,Africa,Floods/TC,Benin,BEN,FL,Flood,INFORM risk-score API,5.1,July,High,1,1,5.1,1.0,3.1,Sub-Saharan Africa,Western Africa,Western Africa
0,Africa,Floods/TC,Guinea,GIN,FL,Flood,INFORM risk-score API,5.1,August,High,1,1,2.6,5.1,3.4,Sub-Saharan Africa,Western Africa,Western Africa
0,Africa,Floods/TC,Uganda,UGA,FL,Flood,INFORM risk-score API,5.1,August,High,1,1,1.3,5.1,3.8,Sub-Saharan Africa,Eastern Africa,Eastern Africa
0,Africa,Floods/TC,Senegal,SEN,FL,Flood,INFORM risk-score API,4.8,August,Medium,1,0,1.2,4.8,3.0,Sub-Saharan Africa,Western Africa,Western Africa
0,Africa,Floods/TC,Burkina Faso,BFA,FL,Flood,INFORM risk-score API,4.6,July,Medium,3,0,4.6,3.8,3.8,Sub-Saharan Africa,Western Africa,Western Africa
0,Africa,Floods/TC,Sierra Leone,SLE,FL,Flood,INFORM risk-score API,4.6,August,Medium,1,0,0.9,4.6,0.9,Sub-Saharan Africa,Western Africa,Western Africa
0,Africa,Floods/TC,Togo,TGO,FL,Flood,INFORM risk-score API,4.3,August,Medium,2,0,2.9,4.3,4.3,Sub-Saharan Africa,Western Africa,Western Africa
0,Africa,Floods/TC,South Africa,ZAF,FL,Flood,INFORM risk-score API,4.2,August,Medium,1,0,3.3,4.2,0.0,Sub-Saharan Africa,Southern Africa,Southern Africa
0,Africa,Floods/TC,Ghana,GHA,FL,Flood,INFORM risk-score API,4.1,July,Medium,1,0,4.1,2.5,1.6,Sub-Saharan Africa,Western Africa,Western Africa
0,Africa,Floods/TC,"Gambia, Republic of The",GMB,FL,Flood,INFORM risk-score API,3.5,July,Low,3,0,3.5,2.3,3.5,Sub-Saharan Africa,Western Africa,Western Africa
0,Africa,Floods/TC,Guinea-Bissau,GNB,FL,Flood,INFORM risk-score API,3.3,July,Low,3,0,3.3,3.3,3.3,Sub-Saharan Africa,Western Africa,Western Africa
0,Africa,Floods/TC,Somalia,SOM,FL,Flood,INFORM risk-score API,3.3,August,Low,2,0,0.8,3.3,2.5,Sub-Saharan Africa,Eastern Africa,Eastern Africa
0,Africa,Floods/TC,Eritrea,ERI,FL,Flood,INFORM risk-score API,3.1,July,Low,1,0,3.1,1.6,0.0,Sub-Saharan Africa,Eastern Africa,Eastern Africa
0,Africa,Floods/TC,Côte d'Ivoire,CIV,FL,Flood,INFORM risk-score API,2.8,July,Low,1,0,2.8,0.9,0.9,Sub-Saharan Africa,Western Africa,Western Africa
0,Africa,Floods/TC,Rwanda,RWA,FL,Flood,INFORM risk-score API,1.3,September,Very Low,3,0,0.0,0.0,1.3,Sub-Saharan Africa,Eastern Africa,Eastern Africa
0,Africa,Floods/TC,Botswana,BWA,FL,Flood,INFORM risk-score API,1.2,July,Very Low,3,0,1.2,0.0,0.0,Sub-Saharan Africa,Southern Africa,Southern Africa
0,Africa,Floods/TC,Kenya,KEN,FL,Flood,INFORM risk-score API,1.1,August,Very Low,3,0,0.0,1.1,0.4,Sub-Saharan Africa,Eastern Africa,Eastern Africa
0,Africa,Floods/TC,Democratic Republic of Congo,COD,FL,Flood,INFORM risk-score API,0.9,July,Very Low,3,0,0.9,0.0,0.9,Sub-Saharan Africa,Middle Africa,Middle Africa
0,Africa,Floods/TC,Burundi,BDI,FL,Flood,INFORM risk-score API,0.7,August,Very Low,3,0,0.0,0.7,0.7,Sub-Saharan Africa,Eastern Africa,Eastern Africa
0,Africa,Floods/TC,Mozambique,MOZ,FL,Flood,INFORM risk-score API,0.4,July,Very Low,3,0,0.4,0.0,0.0,Sub-Saharan Africa,Eastern Africa,Eastern Africa
0,Africa,Floods/TC,Cabo Verde,CPV,FL,Flood,INFORM risk-score API,0.1,July,Very Low,3,0,0.1,0.1,0.1,Sub-Saharan Africa,Western Africa,Western Africa
0,Africa,Floods/TC,Comoros,COM,FL,Flood,INFORM risk-score API,0.1,July,Very Low,3,0,0.1,0.1,0.1,Sub-Saharan Africa,Eastern Africa,Eastern Africa
0,Africa,Floods/TC,Mauritius,MUS,FL,Flood,INFORM risk-score API,0.1,July,Very Low,3,0,0.1,0.1,0.1,Sub-Saharan Africa,Eastern Africa,Eastern Africa
0,Africa,Floods/TC,Sao Tome and Principe,STP,FL,Flood,INFORM risk-score API,0.1,July,Very Low,3,0,0.1,0.1,0.1,Sub-Saharan Africa,Middle Africa,Middle Africa
0,Africa,Floods/TC,Seychelles,SYC,FL,Flood,INFORM risk-score API,0.1,July,Very Low,3,0,0.1,0.1,0.1,Sub-Saharan Africa,Eastern Africa,Eastern Africa
0,Africa,Floods/TC,Angola,AGO,FL,Flood,INFORM risk-score API,0.0,July,Very Low,3,0,0.0,0.0,0.0,Sub-Saharan Africa,Middle Africa,Middle Africa
0,Africa,Floods/TC,Congo,COG,FL,Flood,INFORM risk-score API,0.0,July,Very Low,3,0,0.0,0.0,0.0,Sub-Saharan Africa,Middle Africa,Middle Africa
0,Africa,Floods/TC,Djibouti,DJI,FL,Flood,INFORM risk-score API,0.0,July,Very Low,3,0,0.0,0.0,0.0,Sub-Saharan Africa,Eastern Africa,Eastern Africa
0,Africa,Floods/TC,Equatorial Guinea,GNQ,FL,Flood,INFORM risk-score API,0.0,July,Very Low,3,0,0.0,0.0,0.0,Sub-Saharan Africa,Middle Africa,Middle Africa
0,Africa,Floods/TC,"Eswatini, Kingdom of",SWZ,FL,Flood,INFORM risk-score API,0.0,July,Very Low,3,0,0.0,0.0,0.0,Sub-Saharan Africa,Southern Africa,Southern Africa
0,Africa,Floods/TC,Gabon,GAB,FL,Flood,INFORM risk-score API,0.0,July,Very Low,3,0,0.0,0.0,0.0,Sub-Saharan Africa,Middle Africa,Middle Africa
0,Africa,Floods/TC,Lesotho,LSO,FL,Flood,INFORM risk-score API,0.0,July,Very Low,3,0,0.0,0.0,0.0,Sub-Saharan Africa,Southern Africa,Southern Africa
0,Africa,Floods/TC,Madagascar,MDG,FL,Flood,INFORM risk-score API,0.0,July,Very Low,3,0,0.0,0.0,0.0,Sub-Saharan Africa,Eastern Africa,Eastern Africa
0,Africa,Floods/TC,Malawi,MWI,FL,Flood,INFORM risk-score API,0.0,July,Very Low,3,0,0.0,0.0,0.0,Sub-Saharan Africa,Eastern Africa,Eastern Africa
0,Africa,Floods/TC,Namibia,NAM,FL,Flood,INFORM risk-score API,0.0,July,Very Low,3,0,0.0,0.0,0.0,Sub-Saharan Africa,Southern Africa,Southern Africa
0,Africa,Floods/TC,"Tanzania, United Republic of",TZA,FL,Flood,INFORM risk-score API,0.0,July,Very Low,3,0,0.0,0.0,0.0,Sub-Saharan Africa,Eastern Africa,Eastern Africa
0,Africa,Floods/TC,Zambia,ZMB,FL,Flood,INFORM risk-score API,0.0,July,Very Low,3,0,0.0,0.0,0.0,Sub-Saharan Africa,Eastern Africa,Eastern Africa
0,Africa,Floods/TC,Zimbabwe,ZWE,FL,Flood,INFORM risk-score API,0.0,July,Very Low,3,0,0.0,0.0,0.0,Sub-Saharan Africa,Eastern Africa,Eastern Africa
0,Africa,Floods/TC,Angola,AGO,TC,Tropical Cyclone,INFORM risk-score API,0.0,July,Very Low,3,0,0.0,0.0,0.0,Sub-Saharan Africa,Middle Africa,Middle Africa
0,Africa,Floods/TC,Benin,BEN,TC,Tropical Cyclone,INFORM risk-score API,0.0,July,Very Low,3,0,0.0,0.0,0.0,Sub-Saharan Africa,Western Africa,Western Africa
0,Africa,Floods/TC,Botswana,BWA,TC,Tropical Cyclone,INFORM risk-score API,0.0,July,Very Low,3,0,0.0,0.0,0.0,Sub-Saharan Africa,Southern Africa,Southern Africa
0,Africa,Floods/TC,Burkina Faso,BFA,TC,Tropical Cyclone,INFORM risk-score API,0.0,July,Very Low,3,0,0.0,0.0,0.0,Sub-Saharan Africa,Western Africa,Western Africa
0,Africa,Floods/TC,Burundi,BDI,TC,Tropical Cyclone,INFORM risk-score API,0.0,July,Very Low,3,0,0.0,0.0,0.0,Sub-Saharan Africa,Eastern Africa,Eastern Africa
0,Africa,Floods/TC,Cabo Verde,CPV,TC,Tropical Cyclone,INFORM risk-score API,0.0,July,Very Low,3,0,0.0,0.0,0.0,Sub-Saharan Africa,Western Africa,Western Africa
0,Africa,Floods/TC,Cameroon,CMR,TC,Tropical Cyclone,INFORM risk-score API,0.0,July,Very Low,3,0,0.0,0.0,0.0,Sub-Saharan Africa,Middle Africa,Middle Africa
0,Africa,Floods/TC,Central African Republic,CAF,TC,Tropical Cyclone,INFORM risk-score API,0.0,July,Very Low,3,0,0.0,0.0,0.0,Sub-Saharan Africa,Middle Africa,Middle Africa
0,Africa,Floods/TC,Chad,TCD,TC,Tropical Cyclone,INFORM risk-score API,0.0,July,Very Low,3,0,0.0,0.0,0.0,Sub-Saharan Africa,Middle Africa,Middle Africa
0,Africa,Floods/TC,Comoros,COM,TC,Tropical Cyclone,INFORM risk-score API,0.0,July,Very Low,3,0,0.0,0.0,0.0,Sub-Saharan Africa,Eastern Africa,Eastern Africa
0,Africa,Floods/TC,Congo,COG,TC,Tropical Cyclone,INFORM risk-score API,0.0,July,Very Low,3,0,0.0,0.0,0.0,Sub-Saharan Africa,Middle Africa,Middle Africa
0,Africa,Floods/TC,Côte d'Ivoire,CIV,TC,Tropical Cyclone,INFORM risk-score API,0.0,July,Very Low,3,0,0.0,0.0,0.0,Sub-Saharan Africa,Western Africa,Western Africa
0,Africa,Floods/TC,Democratic Republic of Congo,COD,TC,Tropical Cyclone,INFORM risk-score API,0.0,July,Very Low,3,0,0.0,0.0,0.0,Sub-Saharan Africa,Middle Africa,Middle Africa
0,Africa,Floods/TC,Djibouti,DJI,TC,Tropical Cyclone,INFORM risk-score API,0.0,July,Very Low,3,0,0.0,0.0,0.0,Sub-Saharan Africa,Eastern Africa,Eastern Africa
0,Africa,Floods/TC,Equatorial Guinea,GNQ,TC,Tropical Cyclone,INFORM risk-score API,0.0,July,Very Low,3,0,0.0,0.0,0.0,Sub-Saharan Africa,Middle Africa,Middle Africa
0,Africa,Floods/TC,Eritrea,ERI,TC,Tropical Cyclone,INFORM risk-score API,0.0,July,Very Low,3,0,0.0,0.0,0.0,Sub-Saharan Africa,Eastern Africa,Eastern Africa
0,Africa,Floods/TC,"Eswatini, Kingdom of",SWZ,TC,Tropical Cyclone,INFORM risk-score API,0.0,July,Very Low,3,0,0.0,0.0,0.0,Sub-Saharan Africa,Southern Africa,Southern Africa
0,Africa,Floods/TC,Ethiopia,ETH,TC,Tropical Cyclone,INFORM risk-score API,0.0,July,Very Low,3,0,0.0,0.0,0.0,Sub-Saharan Africa,Eastern Africa,Eastern Africa
0,Africa,Floods/TC,Gabon,GAB,TC,Tropical Cyclone,INFORM risk-score API,0.0,July,Very Low,3,0,0.0,0.0,0.0,Sub-Saharan Africa,Middle Africa,Middle Africa
0,Africa,Floods/TC,"Gambia, Republic of The",GMB,TC,Tropical Cyclone,INFORM risk-score API,0.0,July,Very Low,3,0,0.0,0.0,0.0,Sub-Saharan Africa,Western Africa,Western Africa
0,Africa,Floods/TC,Ghana,GHA,TC,Tropical Cyclone,INFORM risk-score API,0.0,July,Very Low,3,0,0.0,0.0,0.0,Sub-Saharan Africa,Western Africa,Western Africa
0,Africa,Floods/TC,Guinea,GIN,TC,Tropical Cyclone,INFORM risk-score API,0.0,July,Very Low,3,0,0.0,0.0,0.0,Sub-Saharan Africa,Western Africa,Western Africa
0,Africa,Floods/TC,Guinea-Bissau,GNB,TC,Tropical Cyclone,INFORM risk-score API,0.0,July,Very Low,3,0,0.0,0.0,0.0,Sub-Saharan Africa,Western Africa,Western Africa
0,Africa,Floods/TC,Kenya,KEN,TC,Tropical Cyclone,INFORM risk-score API,0.0,July,Very Low,3,0,0.0,0.0,0.0,Sub-Saharan Africa,Eastern Africa,Eastern Africa
0,Africa,Floods/TC,Lesotho,LSO,TC,Tropical Cyclone,INFORM risk-score API,0.0,July,Very Low,3,0,0.0,0.0,0.0,Sub-Saharan Africa,Southern Africa,Southern Africa
0,Africa,Floods/TC,Liberia,LBR,TC,Tropical Cyclone,INFORM risk-score API,0.0,July,Very Low,3,0,0.0,0.0,0.0,Sub-Saharan Africa,Western Africa,Western Africa
0,Africa,Floods/TC,Madagascar,MDG,TC,Tropical Cyclone,INFORM risk-score API,0.0,July,Very Low,3,0,0.0,0.0,0.0,Sub-Saharan Africa,Eastern Africa,Eastern Africa
0,Africa,Floods/TC,Malawi,MWI,TC,Tropical Cyclone,INFORM risk-score API,0.0,July,Very Low,3,0,0.0,0.0,0.0,Sub-Saharan Africa,Eastern Africa,Eastern Africa
0,Africa,Floods/TC,Mali,MLI,TC,Tropical Cyclone,INFORM risk-score API,0.0,July,Very Low,3,0,0.0,0.0,0.0,Sub-Saharan Africa,Western Africa,Western Africa
0,Africa,Floods/TC,Mauritania,MRT,TC,Tropical Cyclone,INFORM risk-score API,0.0,July,Very Low,3,0,0.0,0.0,0.0,Sub-Saharan Africa,Western Africa,Western Africa
0,Africa,Floods/TC,Mauritius,MUS,TC,Tropical Cyclone,INFORM risk-score API,0.0,July,Very Low,3,0,0.0,0.0,0.0,Sub-Saharan Africa,Eastern Africa,Eastern Africa
0,Africa,Floods/TC,Mozambique,MOZ,TC,Tropical Cyclone,INFORM risk-score API,0.0,July,Very Low,3,0,0.0,0.0,0.0,Sub-Saharan Africa,Eastern Africa,Eastern Africa
0,Africa,Floods/TC,Namibia,NAM,TC,Tropical Cyclone,INFORM risk-score API,0.0,July,Very Low,3,0,0.0,0.0,0.0,Sub-Saharan Africa,Southern Africa,Southern Africa
0,Africa,Floods/TC,Niger,NER,TC,Tropical Cyclone,INFORM risk-score API,0.0,July,Very Low,3,0,0.0,0.0,0.0,Sub-Saharan Africa,Western Africa,Western Africa
0,Africa,Floods/TC,Nigeria,NGA,TC,Tropical Cyclone,INFORM risk-score API,0.0,July,Very Low,3,0,0.0,0.0,0.0,Sub-Saharan Africa,Western Africa,Western Africa
0,Africa,Floods/TC,Rwanda,RWA,TC,Tropical Cyclone,INFORM risk-score API,0.0,July,Very Low,3,0,0.0,0.0,0.0,Sub-Saharan Africa,Eastern Africa,Eastern Africa
0,Africa,Floods/TC,Sao Tome and Principe,STP,TC,Tropical Cyclone,INFORM risk-score API,0.0,July,Very Low,3,0,0.0,0.0,0.0,Sub-Saharan Africa,Middle Africa,Middle Africa
0,Africa,Floods/TC,Senegal,SEN,TC,Tropical Cyclone,INFORM risk-score API,0.0,July,Very Low,3,0,0.0,0.0,0.0,Sub-Saharan Africa,Western Africa,Western Africa
0,Africa,Floods/TC,Seychelles,SYC,TC,Tropical Cyclone,INFORM risk-score API,0.0,July,Very Low,3,0,0.0,0.0,0.0,Sub-Saharan Africa,Eastern Africa,Eastern Africa
0,Africa,Floods/TC,Sierra Leone,SLE,TC,Tropical Cyclone,INFORM risk-score API,0.0,July,Very Low,3,0,0.0,0.0,0.0,Sub-Saharan Africa,Western Africa,Western Africa
0,Africa,Floods/TC,Somalia,SOM,TC,Tropical Cyclone,INFORM risk-score API,0.0,July,Very Low,3,0,0.0,0.0,0.0,Sub-Saharan Africa,Eastern Africa,Eastern Africa
0,Africa,Floods/TC,South Africa,ZAF,TC,Tropical Cyclone,INFORM risk-score API,0.0,July,Very Low,3,0,0.0,0.0,0.0,Sub-Saharan Africa,Southern Africa,Southern Africa
0,Africa,Floods/TC,South Sudan,SSD,TC,Tropical Cyclone,INFORM risk-score API,0.0,July,Very Low,3,0,0.0,0.0,0.0,Sub-Saharan Africa,Eastern Africa,Eastern Africa
0,Africa,Floods/TC,Sudan,SDN,TC,Tropical Cyclone,INFORM risk-score API,0.0,July,Very Low,3,0,0.0,0.0,0.0,Northern Africa,,Northern Africa
0,Africa,Floods/TC,"Tanzania, United Republic of",TZA,TC,Tropical Cyclone,INFORM risk-score API,0.0,July,Very Low,3,0,0.0,0.0,0.0,Sub-Saharan Africa,Eastern Africa,Eastern Africa
0,Africa,Floods/TC,Togo,TGO,TC,Tropical Cyclone,INFORM risk-score API,0.0,July,Very Low,3,0,0.0,0.0,0.0,Sub-Saharan Africa,Western Africa,Western Africa
0,Africa,Floods/TC,Uganda,UGA,TC,Tropical Cyclone,INFORM risk-score API,0.0,July,Very Low,3,0,0.0,0.0,0.0,Sub-Saharan Africa,Eastern Africa,Eastern Africa
0,Africa,Floods/TC,Zambia,ZMB,TC,Tropical Cyclone,INFORM risk-score API,0.0,July,Very Low,3,0,0.0,0.0,0.0,Sub-Saharan Africa,Eastern Africa,Eastern Africa
0,Africa,Floods/TC,Zimbabwe,ZWE,TC,Tropical Cyclone,INFORM risk-score API,0.0,July,Very Low,3,0,0.0,0.0,0.0,Sub-Saharan Africa,Eastern Africa,Eastern Africa
0,Africa,Drought/Wildfire,Somalia,SOM,WF,Wildfire,GWIS seasonal API,62.31,July,Very High,3,3,62.30937739130435,57.21313608695652,44.19036565217391,Sub-Saharan Africa,Eastern Africa,Eastern Africa
0,Africa,Drought/Wildfire,Namibia,NAM,WF,Wildfire,GWIS seasonal API,52.64,September,Very High,3,3,37.90199434782608,45.99272086956522,52.64260130434782,Sub-Saharan Africa,Southern Africa,Southern Africa
0,Africa,Drought/Wildfire,Botswana,BWA,WF,Wildfire,GWIS seasonal API,44.66,September,Very High,3,3,24.024571304347827,35.673429999999996,44.65885347826087,Sub-Saharan Africa,Southern Africa,Southern Africa
0,Africa,Drought/Wildfire,Djibouti,DJI,WF,Wildfire,GWIS seasonal API,33.59,July,Very High,3,3,33.59178260869565,18.27003,18.614182608695653,Sub-Saharan Africa,Eastern Africa,Eastern Africa
0,Africa,Drought/Wildfire,Mauritania,MRT,WF,Wildfire,GWIS seasonal API,33.42,July,Very High,1,3,33.423269999999995,14.931283913043478,15.992006956521738,Sub-Saharan Africa,Western Africa,Western Africa
0,Africa,Drought/Wildfire,Zambia,ZMB,WF,Wildfire,GWIS seasonal API,32.63,September,Very High,3,3,18.64940304347826,25.672001739130437,32.625410869565215,Sub-Saharan Africa,Eastern Africa,Eastern Africa
0,Africa,Drought/Wildfire,Angola,AGO,WF,Wildfire,GWIS seasonal API,29.31,August,Very High,3,3,26.407794347826087,29.314287391304347,27.705294347826086,Sub-Saharan Africa,Middle Africa,Middle Africa
0,Africa,Drought/Wildfire,Zimbabwe,ZWE,WF,Wildfire,GWIS seasonal API,28.24,September,Very High,2,3,15.2474,21.80349565217391,28.23901347826087,Sub-Saharan Africa,Eastern Africa,Eastern Africa
0,Africa,Drought/Wildfire,South Africa,ZAF,WF,Wildfire,GWIS seasonal API,28.19,September,Very High,2,3,14.930845217391305,21.03193260869565,28.193038695652174,Sub-Saharan Africa,Southern Africa,Southern Africa
0,Africa,Drought/Wildfire,Niger,NER,WF,Wildfire,GWIS seasonal API,21.87,July,Very High,1,2,21.865506086956522,8.827427826086955,16.74016347826087,Sub-Saharan Africa,Western Africa,Western Africa
0,Africa,Drought/Wildfire,Malawi,MWI,WF,Wildfire,GWIS seasonal API,19.49,September,Very High,1,3,9.531454782608694,13.925098260869566,19.485084782608695,Sub-Saharan Africa,Eastern Africa,Eastern Africa
0,Africa,Drought/Wildfire,Mozambique,MOZ,WF,Wildfire,GWIS seasonal API,17.75,September,Very High,1,3,10.034907391304348,13.644246086956521,17.745811304347825,Sub-Saharan Africa,Eastern Africa,Eastern Africa
0,Africa,Drought/Wildfire,"Tanzania, United Republic of",TZA,WF,Wildfire,GWIS seasonal API,17.22,September,Very High,1,3,14.525273913043478,15.739043043478262,17.224604782608697,Sub-Saharan Africa,Eastern Africa,Eastern Africa
0,Africa,Drought/Wildfire,Ethiopia,ETH,WF,Wildfire,GWIS seasonal API,15.55,July,High,3,3,15.547612608695653,14.900122173913044,13.482612173913044,Sub-Saharan Africa,Eastern Africa,Eastern Africa
0,Africa,Drought/Wildfire,Sudan,SDN,WF,Wildfire,GWIS seasonal API,15.11,July,High,2,2,15.11413043478261,7.064631739130435,11.649068260869564,Northern Africa,,Northern Africa
0,Africa,Drought/Wildfire,Eritrea,ERI,WF,Wildfire,GWIS seasonal API,14.79,July,High,2,2,14.787116521739131,7.581933043478261,12.590899130434781,Sub-Saharan Africa,Eastern Africa,Eastern Africa
0,Africa,Drought/Wildfire,Madagascar,MDG,WF,Wildfire,GWIS seasonal API,14.74,September,High,3,3,10.707041739130434,12.45234347826087,14.743298260869565,Sub-Saharan Africa,Eastern Africa,Eastern Africa
0,Africa,Drought/Wildfire,Lesotho,LSO,WF,Wildfire,GWIS seasonal API,14.69,September,High,1,1,5.215510869565217,7.564601739130435,14.694768260869566,Sub-Saharan Africa,Southern Africa,Southern Africa
0,Africa,Drought/Wildfire,Mauritius,MUS,WF,Wildfire,GWIS seasonal API,11.62,September,High,3,3,10.798952173913044,10.920208695652175,11.623084347826087,Sub-Saharan Africa,Eastern Africa,Eastern Africa
0,Africa,Drought/Wildfire,Mali,MLI,WF,Wildfire,GWIS seasonal API,11.3,July,High,1,1,11.300868260869564,3.8861060869565223,6.864104782608696,Sub-Saharan Africa,Western Africa,Western Africa
0,Africa,Drought/Wildfire,"Eswatini, Kingdom of",SWZ,WF,Wildfire,GWIS seasonal API,11.16,August,High,3,3,9.722502173913044,11.155253913043477,10.678394782608695,Sub-Saharan Africa,Southern Africa,Southern Africa
0,Africa,Drought/Wildfire,Burundi,BDI,WF,Wildfire,GWIS seasonal API,11.14,August,High,2,2,9.269428260869564,11.144663913043479,8.161820869565217,Sub-Saharan Africa,Eastern Africa,Eastern Africa
0,Africa,Drought/Wildfire,Democratic Republic of Congo,COD,WF,Wildfire,GWIS seasonal API,9.97,July,High,1,1,9.970495217391305,7.655347391304348,4.004183478260869,Sub-Saharan Africa,Middle Africa,Middle Africa
0,Africa,Drought/Wildfire,Rwanda,RWA,WF,Wildfire,GWIS seasonal API,9.96,July,High,2,2,9.960155652173913,9.706128260869566,5.247773043478261,Sub-Saharan Africa,Eastern Africa,Eastern Africa
0,Africa,Drought/Wildfire,Senegal,SEN,WF,Wildfire,GWIS seasonal API,9.86,July,High,1,1,9.861666086956522,3.112092608695652,1.984643043478261,Sub-Saharan Africa,Western Africa,Western Africa
0,Africa,Drought/Wildfire,Chad,TCD,WF,Wildfire,GWIS seasonal API,9.05,July,High,1,1,9.04531,2.239086956521739,6.962706956521739,Sub-Saharan Africa,Middle Africa,Middle Africa
0,Africa,Drought/Wildfire,Cabo Verde,CPV,WF,Wildfire,GWIS seasonal API,7.21,July,Medium,1,0,7.212296521739131,4.523637391304348,2.149012608695652,Sub-Saharan Africa,Western Africa,Western Africa
0,Africa,Drought/Wildfire,Burkina Faso,BFA,WF,Wildfire,GWIS seasonal API,3.61,July,Low,1,0,3.611706956521739,0.5773226086956522,1.4421034782608695,Sub-Saharan Africa,Western Africa,Western Africa
0,Africa,Drought/Wildfire,Comoros,COM,WF,Wildfire,GWIS seasonal API,3.03,July,Low,3,0,3.0311952173913044,2.569123913043478,2.284173913043478,Sub-Saharan Africa,Eastern Africa,Eastern Africa
0,Africa,Drought/Wildfire,Sao Tome and Principe,STP,WF,Wildfire,GWIS seasonal API,2.69,August,Low,1,0,1.8508821739130434,2.6864417391304345,1.79496,Sub-Saharan Africa,Middle Africa,Middle Africa
0,Africa,Drought/Wildfire,Uganda,UGA,WF,Wildfire,GWIS seasonal API,2.49,July,Low,1,0,2.493916956521739,1.4212069565217391,1.2415860869565218,Sub-Saharan Africa,Eastern Africa,Eastern Africa
0,Africa,Drought/Wildfire,"Gambia, Republic of The",GMB,WF,Wildfire,GWIS seasonal API,2.25,July,Low,1,0,2.2537156521739132,0.14817521739130435,0.06940304347826087,Sub-Saharan Africa,Western Africa,Western Africa
0,Africa,Drought/Wildfire,Congo,COG,WF,Wildfire,GWIS seasonal API,2.11,August,Low,1,0,1.8718734782608695,2.111513043478261,1.0236,Sub-Saharan Africa,Middle Africa,Middle Africa
0,Africa,Drought/Wildfire,Nigeria,NGA,WF,Wildfire,GWIS seasonal API,1.9,July,Very Low,3,0,1.9021034782608695,0.30368304347826086,0.7031626086956522,Sub-Saharan Africa,Western Africa,Western Africa
0,Africa,Drought/Wildfire,Gabon,GAB,WF,Wildfire,GWIS seasonal API,1.72,August,Very Low,3,0,1.1752247826086957,1.723718695652174,0.6041517391304349,Sub-Saharan Africa,Middle Africa,Middle Africa
0,Africa,Drought/Wildfire,South Sudan,SSD,WF,Wildfire,GWIS seasonal API,1.32,July,Very Low,3,0,1.3182247826086957,0.7901517391304348,1.153491304347826,Sub-Saharan Africa,Eastern Africa,Eastern Africa
0,Africa,Drought/Wildfire,Seychelles,SYC,WF,Wildfire,GWIS seasonal API,0.69,August,Very Low,3,0,0.4195173913043479,0.6948239130434782,0.31341608695652173,Sub-Saharan Africa,Eastern Africa,Eastern Africa
0,Africa,Drought/Wildfire,Benin,BEN,WF,Wildfire,GWIS seasonal API,0.67,July,Very Low,3,0,0.6657004347826087,0.1135,0.12840652173913042,Sub-Saharan Africa,Western Africa,Western Africa
0,Africa,Drought/Wildfire,Ghana,GHA,WF,Wildfire,GWIS seasonal API,0.33,July,Very Low,3,0,0.33376260869565216,0.20626652173913043,0.054497391304347824,Sub-Saharan Africa,Western Africa,Western Africa
0,Africa,Drought/Wildfire,Togo,TGO,WF,Wildfire,GWIS seasonal API,0.33,July,Very Low,3,0,0.33492782608695654,0.08773521739130435,0.04665217391304348,Sub-Saharan Africa,Western Africa,Western Africa
0,Africa,Drought/Wildfire,Cameroon,CMR,WF,Wildfire,GWIS seasonal API,0.22,July,Very Low,3,0,0.2150791304347826,0.0779891304347826,0.05080565217391304,Sub-Saharan Africa,Middle Africa,Middle Africa
0,Africa,Drought/Wildfire,Côte d'Ivoire,CIV,WF,Wildfire,GWIS seasonal API,0.15,July,Very Low,3,0,0.1466008695652174,0.12454434782608696,0.022530869565217392,Sub-Saharan Africa,Western Africa,Western Africa
0,Africa,Drought/Wildfire,Equatorial Guinea,GNQ,WF,Wildfire,GWIS seasonal API,0.15,August,Very Low,3,0,0.09509434782608696,0.14951,0.012245652173913045,Sub-Saharan Africa,Middle Africa,Middle Africa
0,Africa,Drought/Wildfire,Guinea-Bissau,GNB,WF,Wildfire,GWIS seasonal API,0.14,July,Very Low,3,0,0.13926608695652173,0.0075382608695652165,0.009781304347826087,Sub-Saharan Africa,Western Africa,Western Africa
0,Africa,Drought/Wildfire,Central African Republic,CAF,WF,Wildfire,GWIS seasonal API,0.1,July,Very Low,3,0,0.09852782608695652,0.02068608695652174,0.016341304347826085,Sub-Saharan Africa,Middle Africa,Middle Africa
0,Africa,Drought/Wildfire,Guinea,GIN,WF,Wildfire,GWIS seasonal API,0.03,July,Very Low,3,0,0.02680782608695652,0.00540695652173913,0.006814782608695652,Sub-Saharan Africa,Western Africa,Western Africa
0,Africa,Drought/Wildfire,Liberia,LBR,WF,Wildfire,GWIS seasonal API,0.02,August,Very Low,3,0,0.01818695652173913,0.02460826086956522,0.0005326086956521738,Sub-Saharan Africa,Western Africa,Western Africa
0,Africa,Drought/Wildfire,Sierra Leone,SLE,WF,Wildfire,GWIS seasonal API,0.0,July,Very Low,3,0,0.0011882608695652174,0.0011082608695652176,0.0003708695652173913,Sub-Saharan Africa,Western Africa,Western Africa
1,Americas,Drought/Wildfire,Brazil,BRA,DR,Drought,INFORM risk-score API,4.5,July,Medium,3,0,4.5,4.5,4.5,Latin America and the Caribbean,South America,South America
1,Americas,Drought/Wildfire,Honduras,HND,DR,Drought,INFORM risk-score API,4.3,July,Medium,3,0,4.3,4.2,4.2,Latin America and the Caribbean,Central America,Central America
1,Americas,Drought/Wildfire,Bolivia,BOL,DR,Drought,INFORM risk-score API,4.1,July,Medium,3,0,4.1,4.1,4.1,Latin America and the Caribbean,South America,South America
1,Americas,Drought/Wildfire,United States,USA,DR,Drought,INFORM risk-score API,4.1,August,Medium,2,0,3.9,4.1,3.5,Northern America,,Northern America
1,Americas,Drought/Wildfire,Guatemala,GTM,DR,Drought,INFORM risk-score API,3.8,July,Medium,3,0,3.8,3.8,3.8,Latin America and the Caribbean,Central America,Central America
1,Americas,Drought/Wildfire,Nicaragua,NIC,DR,Drought,INFORM risk-score API,3.8,July,Medium,1,0,3.8,3.5,3.5,Latin America and the Caribbean,Central America,Central America
1,Americas,Drought/Wildfire,Mexico,MEX,DR,Drought,INFORM risk-score API,3.7,July,Medium,2,0,3.7,3.6,3.5,Latin America and the Caribbean,Central America,Central America
1,Americas,Drought/Wildfire,Guyana,GUY,DR,Drought,INFORM risk-score API,3.6,July,Medium,1,0,3.6,3.1,2.9,Latin America and the Caribbean,South America,South America
1,Americas,Drought/Wildfire,Cuba,CUB,DR,Drought,INFORM risk-score API,3.5,July,Low,3,0,3.5,3.3,3.3,Latin America and the Caribbean,Caribbean,Caribbean
1,Americas,Drought/Wildfire,Haiti,HTI,DR,Drought,INFORM risk-score API,3.5,September,Low,3,0,3.4,3.4,3.5,Latin America and the Caribbean,Caribbean,Caribbean
1,Americas,Drought/Wildfire,Paraguay,PRY,DR,Drought,INFORM risk-score API,3.5,July,Low,3,0,3.5,3.5,3.5,Latin America and the Caribbean,South America,South America
1,Americas,Drought/Wildfire,Peru,PER,DR,Drought,INFORM risk-score API,3.5,July,Low,3,0,3.5,3.5,3.5,Latin America and the Caribbean,South America,South America
1,Americas,Drought/Wildfire,El Salvador,SLV,DR,Drought,INFORM risk-score API,3.2,July,Low,3,0,3.2,3.2,3.2,Latin America and the Caribbean,Central America,Central America
1,Americas,Drought/Wildfire,Argentina,ARG,DR,Drought,INFORM risk-score API,2.4,September,Low,1,0,1.6,1.6,2.4,Latin America and the Caribbean,South America,South America
1,Americas,Drought/Wildfire,Ecuador,ECU,DR,Drought,INFORM risk-score API,2.4,August,Low,3,0,2.2,2.4,2.4,Latin America and the Caribbean,South America,South America
1,Americas,Drought/Wildfire,Canada,CAN,DR,Drought,INFORM risk-score API,2.3,July,Low,1,0,2.3,1.6,1.4,Northern America,,Northern America
1,Americas,Drought/Wildfire,Jamaica,JAM,DR,Drought,INFORM risk-score API,2.1,August,Low,1,0,1.4,2.1,1.9,Latin America and the Caribbean,Caribbean,Caribbean
1,Americas,Drought/Wildfire,Uruguay,URY,DR,Drought,INFORM risk-score API,1.9,July,Very Low,3,0,1.9,1.9,1.7,Latin America and the Caribbean,South America,South America
1,Americas,Drought/Wildfire,Colombia,COL,DR,Drought,INFORM risk-score API,1.7,September,Very Low,3,0,1.5,1.6,1.7,Latin America and the Caribbean,South America,South America
1,Americas,Drought/Wildfire,Costa Rica,CRI,DR,Drought,INFORM risk-score API,1.0,July,Very Low,3,0,1.0,1.0,1.0,Latin America and the Caribbean,Central America,Central America
1,Americas,Drought/Wildfire,Panama,PAN,DR,Drought,INFORM risk-score API,1.0,July,Very Low,3,0,1.0,0.9,0.9,Latin America and the Caribbean,Central America,Central America
1,Americas,Drought/Wildfire,Venezuela,VEN,DR,Drought,INFORM risk-score API,1.0,July,Very Low,3,0,1.0,0.9,0.7,Latin America and the Caribbean,South America,South America
1,Americas,Drought/Wildfire,Barbados,BRB,DR,Drought,INFORM risk-score API,0.5,July,Very Low,3,0,0.5,0.5,0.5,Latin America and the Caribbean,Caribbean,Caribbean
1,Americas,Drought/Wildfire,Dominican Republic,DOM,DR,Drought,INFORM risk-score API,0.5,July,Very Low,3,0,0.5,0.5,0.5,Latin America and the Caribbean,Caribbean,Caribbean
1,Americas,Drought/Wildfire,Grenada,GRD,DR,Drought,INFORM risk-score API,0.5,July,Very Low,3,0,0.5,0.5,0.5,Latin America and the Caribbean,Caribbean,Caribbean
1,Americas,Drought/Wildfire,Saint Lucia,LCA,DR,Drought,INFORM risk-score API,0.5,July,Very Low,3,0,0.5,0.5,0.5,Latin America and the Caribbean,Caribbean,Caribbean
1,Americas,Drought/Wildfire,Saint Vincent and the Grenadines,VCT,DR,Drought,INFORM risk-score API,0.5,July,Very Low,3,0,0.5,0.5,0.5,Latin America and the Caribbean,Caribbean,Caribbean
1,Americas,Drought/Wildfire,Chile,CHL,DR,Drought,INFORM risk-score API,0.3,July,Very Low,3,0,0.3,0.3,0.3,Latin America and the Caribbean,South America,South America
1,Americas,Drought/Wildfire,Trinidad and Tobago,TTO,DR,Drought,INFORM risk-score API,0.3,July,Very Low,3,0,0.3,0.3,0.3,Latin America and the Caribbean,Caribbean,Caribbean
1,Americas,Drought/Wildfire,Belize,BLZ,DR,Drought,INFORM risk-score API,0.1,July,Very Low,3,0,0.1,0.0,0.0,Latin America and the Caribbean,Central America,Central America
1,Americas,Drought/Wildfire,Antigua and Barbuda,ATG,DR,Drought,INFORM risk-score API,0.0,July,Very Low,3,0,0.0,0.0,0.0,Latin America and the Caribbean,Caribbean,Caribbean
1,Americas,Drought/Wildfire,Bahamas,BHS,DR,Drought,INFORM risk-score API,0.0,July,Very Low,3,0,0.0,0.0,0.0,Latin America and the Caribbean,Caribbean,Caribbean
1,Americas,Drought/Wildfire,Dominica,DMA,DR,Drought,INFORM risk-score API,0.0,July,Very Low,3,0,0.0,0.0,0.0,Latin America and the Caribbean,Caribbean,Caribbean
1,Americas,Drought/Wildfire,Saint Kitts and Nevis,KNA,DR,Drought,INFORM risk-score API,0.0,July,Very Low,3,0,0.0,0.0,0.0,Latin America and the Caribbean,Caribbean,Caribbean
1,Americas,Drought/Wildfire,Suriname,SUR,DR,Drought,INFORM risk-score API,0.0,July,Very Low,3,0,0.0,0.0,0.0,Latin America and the Caribbean,South America,South America
1,Americas,Floods/TC,Mexico,MEX,FL,Flood,INFORM risk-score API,7.2,September,Very High,1,1,1.9,1.9,7.2,Latin America and the Caribbean,Central America,Central America
1,Americas,Floods/TC,United States,USA,FL,Flood,INFORM risk-score API,3.8,July,Medium,1,0,3.8,3.2,2.2,Northern America,,Northern America
1,Americas,Floods/TC,Paraguay,PRY,FL,Flood,INFORM risk-score API,3.6,July,Medium,1,0,3.6,1.2,1.2,Latin America and the Caribbean,South America,South America
1,Americas,Floods/TC,Colombia,COL,FL,Flood,INFORM risk-score API,3.4,September,Low,3,0,2.7,2.7,3.4,Latin America and the Caribbean,South America,South America
1,Americas,Floods/TC,Guatemala,GTM,FL,Flood,INFORM risk-score API,3.2,September,Low,1,0,1.3,1.9,3.2,Latin America and the Caribbean,Central America,Central America
1,Americas,Floods/TC,Costa Rica,CRI,FL,Flood,INFORM risk-score API,2.6,September,Low,1,0,1.3,0.0,2.6,Latin America and the Caribbean,Central America,Central America
1,Americas,Floods/TC,Chile,CHL,FL,Flood,INFORM risk-score API,2.4,July,Low,2,0,2.4,2.4,0.8,Latin America and the Caribbean,South America,South America
1,Americas,Floods/TC,El Salvador,SLV,FL,Flood,INFORM risk-score API,2.4,September,Low,1,0,0.6,0.0,2.4,Latin America and the Caribbean,Central America,Central America
1,Americas,Floods/TC,Guyana,GUY,FL,Flood,INFORM risk-score API,2.4,July,Low,1,0,2.4,0.0,0.0,Latin America and the Caribbean,South America,South America
1,Americas,Floods/TC,Brazil,BRA,FL,Flood,INFORM risk-score API,2.2,July,Low,1,0,2.2,0.0,1.6,Latin America and the Caribbean,South America,South America
1,Americas,Floods/TC,Nicaragua,NIC,FL,Flood,INFORM risk-score API,2.2,September,Low,1,0,1.5,0.7,2.2,Latin America and the Caribbean,Central America,Central America
1,Americas,Floods/TC,Venezuela,VEN,FL,Flood,INFORM risk-score API,2.2,July,Low,2,0,2.2,2.2,1.1,Latin America and the Caribbean,South America,South America
1,Americas,Floods/TC,Panama,PAN,FL,Flood,INFORM risk-score API,1.9,September,Very Low,3,0,0.8,0.4,1.9,Latin America and the Caribbean,Central America,Central America
1,Americas,Floods/TC,Canada,CAN,FL,Flood,INFORM risk-score API,1.7,August,Very Low,3,0,1.2,1.7,0.6,Northern America,,Northern America
1,Americas,Floods/TC,Argentina,ARG,FL,Flood,INFORM risk-score API,1.6,July,Very Low,3,0,1.6,0.8,0.0,Latin America and the Caribbean,South America,South America
1,Americas,Floods/TC,Dominican Republic,DOM,FL,Flood,INFORM risk-score API,1.5,July,Very Low,3,0,1.5,0.0,0.8,Latin America and the Caribbean,Caribbean,Caribbean
1,Americas,Floods/TC,Haiti,HTI,FL,Flood,INFORM risk-score API,1.3,July,Very Low,3,0,1.3,0.4,0.4,Latin America and the Caribbean,Caribbean,Caribbean
1,Americas,Floods/TC,Honduras,HND,FL,Flood,INFORM risk-score API,1.3,August,Very Low,3,0,0.6,1.3,1.3,Latin America and the Caribbean,Central America,Central America
1,Americas,Floods/TC,Uruguay,URY,FL,Flood,INFORM risk-score API,0.8,August,Very Low,3,0,0.0,0.8,0.0,Latin America and the Caribbean,South America,South America
1,Americas,Floods/TC,Antigua and Barbuda,ATG,FL,Flood,INFORM risk-score API,0.1,July,Very Low,3,0,0.1,0.1,0.1,Latin America and the Caribbean,Caribbean,Caribbean
1,Americas,Floods/TC,Bahamas,BHS,FL,Flood,INFORM risk-score API,0.1,July,Very Low,3,0,0.1,0.1,0.1,Latin America and the Caribbean,Caribbean,Caribbean
1,Americas,Floods/TC,Barbados,BRB,FL,Flood,INFORM risk-score API,0.1,July,Very Low,3,0,0.1,0.1,0.1,Latin America and the Caribbean,Caribbean,Caribbean
1,Americas,Floods/TC,Dominica,DMA,FL,Flood,INFORM risk-score API,0.1,July,Very Low,3,0,0.1,0.1,0.1,Latin America and the Caribbean,Caribbean,Caribbean
1,Americas,Floods/TC,Grenada,GRD,FL,Flood,INFORM risk-score API,0.1,July,Very Low,3,0,0.1,0.1,0.1,Latin America and the Caribbean,Caribbean,Caribbean
1,Americas,Floods/TC,Saint Kitts and Nevis,KNA,FL,Flood,INFORM risk-score API,0.1,July,Very Low,3,0,0.1,0.1,0.1,Latin America and the Caribbean,Caribbean,Caribbean
1,Americas,Floods/TC,Saint Lucia,LCA,FL,Flood,INFORM risk-score API,0.1,July,Very Low,3,0,0.1,0.1,0.1,Latin America and the Caribbean,Caribbean,Caribbean
1,Americas,Floods/TC,Saint Vincent and the Grenadines,VCT,FL,Flood,INFORM risk-score API,0.1,July,Very Low,3,0,0.1,0.1,0.1,Latin America and the Caribbean,Caribbean,Caribbean
1,Americas,Floods/TC,Belize,BLZ,FL,Flood,INFORM risk-score API,0.0,July,Very Low,3,0,0.0,0.0,0.0,Latin America and the Caribbean,Central America,Central America
1,Americas,Floods/TC,Bolivia,BOL,FL,Flood,INFORM risk-score API,0.0,July,Very Low,3,0,0.0,0.0,0.0,Latin America and the Caribbean,South America,South America
1,Americas,Floods/TC,Cuba,CUB,FL,Flood,INFORM risk-score API,0.0,July,Very Low,3,0,0.0,0.0,0.0,Latin America and the Caribbean,Caribbean,Caribbean
1,Americas,Floods/TC,Ecuador,ECU,FL,Flood,INFORM risk-score API,0.0,July,Very Low,3,0,0.0,0.0,0.0,Latin America and the Caribbean,South America,South America
1,Americas,Floods/TC,Jamaica,JAM,FL,Flood,INFORM risk-score API,0.0,July,Very Low,3,0,0.0,0.0,0.0,Latin America and the Caribbean,Caribbean,Caribbean
1,Americas,Floods/TC,Peru,PER,FL,Flood,INFORM risk-score API,0.0,July,Very Low,3,0,0.0,0.0,0.0,Latin America and the Caribbean,South America,South America
1,Americas,Floods/TC,Suriname,SUR,FL,Flood,INFORM risk-score API,0.0,July,Very Low,3,0,0.0,0.0,0.0,Latin America and the Caribbean,South America,South America
1,Americas,Floods/TC,Trinidad and Tobago,TTO,FL,Flood,INFORM risk-score API,0.0,July,Very Low,3,0,0.0,0.0,0.0,Latin America and the Caribbean,Caribbean,Caribbean
1,Americas,Floods/TC,Bahamas,BHS,TC,Tropical Cyclone,INFORM risk-score API,8.8,September,Very High,1,1,1.8,3.2,8.8,Latin America and the Caribbean,Caribbean,Caribbean
1,Americas,Floods/TC,Antigua and Barbuda,ATG,TC,Tropical Cyclone,INFORM risk-score API,8.4,September,Very High,1,1,1.6,2.9,8.4,Latin America and the Caribbean,Caribbean,Caribbean
1,Americas,Floods/TC,Cuba,CUB,TC,Tropical Cyclone,INFORM risk-score API,8.0,September,Very High,1,1,1.5,2.7,8.0,Latin America and the Caribbean,Caribbean,Caribbean
1,Americas,Floods/TC,Dominican Republic,DOM,TC,Tropical Cyclone,INFORM risk-score API,7.9,September,Very High,1,1,1.4,2.7,7.9,Latin America and the Caribbean,Caribbean,Caribbean
1,Americas,Floods/TC,Dominica,DMA,TC,Tropical Cyclone,INFORM risk-score API,7.6,September,Very High,1,1,1.4,2.6,7.6,Latin America and the Caribbean,Caribbean,Caribbean
1,Americas,Floods/TC,Belize,BLZ,TC,Tropical Cyclone,INFORM risk-score API,7.2,September,Very High,1,1,1.4,2.6,7.2,Latin America and the Caribbean,Central America,Central America
1,Americas,Floods/TC,Haiti,HTI,TC,Tropical Cyclone,INFORM risk-score API,7.2,September,Very High,1,1,1.4,2.5,7.2,Latin America and the Caribbean,Caribbean,Caribbean
1,Americas,Floods/TC,Jamaica,JAM,TC,Tropical Cyclone,INFORM risk-score API,7.2,September,Very High,1,1,1.5,2.7,7.2,Latin America and the Caribbean,Caribbean,Caribbean
1,Americas,Floods/TC,Saint Kitts and Nevis,KNA,TC,Tropical Cyclone,INFORM risk-score API,6.9,September,Very High,1,1,1.2,2.2,6.9,Latin America and the Caribbean,Caribbean,Caribbean
1,Americas,Floods/TC,United States,USA,TC,Tropical Cyclone,INFORM risk-score API,6.8,September,Very High,1,1,2.6,4.1,6.8,Northern America,,Northern America
1,Americas,Floods/TC,Mexico,MEX,TC,Tropical Cyclone,INFORM risk-score API,6.5,September,High,1,1,2.3,3.5,6.5,Latin America and the Caribbean,Central America,Central America
1,Americas,Floods/TC,Saint Lucia,LCA,TC,Tropical Cyclone,INFORM risk-score API,4.7,September,Medium,1,0,1.0,1.7,4.7,Latin America and the Caribbean,Caribbean,Caribbean
1,Americas,Floods/TC,Barbados,BRB,TC,Tropical Cyclone,INFORM risk-score API,4.6,September,Medium,1,0,0.9,1.7,4.6,Latin America and the Caribbean,Caribbean,Caribbean
1,Americas,Floods/TC,Saint Vincent and the Grenadines,VCT,TC,Tropical Cyclone,INFORM risk-score API,4.3,September,Medium,1,0,0.9,1.6,4.3,Latin America and the Caribbean,Caribbean,Caribbean
1,Americas,Floods/TC,Colombia,COL,TC,Tropical Cyclone,INFORM risk-score API,4.1,September,Medium,1,0,0.8,1.5,4.1,Latin America and the Caribbean,South America,South America
1,Americas,Floods/TC,El Salvador,SLV,TC,Tropical Cyclone,INFORM risk-score API,3.7,September,Medium,1,0,2.2,3.3,3.7,Latin America and the Caribbean,Central America,Central America
1,Americas,Floods/TC,Honduras,HND,TC,Tropical Cyclone,INFORM risk-score API,3.7,September,Medium,1,0,1.3,2.1,3.7,Latin America and the Caribbean,Central America,Central America
1,Americas,Floods/TC,Guatemala,GTM,TC,Tropical Cyclone,INFORM risk-score API,3.6,September,Medium,1,0,1.3,2.1,3.6,Latin America and the Caribbean,Central America,Central America
1,Americas,Floods/TC,Nicaragua,NIC,TC,Tropical Cyclone,INFORM risk-score API,3.1,September,Low,1,0,1.2,1.8,3.1,Latin America and the Caribbean,Central America,Central America
1,Americas,Floods/TC,Trinidad and Tobago,TTO,TC,Tropical Cyclone,INFORM risk-score API,2.4,September,Low,1,0,0.5,0.9,2.4,Latin America and the Caribbean,Caribbean,Caribbean
1,Americas,Floods/TC,Canada,CAN,TC,Tropical Cyclone,INFORM risk-score API,1.9,September,Very Low,3,0,0.7,1.1,1.9,Northern America,,Northern America
1,Americas,Floods/TC,Costa Rica,CRI,TC,Tropical Cyclone,INFORM risk-score API,1.9,September,Very Low,3,0,0.4,0.7,1.9,Latin America and the Caribbean,Central America,Central America
1,Americas,Floods/TC,Grenada,GRD,TC,Tropical Cyclone,INFORM risk-score API,1.7,September,Very Low,3,0,0.3,0.6,1.7,Latin America and the Caribbean,Caribbean,Caribbean
1,Americas,Floods/TC,Argentina,ARG,TC,Tropical Cyclone,INFORM risk-score API,0.0,July,Very Low,3,0,0.0,0.0,0.0,Latin America and the Caribbean,South America,South America
1,Americas,Floods/TC,Bolivia,BOL,TC,Tropical Cyclone,INFORM risk-score API,0.0,July,Very Low,3,0,0.0,0.0,0.0,Latin America and the Caribbean,South America,South America
1,Americas,Floods/TC,Brazil,BRA,TC,Tropical Cyclone,INFORM risk-score API,0.0,July,Very Low,3,0,0.0,0.0,0.0,Latin America and the Caribbean,South America,South America
1,Americas,Floods/TC,Chile,CHL,TC,Tropical Cyclone,INFORM risk-score API,0.0,July,Very Low,3,0,0.0,0.0,0.0,Latin America and the Caribbean,South America,South America
1,Americas,Floods/TC,Ecuador,ECU,TC,Tropical Cyclone,INFORM risk-score API,0.0,July,Very Low,3,0,0.0,0.0,0.0,Latin America and the Caribbean,South America,South America
1,Americas,Floods/TC,Guyana,GUY,TC,Tropical Cyclone,INFORM risk-score API,0.0,July,Very Low,3,0,0.0,0.0,0.0,Latin America and the Caribbean,South America,South America
1,Americas,Floods/TC,Panama,PAN,TC,Tropical Cyclone,INFORM risk-score API,0.0,July,Very Low,3,0,0.0,0.0,0.0,Latin America and the Caribbean,Central America,Central America
1,Americas,Floods/TC,Paraguay,PRY,TC,Tropical Cyclone,INFORM risk-score API,0.0,July,Very Low,3,0,0.0,0.0,0.0,Latin America and the Caribbean,South America,South America
1,Americas,Floods/TC,Peru,PER,TC,Tropical Cyclone,INFORM risk-score API,0.0,July,Very Low,3,0,0.0,0.0,0.0,Latin America and the Caribbean,South America,South America
1,Americas,Floods/TC,Suriname,SUR,TC,Tropical Cyclone,INFORM risk-score API,0.0,July,Very Low,3,0,0.0,0.0,0.0,Latin America and the Caribbean,South America,South America
1,Americas,Floods/TC,Uruguay,URY,TC,Tropical Cyclone,INFORM risk-score API,0.0,July,Very Low,3,0,0.0,0.0,0.0,Latin America and the Caribbean,South America,South America
1,Americas,Floods/TC,Venezuela,VEN,TC,Tropical Cyclone,INFORM risk-score API,0.0,July,Very Low,3,0,0.0,0.0,0.0,Latin America and the Caribbean,South America,South America
1,Americas,Drought/Wildfire,Bolivia,BOL,WF,Wildfire,GWIS seasonal API,11.94,August,High,2,2,8.340616086956521,11.937175217391303,11.56794043478261,Latin America and the Caribbean,South America,South America
1,Americas,Drought/Wildfire,Brazil,BRA,WF,Wildfire,GWIS seasonal API,11.55,August,High,2,2,8.302999999999999,11.546603913043478,10.914350869565217,Latin America and the Caribbean,South America,South America
1,Americas,Drought/Wildfire,Paraguay,PRY,WF,Wildfire,GWIS seasonal API,11.18,September,High,2,2,4.529448260869565,9.099396956521739,11.177933043478262,Latin America and the Caribbean,South America,South America
1,Americas,Drought/Wildfire,United States,USA,WF,Wildfire,GWIS seasonal API,9.57,July,High,1,1,9.57194347826087,8.752555217391304,7.702172608695652,Northern America,,Northern America
1,Americas,Drought/Wildfire,Mexico,MEX,WF,Wildfire,GWIS seasonal API,8.01,July,Medium,2,0,8.007540869565217,6.718648260869565,4.966996521739131,Latin America and the Caribbean,Central America,Central America
1,Americas,Drought/Wildfire,Chile,CHL,WF,Wildfire,GWIS seasonal API,4.5,September,Low,3,0,3.332437391304348,3.8476873913043477,4.5046226086956525,Latin America and the Caribbean,South America,South America
1,Americas,Drought/Wildfire,Dominican Republic,DOM,WF,Wildfire,GWIS seasonal API,3.68,July,Low,2,0,3.6763891304347824,3.0138334782608696,1.5047539130434782,Latin America and the Caribbean,Caribbean,Caribbean
1,Americas,Drought/Wildfire,Jamaica,JAM,WF,Wildfire,GWIS seasonal API,3.48,July,Low,1,0,3.4780460869565215,1.999348260869565,0.910904347826087,Latin America and the Caribbean,Caribbean,Caribbean
1,Americas,Drought/Wildfire,Peru,PER,WF,Wildfire,GWIS seasonal API,3.05,August,Low,3,0,2.30084,3.05031,2.41478,Latin America and the Caribbean,South America,South America
1,Americas,Drought/Wildfire,Suriname,SUR,WF,Wildfire,GWIS seasonal API,1.85,September,Very Low,3,0,0.052684347826086955,0.3735434782608696,1.8450856521739127,Latin America and the Caribbean,South America,South America
1,Americas,Drought/Wildfire,El Salvador,SLV,WF,Wildfire,GWIS seasonal API,1.72,July,Very Low,3,0,1.7236039130434784,1.164627391304348,0.22919478260869566,Latin America and the Caribbean,Central America,Central America
1,Americas,Drought/Wildfire,Cuba,CUB,WF,Wildfire,GWIS seasonal API,1.56,July,Very Low,3,0,1.5609004347826088,1.4570039130434784,0.6396004347826086,Latin America and the Caribbean,Caribbean,Caribbean
1,Americas,Drought/Wildfire,Ecuador,ECU,WF,Wildfire,GWIS seasonal API,1.44,September,Very Low,3,0,0.7456460869565218,1.2845721739130436,1.4404247826086958,Latin America and the Caribbean,South America,South America
1,Americas,Drought/Wildfire,Canada,CAN,WF,Wildfire,GWIS seasonal API,1.37,July,Very Low,3,0,1.3674239130434782,1.0610486956521739,0.5844495652173913,Northern America,,Northern America
1,Americas,Drought/Wildfire,Dominica,DMA,WF,Wildfire,GWIS seasonal API,1.32,July,Very Low,3,0,1.3195491304347826,0.4903147826086957,0.2808930434782609,Latin America and the Caribbean,Caribbean,Caribbean
1,Americas,Drought/Wildfire,Antigua and Barbuda,ATG,WF,Wildfire,GWIS seasonal API,1.23,July,Very Low,3,0,1.2270039130434784,0.5548069565217391,0.19347173913043478,Latin America and the Caribbean,Caribbean,Caribbean
1,Americas,Drought/Wildfire,Saint Lucia,LCA,WF,Wildfire,GWIS seasonal API,1.2,July,Very Low,3,0,1.2007473913043476,0.4983086956521739,0.4237347826086957,Latin America and the Caribbean,Caribbean,Caribbean
1,Americas,Drought/Wildfire,Saint Kitts and Nevis,KNA,WF,Wildfire,GWIS seasonal API,1.15,July,Very Low,3,0,1.1455969565217392,0.5009399999999999,0.20866695652173914,Latin America and the Caribbean,Caribbean,Caribbean
1,Americas,Drought/Wildfire,Nicaragua,NIC,WF,Wildfire,GWIS seasonal API,1.04,July,Very Low,3,0,1.0432682608695654,0.8526595652173914,0.21707478260869567,Latin America and the Caribbean,Central America,Central America
1,Americas,Drought/Wildfire,Bahamas,BHS,WF,Wildfire,GWIS seasonal API,1.03,July,Very Low,3,0,1.026445652173913,0.78052,0.35545,Latin America and the Caribbean,Caribbean,Caribbean
1,Americas,Drought/Wildfire,Venezuela,VEN,WF,Wildfire,GWIS seasonal API,1.03,July,Very Low,3,0,1.0297573913043478,0.847524347826087,0.690098695652174,Latin America and the Caribbean,South America,South America
1,Americas,Drought/Wildfire,Colombia,COL,WF,Wildfire,GWIS seasonal API,0.76,August,Very Low,3,0,0.70282,0.7572969565217391,0.6109365217391304,Latin America and the Caribbean,South America,South America
1,Americas,Drought/Wildfire,Uruguay,URY,WF,Wildfire,GWIS seasonal API,0.62,September,Very Low,3,0,0.2657204347826087,0.4574282608695652,0.6204926086956521,Latin America and the Caribbean,South America,South America
1,Americas,Drought/Wildfire,Guatemala,GTM,WF,Wildfire,GWIS seasonal API,0.6,August,Very Low,3,0,0.5570447826086956,0.5976560869565217,0.13174739130434784,Latin America and the Caribbean,Central America,Central America
1,Americas,Drought/Wildfire,Guyana,GUY,WF,Wildfire,GWIS seasonal API,0.52,September,Very Low,3,0,0.01071608695652174,0.07718391304347827,0.5175917391304348,Latin America and the Caribbean,South America,South America
1,Americas,Drought/Wildfire,Belize,BLZ,WF,Wildfire,GWIS seasonal API,0.37,August,Very Low,3,0,0.2289704347826087,0.3715978260869565,0.16549913043478262,Latin America and the Caribbean,Central America,Central America
1,Americas,Drought/Wildfire,Barbados,BRB,WF,Wildfire,GWIS seasonal API,0.31,July,Very Low,3,0,0.31238391304347823,0.1288404347826087,0.16581782608695653,Latin America and the Caribbean,Caribbean,Caribbean
1,Americas,Drought/Wildfire,Saint Vincent and the Grenadines,VCT,WF,Wildfire,GWIS seasonal API,0.28,July,Very Low,3,0,0.2751908695652174,0.09899826086956522,0.13485130434782608,Latin America and the Caribbean,Caribbean,Caribbean
1,Americas,Drought/Wildfire,Costa Rica,CRI,WF,Wildfire,GWIS seasonal API,0.2,July,Very Low,3,0,0.19762217391304346,0.14537173913043477,0.02717304347826087,Latin America and the Caribbean,Central America,Central America
1,Americas,Drought/Wildfire,Grenada,GRD,WF,Wildfire,GWIS seasonal API,0.13,September,Very Low,3,0,0.12636739130434782,0.06158565217391305,0.13134608695652175,Latin America and the Caribbean,Caribbean,Caribbean
2,Asia-Pacific,Drought/Wildfire,Australia,AUS,DR,Drought,INFORM risk-score API,6.8,September,Very High,1,3,6.3,6.5,6.8,Australia and New Zealand,,Australia and New Zealand
2,Asia-Pacific,Drought/Wildfire,India,IND,DR,Drought,INFORM risk-score API,6.2,July,High,3,3,6.2,6.1,5.6,Southern Asia,,Southern Asia
2,Asia-Pacific,Drought/Wildfire,Afghanistan,AFG,DR,Drought,INFORM risk-score API,5.8,July,High,3,3,5.8,5.5,5.2,Southern Asia,,Southern Asia
2,Asia-Pacific,Drought/Wildfire,Thailand,THA,DR,Drought,INFORM risk-score API,5.6,July,High,3,3,5.6,5.5,5.3,South-eastern Asia,,South-eastern Asia
2,Asia-Pacific,Drought/Wildfire,Mongolia,MNG,DR,Drought,INFORM risk-score API,5.6,August,High,2,2,5.4,5.6,4.4,Eastern Asia,,Eastern Asia
2,Asia-Pacific,Drought/Wildfire,Pakistan,PAK,DR,Drought,INFORM risk-score API,5.5,July,High,1,1,5.5,4.6,3.9,Southern Asia,,Southern Asia
2,Asia-Pacific,Drought/Wildfire,"Micronesia, Federated States of",FSM,DR,Drought,INFORM risk-score API,5.4,July,High,3,3,5.4,5.4,5.4,Micronesia,,Micronesia
2,Asia-Pacific,Drought/Wildfire,Bangladesh,BGD,DR,Drought,INFORM risk-score API,5.0,August,Medium,3,0,4.2,5.0,4.0,Southern Asia,,Southern Asia
2,Asia-Pacific,Drought/Wildfire,China,CHN,DR,Drought,INFORM risk-score API,4.6,July,Medium,3,0,4.6,4.6,4.6,Eastern Asia,,Eastern Asia
2,Asia-Pacific,Drought/Wildfire,Cambodia,KHM,DR,Drought,INFORM risk-score API,4.2,July,Medium,3,0,4.2,4.1,4.0,South-eastern Asia,,South-eastern Asia
2,Asia-Pacific,Drought/Wildfire,Kiribati,KIR,DR,Drought,INFORM risk-score API,3.8,July,Medium,3,0,3.8,3.8,3.8,Micronesia,,Micronesia
2,Asia-Pacific,Drought/Wildfire,Philippines,PHL,DR,Drought,INFORM risk-score API,3.8,July,Medium,3,0,3.8,3.7,3.6,South-eastern Asia,,South-eastern Asia
2,Asia-Pacific,Drought/Wildfire,Sri Lanka,LKA,DR,Drought,INFORM risk-score API,3.5,July,Low,3,0,3.5,3.5,3.5,Southern Asia,,Southern Asia
2,Asia-Pacific,Drought/Wildfire,Marshall Islands,MHL,DR,Drought,INFORM risk-score API,3.4,July,Low,3,0,3.4,3.4,3.4,Micronesia,,Micronesia
2,Asia-Pacific,Drought/Wildfire,Viet Nam,VNM,DR,Drought,INFORM risk-score API,3.4,July,Low,3,0,3.4,3.4,3.4,South-eastern Asia,,South-eastern Asia
2,Asia-Pacific,Drought/Wildfire,Democratic People's Republic of Korea,PRK,DR,Drought,INFORM risk-score API,3.3,July,Low,3,0,3.3,3.3,3.3,Eastern Asia,,Eastern Asia
2,Asia-Pacific,Drought/Wildfire,Indonesia,IDN,DR,Drought,INFORM risk-score API,2.9,July,Low,3,0,2.9,2.9,2.9,South-eastern Asia,,South-eastern Asia
2,Asia-Pacific,Drought/Wildfire,Nepal,NPL,DR,Drought,INFORM risk-score API,2.7,July,Low,3,0,2.7,2.5,2.1,Southern Asia,,Southern Asia
2,Asia-Pacific,Drought/Wildfire,Papua New Guinea,PNG,DR,Drought,INFORM risk-score API,2.5,July,Low,3,0,2.5,2.5,2.5,Melanesia,,Melanesia
2,Asia-Pacific,Drought/Wildfire,Lao People's Democratic Republic,LAO,DR,Drought,INFORM risk-score API,2.4,July,Low,3,0,2.4,2.4,2.4,South-eastern Asia,,South-eastern Asia
2,Asia-Pacific,Drought/Wildfire,Malaysia,MYS,DR,Drought,INFORM risk-score API,2.4,July,Low,3,0,2.4,2.3,2.3,South-eastern Asia,,South-eastern Asia
2,Asia-Pacific,Drought/Wildfire,Fiji,FJI,DR,Drought,INFORM risk-score API,2.0,July,Very Low,3,0,2.0,2.0,2.0,Melanesia,,Melanesia
2,Asia-Pacific,Drought/Wildfire,Timor-Leste,TLS,DR,Drought,INFORM risk-score API,1.5,July,Very Low,3,0,1.5,1.5,1.5,South-eastern Asia,,South-eastern Asia
2,Asia-Pacific,Drought/Wildfire,Myanmar,MMR,DR,Drought,INFORM risk-score API,1.0,August,Very Low,3,0,0.8,1.0,0.8,South-eastern Asia,,South-eastern Asia
2,Asia-Pacific,Drought/Wildfire,New Zealand,NZL,DR,Drought,INFORM risk-score API,0.8,July,Very Low,3,0,0.8,0.6,0.6,Australia and New Zealand,,Australia and New Zealand
2,Asia-Pacific,Drought/Wildfire,Solomon Islands,SLB,DR,Drought,INFORM risk-score API,0.8,July,Very Low,3,0,0.8,0.8,0.8,Melanesia,,Melanesia
2,Asia-Pacific,Drought/Wildfire,Samoa,WSM,DR,Drought,INFORM risk-score API,0.5,July,Very Low,3,0,0.5,0.5,0.5,Polynesia,,Polynesia
2,Asia-Pacific,Drought/Wildfire,Tonga,TON,DR,Drought,INFORM risk-score API,0.5,July,Very Low,3,0,0.5,0.5,0.5,Polynesia,,Polynesia
2,Asia-Pacific,Drought/Wildfire,Tuvalu,TUV,DR,Drought,INFORM risk-score API,0.5,July,Very Low,3,0,0.5,0.5,0.5,Polynesia,,Polynesia
2,Asia-Pacific,Drought/Wildfire,Republic of Korea,KOR,DR,Drought,INFORM risk-score API,0.3,July,Very Low,3,0,0.3,0.3,0.3,Eastern Asia,,Eastern Asia
2,Asia-Pacific,Drought/Wildfire,Bhutan,BTN,DR,Drought,INFORM risk-score API,0.0,July,Very Low,3,0,0.0,0.0,0.0,Southern Asia,,Southern Asia
2,Asia-Pacific,Drought/Wildfire,Brunei Darussalam,BRN,DR,Drought,INFORM risk-score API,0.0,July,Very Low,3,0,0.0,0.0,0.0,South-eastern Asia,,South-eastern Asia
2,Asia-Pacific,Drought/Wildfire,Japan,JPN,DR,Drought,INFORM risk-score API,0.0,July,Very Low,3,0,0.0,0.0,0.0,Eastern Asia,,Eastern Asia
2,Asia-Pacific,Drought/Wildfire,Maldives,MDV,DR,Drought,INFORM risk-score API,0.0,July,Very Low,3,0,0.0,0.0,0.0,Southern Asia,,Southern Asia
2,Asia-Pacific,Drought/Wildfire,Palau,PLW,DR,Drought,INFORM risk-score API,0.0,July,Very Low,3,0,0.0,0.0,0.0,Micronesia,,Micronesia
2,Asia-Pacific,Drought/Wildfire,Singapore,SGP,DR,Drought,INFORM risk-score API,0.0,July,Very Low,3,0,0.0,0.0,0.0,South-eastern Asia,,South-eastern Asia
2,Asia-Pacific,Drought/Wildfire,Vanuatu,VUT,DR,Drought,INFORM risk-score API,0.0,July,Very Low,3,0,0.0,0.0,0.0,Melanesia,,Melanesia
2,Asia-Pacific,Floods/TC,Bangladesh,BGD,FL,Flood,INFORM risk-score API,10.0,July,Very High,2,3,10.0,8.3,5.8,Southern Asia,,Southern Asia
2,Asia-Pacific,Floods/TC,Myanmar,MMR,FL,Flood,INFORM risk-score API,9.9,August,Very High,2,2,7.7,9.9,2.2,South-eastern Asia,,South-eastern Asia
2,Asia-Pacific,Floods/TC,Cambodia,KHM,FL,Flood,INFORM risk-score API,9.5,August,Very High,1,1,4.8,9.5,4.8,South-eastern Asia,,South-eastern Asia
2,Asia-Pacific,Floods/TC,Lao People's Democratic Republic,LAO,FL,Flood,INFORM risk-score API,9.1,August,Very High,1,1,1.0,9.1,3.0,South-eastern Asia,,South-eastern Asia
2,Asia-Pacific,Floods/TC,Pakistan,PAK,FL,Flood,INFORM risk-score API,8.8,August,Very High,1,2,6.2,8.8,3.3,Southern Asia,,Southern Asia
2,Asia-Pacific,Floods/TC,India,IND,FL,Flood,INFORM risk-score API,8.4,July,Very High,2,3,8.4,8.4,6.3,Southern Asia,,Southern Asia
2,Asia-Pacific,Floods/TC,Viet Nam,VNM,FL,Flood,INFORM risk-score API,7.8,September,Very High,1,3,5.6,6.1,7.8,South-eastern Asia,,South-eastern Asia
2,Asia-Pacific,Floods/TC,Democratic People's Republic of Korea,PRK,FL,Flood,INFORM risk-score API,7.4,July,Very High,2,2,7.4,6.6,2.5,Eastern Asia,,Eastern Asia
2,Asia-Pacific,Floods/TC,China,CHN,FL,Flood,INFORM risk-score API,6.7,July,Very High,1,1,6.7,4.9,2.3,Eastern Asia,,Eastern Asia
2,Asia-Pacific,Floods/TC,Nepal,NPL,FL,Flood,INFORM risk-score API,6.7,July,Very High,1,1,6.7,2.8,1.2,Southern Asia,,Southern Asia
2,Asia-Pacific,Floods/TC,Thailand,THA,FL,Flood,INFORM risk-score API,6.6,August,Very High,2,2,2.2,6.6,6.6,South-eastern Asia,,South-eastern Asia
2,Asia-Pacific,Floods/TC,Philippines,PHL,FL,Flood,INFORM risk-score API,6.4,August,High,1,1,3.8,6.4,3.0,South-eastern Asia,,South-eastern Asia
2,Asia-Pacific,Floods/TC,Bhutan,BTN,FL,Flood,INFORM risk-score API,5.1,August,High,1,1,2.6,5.1,0.0,Southern Asia,,Southern Asia
2,Asia-Pacific,Floods/TC,Afghanistan,AFG,FL,Flood,INFORM risk-score API,4.9,July,Medium,1,0,4.9,3.0,1.1,Southern Asia,,Southern Asia
2,Asia-Pacific,Floods/TC,Republic of Korea,KOR,FL,Flood,INFORM risk-score API,4.7,July,Medium,2,0,4.7,4.7,2.4,Eastern Asia,,Eastern Asia
2,Asia-Pacific,Floods/TC,Mongolia,MNG,FL,Flood,INFORM risk-score API,4.3,July,Medium,1,0,4.3,1.4,0.0,Eastern Asia,,Eastern Asia
2,Asia-Pacific,Floods/TC,Japan,JPN,FL,Flood,INFORM risk-score API,3.9,July,Medium,1,0,3.9,0.0,0.7,Eastern Asia,,Eastern Asia
2,Asia-Pacific,Floods/TC,Indonesia,IDN,FL,Flood,INFORM risk-score API,2.9,July,Low,1,0,2.9,1.2,2.0,South-eastern Asia,,South-eastern Asia
2,Asia-Pacific,Floods/TC,Papua New Guinea,PNG,FL,Flood,INFORM risk-score API,2.5,July,Low,3,0,2.5,2.5,2.5,Melanesia,,Melanesia
2,Asia-Pacific,Floods/TC,New Zealand,NZL,FL,Flood,INFORM risk-score API,1.9,July,Very Low,3,0,1.9,1.9,0.0,Australia and New Zealand,,Australia and New Zealand
2,Asia-Pacific,Floods/TC,Sri Lanka,LKA,FL,Flood,INFORM risk-score API,1.2,September,Very Low,3,0,0.0,0.6,1.2,Southern Asia,,Southern Asia
2,Asia-Pacific,Floods/TC,Malaysia,MYS,FL,Flood,INFORM risk-score API,0.9,July,Very Low,3,0,0.9,0.5,0.0,South-eastern Asia,,South-eastern Asia
2,Asia-Pacific,Floods/TC,Timor-Leste,TLS,FL,Flood,INFORM risk-score API,0.6,July,Very Low,3,0,0.6,0.0,0.0,South-eastern Asia,,South-eastern Asia
2,Asia-Pacific,Floods/TC,Fiji,FJI,FL,Flood,INFORM risk-score API,0.1,July,Very Low,3,0,0.1,0.1,0.1,Melanesia,,Melanesia
2,Asia-Pacific,Floods/TC,Kiribati,KIR,FL,Flood,INFORM risk-score API,0.1,July,Very Low,3,0,0.1,0.1,0.1,Micronesia,,Micronesia
2,Asia-Pacific,Floods/TC,Maldives,MDV,FL,Flood,INFORM risk-score API,0.1,July,Very Low,3,0,0.1,0.1,0.1,Southern Asia,,Southern Asia
2,Asia-Pacific,Floods/TC,Marshall Islands,MHL,FL,Flood,INFORM risk-score API,0.1,July,Very Low,3,0,0.1,0.1,0.1,Micronesia,,Micronesia
2,Asia-Pacific,Floods/TC,"Micronesia, Federated States of",FSM,FL,Flood,INFORM risk-score API,0.1,July,Very Low,3,0,0.1,0.1,0.1,Micronesia,,Micronesia
2,Asia-Pacific,Floods/TC,Palau,PLW,FL,Flood,INFORM risk-score API,0.1,July,Very Low,3,0,0.1,0.1,0.1,Micronesia,,Micronesia
2,Asia-Pacific,Floods/TC,Samoa,WSM,FL,Flood,INFORM risk-score API,0.1,July,Very Low,3,0,0.1,0.1,0.1,Polynesia,,Polynesia
2,Asia-Pacific,Floods/TC,Singapore,SGP,FL,Flood,INFORM risk-score API,0.1,July,Very Low,3,0,0.1,0.1,0.1,South-eastern Asia,,South-eastern Asia
2,Asia-Pacific,Floods/TC,Solomon Islands,SLB,FL,Flood,INFORM risk-score API,0.1,July,Very Low,3,0,0.1,0.1,0.1,Melanesia,,Melanesia
2,Asia-Pacific,Floods/TC,Tonga,TON,FL,Flood,INFORM risk-score API,0.1,July,Very Low,3,0,0.1,0.1,0.1,Polynesia,,Polynesia
2,Asia-Pacific,Floods/TC,Tuvalu,TUV,FL,Flood,INFORM risk-score API,0.1,July,Very Low,3,0,0.1,0.1,0.1,Polynesia,,Polynesia
2,Asia-Pacific,Floods/TC,Vanuatu,VUT,FL,Flood,INFORM risk-score API,0.1,July,Very Low,3,0,0.1,0.1,0.1,Melanesia,,Melanesia
2,Asia-Pacific,Floods/TC,Australia,AUS,FL,Flood,INFORM risk-score API,0.0,July,Very Low,3,0,0.0,0.0,0.0,Australia and New Zealand,,Australia and New Zealand
2,Asia-Pacific,Floods/TC,Brunei Darussalam,BRN,FL,Flood,INFORM risk-score API,0.0,July,Very Low,3,0,0.0,0.0,0.0,South-eastern Asia,,South-eastern Asia
2,Asia-Pacific,Floods/TC,Japan,JPN,TC,Tropical Cyclone,INFORM risk-score API,10.0,September,Very High,2,3,6.2,8.4,10.0,Eastern Asia,,Eastern Asia
2,Asia-Pacific,Floods/TC,Philippines,PHL,TC,Tropical Cyclone,INFORM risk-score API,9.5,September,Very High,2,3,5.8,7.9,9.5,South-eastern Asia,,South-eastern Asia
2,Asia-Pacific,Floods/TC,Republic of Korea,KOR,TC,Tropical Cyclone,INFORM risk-score API,8.5,September,Very High,2,2,4.6,6.8,8.5,Eastern Asia,,Eastern Asia
2,Asia-Pacific,Floods/TC,China,CHN,TC,Tropical Cyclone,INFORM risk-score API,8.1,September,Very High,1,2,4.2,6.3,8.1,Eastern Asia,,Eastern Asia
2,Asia-Pacific,Floods/TC,Viet Nam,VNM,TC,Tropical Cyclone,INFORM risk-score API,7.9,September,Very High,1,2,4.5,6.3,7.9,South-eastern Asia,,South-eastern Asia
2,Asia-Pacific,Floods/TC,Democratic People's Republic of Korea,PRK,TC,Tropical Cyclone,INFORM risk-score API,6.5,September,High,2,2,3.7,5.3,6.5,Eastern Asia,,Eastern Asia
2,Asia-Pacific,Floods/TC,Myanmar,MMR,TC,Tropical Cyclone,INFORM risk-score API,5.6,September,High,1,1,3.2,4.5,5.6,South-eastern Asia,,South-eastern Asia
2,Asia-Pacific,Floods/TC,Indonesia,IDN,TC,Tropical Cyclone,INFORM risk-score API,5.5,September,High,1,1,3.1,4.4,5.5,South-eastern Asia,,South-eastern Asia
2,Asia-Pacific,Floods/TC,Palau,PLW,TC,Tropical Cyclone,INFORM risk-score API,4.9,September,Medium,2,0,2.6,3.7,4.9,Micronesia,,Micronesia
2,Asia-Pacific,Floods/TC,Thailand,THA,TC,Tropical Cyclone,INFORM risk-score API,4.9,September,Medium,2,0,2.7,3.9,4.9,South-eastern Asia,,South-eastern Asia
2,Asia-Pacific,Floods/TC,Cambodia,KHM,TC,Tropical Cyclone,INFORM risk-score API,4.0,September,Medium,1,0,2.3,3.3,4.0,South-eastern Asia,,South-eastern Asia
2,Asia-Pacific,Floods/TC,Lao People's Democratic Republic,LAO,TC,Tropical Cyclone,INFORM risk-score API,3.3,September,Low,2,0,1.7,2.6,3.3,South-eastern Asia,,South-eastern Asia
2,Asia-Pacific,Floods/TC,Malaysia,MYS,TC,Tropical Cyclone,INFORM risk-score API,2.9,September,Low,2,0,1.7,2.3,2.9,South-eastern Asia,,South-eastern Asia
2,Asia-Pacific,Floods/TC,Bangladesh,BGD,TC,Tropical Cyclone,INFORM risk-score API,1.0,September,Very Low,3,0,0.0,0.8,1.0,Southern Asia,,Southern Asia
2,Asia-Pacific,Floods/TC,India,IND,TC,Tropical Cyclone,INFORM risk-score API,1.0,September,Very Low,3,0,0.0,0.7,1.0,Southern Asia,,Southern Asia
2,Asia-Pacific,Floods/TC,Marshall Islands,MHL,TC,Tropical Cyclone,INFORM risk-score API,0.4,August,Very Low,3,0,0.2,0.4,0.4,Micronesia,,Micronesia
2,Asia-Pacific,Floods/TC,Pakistan,PAK,TC,Tropical Cyclone,INFORM risk-score API,0.3,August,Very Low,3,0,0.0,0.3,0.3,Southern Asia,,Southern Asia
2,Asia-Pacific,Floods/TC,Afghanistan,AFG,TC,Tropical Cyclone,INFORM risk-score API,0.0,July,Very Low,3,0,0.0,0.0,0.0,Southern Asia,,Southern Asia
2,Asia-Pacific,Floods/TC,Australia,AUS,TC,Tropical Cyclone,INFORM risk-score API,0.0,July,Very Low,3,0,0.0,0.0,0.0,Australia and New Zealand,,Australia and New Zealand
2,Asia-Pacific,Floods/TC,Bhutan,BTN,TC,Tropical Cyclone,INFORM risk-score API,0.0,July,Very Low,3,0,0.0,0.0,0.0,Southern Asia,,Southern Asia
2,Asia-Pacific,Floods/TC,Brunei Darussalam,BRN,TC,Tropical Cyclone,INFORM risk-score API,0.0,July,Very Low,3,0,0.0,0.0,0.0,South-eastern Asia,,South-eastern Asia
2,Asia-Pacific,Floods/TC,Fiji,FJI,TC,Tropical Cyclone,INFORM risk-score API,0.0,July,Very Low,3,0,0.0,0.0,0.0,Melanesia,,Melanesia
2,Asia-Pacific,Floods/TC,Kiribati,KIR,TC,Tropical Cyclone,INFORM risk-score API,0.0,July,Very Low,3,0,0.0,0.0,0.0,Micronesia,,Micronesia
2,Asia-Pacific,Floods/TC,Maldives,MDV,TC,Tropical Cyclone,INFORM risk-score API,0.0,July,Very Low,3,0,0.0,0.0,0.0,Southern Asia,,Southern Asia
2,Asia-Pacific,Floods/TC,"Micronesia, Federated States of",FSM,TC,Tropical Cyclone,INFORM risk-score API,0.0,July,Very Low,3,0,0.0,0.0,0.0,Micronesia,,Micronesia
2,Asia-Pacific,Floods/TC,Mongolia,MNG,TC,Tropical Cyclone,INFORM risk-score API,0.0,July,Very Low,3,0,0.0,0.0,0.0,Eastern Asia,,Eastern Asia
2,Asia-Pacific,Floods/TC,Nepal,NPL,TC,Tropical Cyclone,INFORM risk-score API,0.0,July,Very Low,3,0,0.0,0.0,0.0,Southern Asia,,Southern Asia
2,Asia-Pacific,Floods/TC,New Zealand,NZL,TC,Tropical Cyclone,INFORM risk-score API,0.0,July,Very Low,3,0,0.0,0.0,0.0,Australia and New Zealand,,Australia and New Zealand
2,Asia-Pacific,Floods/TC,Papua New Guinea,PNG,TC,Tropical Cyclone,INFORM risk-score API,0.0,July,Very Low,3,0,0.0,0.0,0.0,Melanesia,,Melanesia
2,Asia-Pacific,Floods/TC,Samoa,WSM,TC,Tropical Cyclone,INFORM risk-score API,0.0,July,Very Low,3,0,0.0,0.0,0.0,Polynesia,,Polynesia
2,Asia-Pacific,Floods/TC,Singapore,SGP,TC,Tropical Cyclone,INFORM risk-score API,0.0,July,Very Low,3,0,0.0,0.0,0.0,South-eastern Asia,,South-eastern Asia
2,Asia-Pacific,Floods/TC,Solomon Islands,SLB,TC,Tropical Cyclone,INFORM risk-score API,0.0,July,Very Low,3,0,0.0,0.0,0.0,Melanesia,,Melanesia
2,Asia-Pacific,Floods/TC,Sri Lanka,LKA,TC,Tropical Cyclone,INFORM risk-score API,0.0,July,Very Low,3,0,0.0,0.0,0.0,Southern Asia,,Southern Asia
2,Asia-Pacific,Floods/TC,Timor-Leste,TLS,TC,Tropical Cyclone,INFORM risk-score API,0.0,July,Very Low,3,0,0.0,0.0,0.0,South-eastern Asia,,South-eastern Asia
2,Asia-Pacific,Floods/TC,Tonga,TON,TC,Tropical Cyclone,INFORM risk-score API,0.0,July,Very Low,3,0,0.0,0.0,0.0,Polynesia,,Polynesia
2,Asia-Pacific,Floods/TC,Tuvalu,TUV,TC,Tropical Cyclone,INFORM risk-score API,0.0,July,Very Low,3,0,0.0,0.0,0.0,Polynesia,,Polynesia
2,Asia-Pacific,Floods/TC,Vanuatu,VUT,TC,Tropical Cyclone,INFORM risk-score API,0.0,July,Very Low,3,0,0.0,0.0,0.0,Melanesia,,Melanesia
2,Asia-Pacific,Drought/Wildfire,Afghanistan,AFG,WF,Wildfire,GWIS seasonal API,40.75,July,Very High,3,3,40.75346913043478,39.05663608695652,31.91298391304348,Southern Asia,,Southern Asia
2,Asia-Pacific,Drought/Wildfire,Tuvalu,TUV,WF,Wildfire,GWIS seasonal API,38.48,July,Very High,3,3,38.47743391304348,38.47743391304348,38.47743391304348,Polynesia,,Polynesia
2,Asia-Pacific,Drought/Wildfire,Australia,AUS,WF,Wildfire,GWIS seasonal API,31.99,September,Very High,2,3,16.715905652173912,24.766136521739128,31.99419695652174,Australia and New Zealand,,Australia and New Zealand
2,Asia-Pacific,Drought/Wildfire,Kiribati,KIR,WF,Wildfire,GWIS seasonal API,17.78,July,Very High,3,3,17.78428391304348,17.78428391304348,17.78428391304348,Micronesia,,Micronesia
2,Asia-Pacific,Drought/Wildfire,Pakistan,PAK,WF,Wildfire,GWIS seasonal API,13.84,July,High,2,2,13.841912608695653,8.953967391304348,11.877207391304347,Southern Asia,,Southern Asia
2,Asia-Pacific,Drought/Wildfire,Timor-Leste,TLS,WF,Wildfire,GWIS seasonal API,11.37,September,High,1,1,4.698594782608695,8.651056956521739,11.374512608695651,South-eastern Asia,,South-eastern Asia
2,Asia-Pacific,Drought/Wildfire,Sri Lanka,LKA,WF,Wildfire,GWIS seasonal API,6.58,July,Medium,2,0,6.580142608695652,5.846441304347826,4.336403913043478,Southern Asia,,Southern Asia
2,Asia-Pacific,Drought/Wildfire,Mongolia,MNG,WF,Wildfire,GWIS seasonal API,6.03,July,Medium,3,0,6.034474782608696,5.330624782608695,5.994752173913043,Eastern Asia,,Eastern Asia
2,Asia-Pacific,Drought/Wildfire,Marshall Islands,MHL,WF,Wildfire,GWIS seasonal API,5.94,July,Medium,3,0,5.941717826086956,5.941717826086956,5.941717826086956,Micronesia,,Micronesia
2,Asia-Pacific,Drought/Wildfire,China,CHN,WF,Wildfire,GWIS seasonal API,3.45,July,Low,3,0,3.450895217391304,2.82387652173913,2.8978021739130435,Eastern Asia,,Eastern Asia
2,Asia-Pacific,Drought/Wildfire,India,IND,WF,Wildfire,GWIS seasonal API,2.72,July,Low,1,0,2.715678695652174,1.3379017391304346,1.7067469565217392,Southern Asia,,Southern Asia
2,Asia-Pacific,Drought/Wildfire,Indonesia,IDN,WF,Wildfire,GWIS seasonal API,1.61,September,Very Low,3,0,0.70751,1.3482934782608695,1.6106182608695654,South-eastern Asia,,South-eastern Asia
2,Asia-Pacific,Drought/Wildfire,Cook Islands,COK,WF,Wildfire,GWIS seasonal API,1.47,September,Very Low,3,0,1.4164817391304347,1.2778917391304347,1.4660865217391303,Polynesia,,Polynesia
2,Asia-Pacific,Drought/Wildfire,Fiji,FJI,WF,Wildfire,GWIS seasonal API,1.46,July,Very Low,3,0,1.4618660869565219,1.39172,1.186456956521739,Melanesia,,Melanesia
2,Asia-Pacific,Drought/Wildfire,Tonga,TON,WF,Wildfire,GWIS seasonal API,1.44,July,Very Low,3,0,1.439583043478261,1.3686243478260869,0.9149460869565217,Polynesia,,Polynesia
2,Asia-Pacific,Drought/Wildfire,Vanuatu,VUT,WF,Wildfire,GWIS seasonal API,1.37,September,Very Low,3,0,1.2389008695652175,1.2529752173913045,1.368544347826087,Melanesia,,Melanesia
2,Asia-Pacific,Drought/Wildfire,Democratic People's Republic of Korea,PRK,WF,Wildfire,GWIS seasonal API,0.7,September,Very Low,3,0,0.30288130434782606,0.2770043478260869,0.6984808695652174,Eastern Asia,,Eastern Asia
2,Asia-Pacific,Drought/Wildfire,Republic of Korea,KOR,WF,Wildfire,GWIS seasonal API,0.63,September,Very Low,3,0,0.3627139130434783,0.608548695652174,0.6324091304347826,Eastern Asia,,Eastern Asia
2,Asia-Pacific,Drought/Wildfire,Viet Nam,VNM,WF,Wildfire,GWIS seasonal API,0.59,July,Very Low,3,0,0.5930160869565217,0.3776417391304348,0.13993999999999998,South-eastern Asia,,South-eastern Asia
2,Asia-Pacific,Drought/Wildfire,Japan,JPN,WF,Wildfire,GWIS seasonal API,0.5,August,Very Low,3,0,0.2759417391304348,0.4956260869565217,0.38914565217391306,Eastern Asia,,Eastern Asia
2,Asia-Pacific,Drought/Wildfire,Papua New Guinea,PNG,WF,Wildfire,GWIS seasonal API,0.45,September,Very Low,3,0,0.2187860869565217,0.4345008695652174,0.4467873913043478,Melanesia,,Melanesia
2,Asia-Pacific,Drought/Wildfire,Samoa,WSM,WF,Wildfire,GWIS seasonal API,0.45,September,Very Low,3,0,0.3501804347826087,0.4174791304347827,0.44768434782608696,Polynesia,,Polynesia
2,Asia-Pacific,Drought/Wildfire,Cambodia,KHM,WF,Wildfire,GWIS seasonal API,0.32,July,Very Low,3,0,0.3218217391304348,0.23320217391304346,0.03801086956521739,South-eastern Asia,,South-eastern Asia
2,Asia-Pacific,Drought/Wildfire,Thailand,THA,WF,Wildfire,GWIS seasonal API,0.31,July,Very Low,3,0,0.31251304347826087,0.20987217391304344,0.07261217391304348,South-eastern Asia,,South-eastern Asia
2,Asia-Pacific,Drought/Wildfire,Maldives,MDV,WF,Wildfire,GWIS seasonal API,0.23,August,Very Low,3,0,0.15468478260869567,0.23207478260869566,0.1444586956521739,Southern Asia,,Southern Asia
2,Asia-Pacific,Drought/Wildfire,New Zealand,NZL,WF,Wildfire,GWIS seasonal API,0.12,September,Very Low,3,0,0.0471008695652174,0.05361739130434783,0.12258,Australia and New Zealand,,Australia and New Zealand
2,Asia-Pacific,Drought/Wildfire,Philippines,PHL,WF,Wildfire,GWIS seasonal API,0.12,August,Very Low,3,0,0.06900217391304349,0.11849956521739131,0.07279434782608696,South-eastern Asia,,South-eastern Asia
2,Asia-Pacific,Drought/Wildfire,Myanmar,MMR,WF,Wildfire,GWIS seasonal API,0.11,July,Very Low,3,0,0.10516130434782608,0.030324782608695654,0.03352,South-eastern Asia,,South-eastern Asia
2,Asia-Pacific,Drought/Wildfire,Solomon Islands,SLB,WF,Wildfire,GWIS seasonal API,0.1,August,Very Low,3,0,0.06246260869565217,0.10313826086956522,0.06770391304347825,Melanesia,,Melanesia
2,Asia-Pacific,Drought/Wildfire,Brunei Darussalam,BRN,WF,Wildfire,GWIS seasonal API,0.09,August,Very Low,3,0,0.060659565217391305,0.09443260869565219,0.026766521739130435,South-eastern Asia,,South-eastern Asia
2,Asia-Pacific,Drought/Wildfire,Lao People's Democratic Republic,LAO,WF,Wildfire,GWIS seasonal API,0.07,July,Very Low,3,0,0.07263565217391305,0.01186478260869565,0.05933217391304348,South-eastern Asia,,South-eastern Asia
2,Asia-Pacific,Drought/Wildfire,Nepal,NPL,WF,Wildfire,GWIS seasonal API,0.07,September,Very Low,3,0,0.04559913043478261,0.018347391304347826,0.06753304347826088,Southern Asia,,Southern Asia
2,Asia-Pacific,Drought/Wildfire,Palau,PLW,WF,Wildfire,GWIS seasonal API,0.05,August,Very Low,3,0,0.028793043478260866,0.04561782608695652,0.038262173913043485,Micronesia,,Micronesia
2,Asia-Pacific,Drought/Wildfire,Bangladesh,BGD,WF,Wildfire,GWIS seasonal API,0.04,July,Very Low,3,0,0.04129304347826087,0.026462608695652173,0.02381391304347826,Southern Asia,,Southern Asia
2,Asia-Pacific,Drought/Wildfire,"Micronesia, Federated States of",FSM,WF,Wildfire,GWIS seasonal API,0.01,August,Very Low,3,0,0.006513043478260869,0.009191739130434782,0.008360434782608697,Micronesia,,Micronesia
2,Asia-Pacific,Drought/Wildfire,Bhutan,BTN,WF,Wildfire,GWIS seasonal API,0.0,September,Very Low,3,0,0.0006273913043478261,0.002061304347826087,0.00305304347826087,Southern Asia,,Southern Asia
3,Europe,Drought/Wildfire,Kyrgyzstan,KGZ,DR,Drought,INFORM risk-score API,5.7,July,High,3,3,5.7,5.2,5.3,Central Asia,,Central Asia
3,Europe,Drought/Wildfire,"Moldova, Republic of",MDA,DR,Drought,INFORM risk-score API,5.4,July,High,1,1,5.4,5.0,4.2,Eastern Europe,,Eastern Europe
3,Europe,Drought/Wildfire,Tajikistan,TJK,DR,Drought,INFORM risk-score API,4.8,July,Medium,2,0,4.8,4.3,3.5,Central Asia,,Central Asia
3,Europe,Drought/Wildfire,Uzbekistan,UZB,DR,Drought,INFORM risk-score API,4.7,August,Medium,3,0,4.4,4.7,3.9,Central Asia,,Central Asia
3,Europe,Drought/Wildfire,Albania,ALB,DR,Drought,INFORM risk-score API,4.1,July,Medium,3,0,4.1,4.1,4.1,Southern Europe,,Southern Europe
3,Europe,Drought/Wildfire,Kazakhstan,KAZ,DR,Drought,INFORM risk-score API,3.7,July,Medium,3,0,3.7,3.7,3.7,Central Asia,,Central Asia
3,Europe,Drought/Wildfire,Armenia,ARM,DR,Drought,INFORM risk-score API,3.1,July,Low,2,0,3.1,2.3,1.5,Western Asia,,Western Asia
3,Europe,Drought/Wildfire,Georgia,GEO,DR,Drought,INFORM risk-score API,3.0,July,Low,1,0,3.0,2.0,1.8,Western Asia,,Western Asia
3,Europe,Drought/Wildfire,Spain,ESP,DR,Drought,INFORM risk-score API,2.9,September,Low,3,0,2.7,2.6,2.9,Southern Europe,,Southern Europe
3,Europe,Drought/Wildfire,Turkmenistan,TKM,DR,Drought,INFORM risk-score API,2.9,July,Low,2,0,2.9,2.5,1.9,Central Asia,,Central Asia
3,Europe,Drought/Wildfire,Russian Federation,RUS,DR,Drought,INFORM risk-score API,2.7,July,Low,3,0,2.7,2.7,2.7,Eastern Europe,,Eastern Europe
3,Europe,Drought/Wildfire,Lithuania,LTU,DR,Drought,INFORM risk-score API,2.1,July,Low,1,0,2.1,1.6,1.0,Northern Europe,,Northern Europe
3,Europe,Drought/Wildfire,Hungary,HUN,DR,Drought,INFORM risk-score API,1.8,September,Very Low,3,0,1.7,1.7,1.8,Eastern Europe,,Eastern Europe
3,Europe,Drought/Wildfire,Ukraine,UKR,DR,Drought,INFORM risk-score API,1.7,July,Very Low,3,0,1.7,1.4,0.9,Eastern Europe,,Eastern Europe
3,Europe,Drought/Wildfire,Türkiye,TUR,DR,Drought,INFORM risk-score API,1.6,July,Very Low,3,0,1.6,0.9,0.8,Western Asia,,Western Asia
3,Europe,Drought/Wildfire,Romania,ROU,DR,Drought,INFORM risk-score API,1.5,July,Very Low,3,0,1.5,1.5,1.3,Eastern Europe,,Eastern Europe
3,Europe,Drought/Wildfire,Bosnia and Herzegovina,BIH,DR,Drought,INFORM risk-score API,1.4,July,Very Low,3,0,1.4,1.4,1.4,Southern Europe,,Southern Europe
3,Europe,Drought/Wildfire,Italy,ITA,DR,Drought,INFORM risk-score API,1.4,September,Very Low,3,0,1.0,1.0,1.4,Southern Europe,,Southern Europe
3,Europe,Drought/Wildfire,Bulgaria,BGR,DR,Drought,INFORM risk-score API,1.3,July,Very Low,3,0,1.3,1.3,0.8,Eastern Europe,,Eastern Europe
3,Europe,Drought/Wildfire,Croatia,HRV,DR,Drought,INFORM risk-score API,1.2,July,Very Low,3,0,1.2,1.2,0.9,Southern Europe,,Southern Europe
3,Europe,Drought/Wildfire,Azerbaijan,AZE,DR,Drought,INFORM risk-score API,1.0,July,Very Low,3,0,1.0,0.4,0.3,Western Asia,,Western Asia
3,Europe,Drought/Wildfire,Belarus,BLR,DR,Drought,INFORM risk-score API,1.0,July,Very Low,3,0,1.0,0.4,0.0,Eastern Europe,,Eastern Europe
3,Europe,Drought/Wildfire,Czech Republic,CZE,DR,Drought,INFORM risk-score API,0.9,July,Very Low,3,0,0.9,0.5,0.4,Eastern Europe,,Eastern Europe
3,Europe,Drought/Wildfire,France,FRA,DR,Drought,INFORM risk-score API,0.9,August,Very Low,3,0,0.8,0.9,0.9,Western Europe,,Western Europe
3,Europe,Drought/Wildfire,Denmark,DNK,DR,Drought,INFORM risk-score API,0.8,July,Very Low,3,0,0.8,0.3,0.3,Northern Europe,,Northern Europe
3,Europe,Drought/Wildfire,Greece,GRC,DR,Drought,INFORM risk-score API,0.8,September,Very Low,3,0,0.5,0.6,0.8,Southern Europe,,Southern Europe
3,Europe,Drought/Wildfire,North Macedonia,MKD,DR,Drought,INFORM risk-score API,0.8,July,Very Low,3,0,0.8,0.8,0.8,Southern Europe,,Southern Europe
3,Europe,Drought/Wildfire,Slovakia,SVK,DR,Drought,INFORM risk-score API,0.8,July,Very Low,3,0,0.8,0.6,0.5,Eastern Europe,,Eastern Europe
3,Europe,Drought/Wildfire,Portugal,PRT,DR,Drought,INFORM risk-score API,0.7,September,Very Low,3,0,0.5,0.5,0.7,Southern Europe,,Southern Europe
3,Europe,Drought/Wildfire,Serbia,SRB,DR,Drought,INFORM risk-score API,0.7,July,Very Low,3,0,0.7,0.7,0.5,Southern Europe,,Southern Europe
3,Europe,Drought/Wildfire,Sweden,SWE,DR,Drought,INFORM risk-score API,0.7,July,Very Low,3,0,0.7,0.4,0.1,Northern Europe,,Northern Europe
3,Europe,Drought/Wildfire,Poland,POL,DR,Drought,INFORM risk-score API,0.6,July,Very Low,3,0,0.6,0.4,0.3,Eastern Europe,,Eastern Europe
3,Europe,Drought/Wildfire,Cyprus,CYP,DR,Drought,INFORM risk-score API,0.5,July,Very Low,3,0,0.5,0.5,0.5,Western Asia,,Western Asia
3,Europe,Drought/Wildfire,Latvia,LVA,DR,Drought,INFORM risk-score API,0.5,July,Very Low,3,0,0.5,0.0,0.0,Northern Europe,,Northern Europe
3,Europe,Drought/Wildfire,Israel,ISR,DR,Drought,INFORM risk-score API,0.3,July,Very Low,3,0,0.3,0.3,0.3,Western Asia,,Western Asia
3,Europe,Drought/Wildfire,Germany,DEU,DR,Drought,INFORM risk-score API,0.2,September,Very Low,3,0,0.1,0.1,0.2,Western Europe,,Western Europe
3,Europe,Drought/Wildfire,Austria,AUT,DR,Drought,INFORM risk-score API,0.1,July,Very Low,3,0,0.1,0.0,0.1,Western Europe,,Western Europe
3,Europe,Drought/Wildfire,United Kingdom,GBR,DR,Drought,INFORM risk-score API,0.1,July,Very Low,3,0,0.1,0.0,0.0,Northern Europe,,Northern Europe
3,Europe,Drought/Wildfire,Belgium,BEL,DR,Drought,INFORM risk-score API,0.0,July,Very Low,3,0,0.0,0.0,0.0,Western Europe,,Western Europe
3,Europe,Drought/Wildfire,Estonia,EST,DR,Drought,INFORM risk-score API,0.0,July,Very Low,3,0,0.0,0.0,0.0,Northern Europe,,Northern Europe
3,Europe,Drought/Wildfire,Finland,FIN,DR,Drought,INFORM risk-score API,0.0,July,Very Low,3,0,0.0,0.0,0.0,Northern Europe,,Northern Europe
3,Europe,Drought/Wildfire,Iceland,ISL,DR,Drought,INFORM risk-score API,0.0,July,Very Low,3,0,0.0,0.0,0.0,Northern Europe,,Northern Europe
3,Europe,Drought/Wildfire,Ireland,IRL,DR,Drought,INFORM risk-score API,0.0,July,Very Low,3,0,0.0,0.0,0.0,Northern Europe,,Northern Europe
3,Europe,Drought/Wildfire,Liechtenstein,LIE,DR,Drought,INFORM risk-score API,0.0,July,Very Low,3,0,0.0,0.0,0.0,Western Europe,,Western Europe
3,Europe,Drought/Wildfire,Luxembourg,LUX,DR,Drought,INFORM risk-score API,0.0,July,Very Low,3,0,0.0,0.0,0.0,Western Europe,,Western Europe
3,Europe,Drought/Wildfire,Malta,MLT,DR,Drought,INFORM risk-score API,0.0,July,Very Low,3,0,0.0,0.0,0.0,Southern Europe,,Southern Europe
3,Europe,Drought/Wildfire,Montenegro,MNE,DR,Drought,INFORM risk-score API,0.0,July,Very Low,3,0,0.0,0.0,0.0,Southern Europe,,Southern Europe
3,Europe,Drought/Wildfire,Netherlands,NLD,DR,Drought,INFORM risk-score API,0.0,July,Very Low,3,0,0.0,0.0,0.0,Western Europe,,Western Europe
3,Europe,Drought/Wildfire,Norway,NOR,DR,Drought,INFORM risk-score API,0.0,July,Very Low,3,0,0.0,0.0,0.0,Northern Europe,,Northern Europe
3,Europe,Drought/Wildfire,Slovenia,SVN,DR,Drought,INFORM risk-score API,0.0,July,Very Low,3,0,0.0,0.0,0.0,Southern Europe,,Southern Europe
3,Europe,Drought/Wildfire,Switzerland,CHE,DR,Drought,INFORM risk-score API,0.0,July,Very Low,3,0,0.0,0.0,0.0,Western Europe,,Western Europe
3,Europe,Floods/TC,Russian Federation,RUS,FL,Flood,INFORM risk-score API,8.4,August,Very High,1,2,5.9,8.4,1.7,Eastern Europe,,Eastern Europe
3,Europe,Floods/TC,Hungary,HUN,FL,Flood,INFORM risk-score API,7.5,August,Very High,1,1,2.5,7.5,2.5,Eastern Europe,,Eastern Europe
3,Europe,Floods/TC,Ukraine,UKR,FL,Flood,INFORM risk-score API,7.1,July,Very High,1,1,7.1,0.0,2.4,Eastern Europe,,Eastern Europe
3,Europe,Floods/TC,Romania,ROU,FL,Flood,INFORM risk-score API,7.0,July,Very High,1,2,7.0,6.2,2.3,Eastern Europe,,Eastern Europe
3,Europe,Floods/TC,Croatia,HRV,FL,Flood,INFORM risk-score API,6.5,September,High,1,1,0.0,3.3,6.5,Southern Europe,,Southern Europe
3,Europe,Floods/TC,Germany,DEU,FL,Flood,INFORM risk-score API,6.1,August,High,1,1,3.1,6.1,0.0,Western Europe,,Western Europe
3,Europe,Floods/TC,Poland,POL,FL,Flood,INFORM risk-score API,6.1,August,High,1,1,4.1,6.1,0.0,Eastern Europe,,Eastern Europe
3,Europe,Floods/TC,Türkiye,TUR,FL,Flood,INFORM risk-score API,5.7,July,High,1,1,5.7,4.6,1.1,Western Asia,,Western Asia
3,Europe,Floods/TC,"Moldova, Republic of",MDA,FL,Flood,INFORM risk-score API,5.6,July,High,1,1,5.6,2.8,0.0,Eastern Europe,,Eastern Europe
3,Europe,Floods/TC,Georgia,GEO,FL,Flood,INFORM risk-score API,5.1,July,High,1,1,5.1,1.7,1.7,Western Asia,,Western Asia
3,Europe,Floods/TC,Azerbaijan,AZE,FL,Flood,INFORM risk-score API,4.9,September,Medium,1,0,0.0,0.0,4.9,Western Asia,,Western Asia
3,Europe,Floods/TC,Bulgaria,BGR,FL,Flood,INFORM risk-score API,4.9,August,Medium,1,0,2.9,4.9,2.0,Eastern Europe,,Eastern Europe
3,Europe,Floods/TC,Lithuania,LTU,FL,Flood,INFORM risk-score API,4.7,August,Medium,1,0,0.0,4.7,0.0,Northern Europe,,Northern Europe
3,Europe,Floods/TC,Slovakia,SVK,FL,Flood,INFORM risk-score API,4.5,July,Medium,2,0,4.5,4.5,0.0,Eastern Europe,,Eastern Europe
3,Europe,Floods/TC,Switzerland,CHE,FL,Flood,INFORM risk-score API,4.3,August,Medium,1,0,2.2,4.3,0.0,Western Europe,,Western Europe
3,Europe,Floods/TC,Slovenia,SVN,FL,Flood,INFORM risk-score API,4.0,August,Medium,2,0,0.0,4.0,4.0,Southern Europe,,Southern Europe
3,Europe,Floods/TC,France,FRA,FL,Flood,INFORM risk-score API,3.8,July,Medium,1,0,3.8,1.3,2.6,Western Europe,,Western Europe
3,Europe,Floods/TC,Austria,AUT,FL,Flood,INFORM risk-score API,3.7,July,Medium,2,0,3.7,3.7,0.0,Western Europe,,Western Europe
3,Europe,Floods/TC,Tajikistan,TJK,FL,Flood,INFORM risk-score API,3.1,July,Low,1,0,3.1,1.5,0.0,Central Asia,,Central Asia
3,Europe,Floods/TC,Serbia,SRB,FL,Flood,INFORM risk-score API,3.0,August,Low,2,0,0.0,3.0,3.0,Southern Europe,,Southern Europe
3,Europe,Floods/TC,United Kingdom,GBR,FL,Flood,INFORM risk-score API,2.9,July,Low,1,0,2.9,1.9,1.9,Northern Europe,,Northern Europe
3,Europe,Floods/TC,Czech Republic,CZE,FL,Flood,INFORM risk-score API,2.7,August,Low,1,0,0.0,2.7,0.0,Eastern Europe,,Eastern Europe
3,Europe,Floods/TC,Italy,ITA,FL,Flood,INFORM risk-score API,2.7,September,Low,1,0,0.7,1.4,2.7,Southern Europe,,Southern Europe
3,Europe,Floods/TC,Spain,ESP,FL,Flood,INFORM risk-score API,2.7,September,Low,1,0,0.0,0.0,2.7,Southern Europe,,Southern Europe
3,Europe,Floods/TC,Bosnia and Herzegovina,BIH,FL,Flood,INFORM risk-score API,2.4,July,Low,3,0,2.4,2.4,2.4,Southern Europe,,Southern Europe
3,Europe,Floods/TC,Belgium,BEL,FL,Flood,INFORM risk-score API,1.3,August,Very Low,3,0,0.0,1.3,1.3,Western Europe,,Western Europe
3,Europe,Floods/TC,Albania,ALB,FL,Flood,INFORM risk-score API,0.8,September,Very Low,3,0,0.0,0.0,0.8,Southern Europe,,Southern Europe
3,Europe,Floods/TC,Greece,GRC,FL,Flood,INFORM risk-score API,0.5,September,Very Low,3,0,0.0,0.0,0.5,Southern Europe,,Southern Europe
3,Europe,Floods/TC,Finland,FIN,FL,Flood,INFORM risk-score API,0.1,July,Very Low,3,0,0.1,0.1,0.1,Northern Europe,,Northern Europe
3,Europe,Floods/TC,Iceland,ISL,FL,Flood,INFORM risk-score API,0.1,July,Very Low,3,0,0.1,0.1,0.1,Northern Europe,,Northern Europe
3,Europe,Floods/TC,Liechtenstein,LIE,FL,Flood,INFORM risk-score API,0.1,July,Very Low,3,0,0.1,0.1,0.1,Western Europe,,Western Europe
3,Europe,Floods/TC,Malta,MLT,FL,Flood,INFORM risk-score API,0.1,July,Very Low,3,0,0.1,0.1,0.1,Southern Europe,,Southern Europe
3,Europe,Floods/TC,Norway,NOR,FL,Flood,INFORM risk-score API,0.1,July,Very Low,3,0,0.1,0.1,0.1,Northern Europe,,Northern Europe
3,Europe,Floods/TC,Armenia,ARM,FL,Flood,INFORM risk-score API,0.0,July,Very Low,3,0,0.0,0.0,0.0,Western Asia,,Western Asia
3,Europe,Floods/TC,Belarus,BLR,FL,Flood,INFORM risk-score API,0.0,July,Very Low,3,0,0.0,0.0,0.0,Eastern Europe,,Eastern Europe
3,Europe,Floods/TC,Cyprus,CYP,FL,Flood,INFORM risk-score API,0.0,July,Very Low,3,0,0.0,0.0,0.0,Western Asia,,Western Asia
3,Europe,Floods/TC,Denmark,DNK,FL,Flood,INFORM risk-score API,0.0,July,Very Low,3,0,0.0,0.0,0.0,Northern Europe,,Northern Europe
3,Europe,Floods/TC,Estonia,EST,FL,Flood,INFORM risk-score API,0.0,July,Very Low,3,0,0.0,0.0,0.0,Northern Europe,,Northern Europe
3,Europe,Floods/TC,Ireland,IRL,FL,Flood,INFORM risk-score API,0.0,July,Very Low,3,0,0.0,0.0,0.0,Northern Europe,,Northern Europe
3,Europe,Floods/TC,Israel,ISR,FL,Flood,INFORM risk-score API,0.0,July,Very Low,3,0,0.0,0.0,0.0,Western Asia,,Western Asia
3,Europe,Floods/TC,Kazakhstan,KAZ,FL,Flood,INFORM risk-score API,0.0,July,Very Low,3,0,0.0,0.0,0.0,Central Asia,,Central Asia
3,Europe,Floods/TC,Kyrgyzstan,KGZ,FL,Flood,INFORM risk-score API,0.0,July,Very Low,3,0,0.0,0.0,0.0,Central Asia,,Central Asia
3,Europe,Floods/TC,Latvia,LVA,FL,Flood,INFORM risk-score API,0.0,July,Very Low,3,0,0.0,0.0,0.0,Northern Europe,,Northern Europe
3,Europe,Floods/TC,Luxembourg,LUX,FL,Flood,INFORM risk-score API,0.0,July,Very Low,3,0,0.0,0.0,0.0,Western Europe,,Western Europe
3,Europe,Floods/TC,Montenegro,MNE,FL,Flood,INFORM risk-score API,0.0,July,Very Low,3,0,0.0,0.0,0.0,Southern Europe,,Southern Europe
3,Europe,Floods/TC,Netherlands,NLD,FL,Flood,INFORM risk-score API,0.0,July,Very Low,3,0,0.0,0.0,0.0,Western Europe,,Western Europe
3,Europe,Floods/TC,North Macedonia,MKD,FL,Flood,INFORM risk-score API,0.0,July,Very Low,3,0,0.0,0.0,0.0,Southern Europe,,Southern Europe
3,Europe,Floods/TC,Portugal,PRT,FL,Flood,INFORM risk-score API,0.0,July,Very Low,3,0,0.0,0.0,0.0,Southern Europe,,Southern Europe
3,Europe,Floods/TC,Sweden,SWE,FL,Flood,INFORM risk-score API,0.0,July,Very Low,3,0,0.0,0.0,0.0,Northern Europe,,Northern Europe
3,Europe,Floods/TC,Turkmenistan,TKM,FL,Flood,INFORM risk-score API,0.0,July,Very Low,3,0,0.0,0.0,0.0,Central Asia,,Central Asia
3,Europe,Floods/TC,Uzbekistan,UZB,FL,Flood,INFORM risk-score API,0.0,July,Very Low,3,0,0.0,0.0,0.0,Central Asia,,Central Asia
3,Europe,Floods/TC,Russian Federation,RUS,TC,Tropical Cyclone,INFORM risk-score API,3.8,September,Medium,1,0,2.0,3.0,3.8,Eastern Europe,,Eastern Europe
3,Europe,Floods/TC,Portugal,PRT,TC,Tropical Cyclone,INFORM risk-score API,0.3,September,Very Low,3,0,0.1,0.1,0.3,Southern Europe,,Southern Europe
3,Europe,Floods/TC,Albania,ALB,TC,Tropical Cyclone,INFORM risk-score API,0.0,July,Very Low,3,0,0.0,0.0,0.0,Southern Europe,,Southern Europe
3,Europe,Floods/TC,Armenia,ARM,TC,Tropical Cyclone,INFORM risk-score API,0.0,July,Very Low,3,0,0.0,0.0,0.0,Western Asia,,Western Asia
3,Europe,Floods/TC,Austria,AUT,TC,Tropical Cyclone,INFORM risk-score API,0.0,July,Very Low,3,0,0.0,0.0,0.0,Western Europe,,Western Europe
3,Europe,Floods/TC,Azerbaijan,AZE,TC,Tropical Cyclone,INFORM risk-score API,0.0,July,Very Low,3,0,0.0,0.0,0.0,Western Asia,,Western Asia
3,Europe,Floods/TC,Belarus,BLR,TC,Tropical Cyclone,INFORM risk-score API,0.0,July,Very Low,3,0,0.0,0.0,0.0,Eastern Europe,,Eastern Europe
3,Europe,Floods/TC,Belgium,BEL,TC,Tropical Cyclone,INFORM risk-score API,0.0,July,Very Low,3,0,0.0,0.0,0.0,Western Europe,,Western Europe
3,Europe,Floods/TC,Bosnia and Herzegovina,BIH,TC,Tropical Cyclone,INFORM risk-score API,0.0,July,Very Low,3,0,0.0,0.0,0.0,Southern Europe,,Southern Europe
3,Europe,Floods/TC,Bulgaria,BGR,TC,Tropical Cyclone,INFORM risk-score API,0.0,July,Very Low,3,0,0.0,0.0,0.0,Eastern Europe,,Eastern Europe
3,Europe,Floods/TC,Croatia,HRV,TC,Tropical Cyclone,INFORM risk-score API,0.0,July,Very Low,3,0,0.0,0.0,0.0,Southern Europe,,Southern Europe
3,Europe,Floods/TC,Cyprus,CYP,TC,Tropical Cyclone,INFORM risk-score API,0.0,July,Very Low,3,0,0.0,0.0,0.0,Western Asia,,Western Asia
3,Europe,Floods/TC,Czech Republic,CZE,TC,Tropical Cyclone,INFORM risk-score API,0.0,July,Very Low,3,0,0.0,0.0,0.0,Eastern Europe,,Eastern Europe
3,Europe,Floods/TC,Denmark,DNK,TC,Tropical Cyclone,INFORM risk-score API,0.0,July,Very Low,3,0,0.0,0.0,0.0,Northern Europe,,Northern Europe
3,Europe,Floods/TC,Estonia,EST,TC,Tropical Cyclone,INFORM risk-score API,0.0,July,Very Low,3,0,0.0,0.0,0.0,Northern Europe,,Northern Europe
3,Europe,Floods/TC,Finland,FIN,TC,Tropical Cyclone,INFORM risk-score API,0.0,July,Very Low,3,0,0.0,0.0,0.0,Northern Europe,,Northern Europe
3,Europe,Floods/TC,France,FRA,TC,Tropical Cyclone,INFORM risk-score API,0.0,July,Very Low,3,0,0.0,0.0,0.0,Western Europe,,Western Europe
3,Europe,Floods/TC,Georgia,GEO,TC,Tropical Cyclone,INFORM risk-score API,0.0,July,Very Low,3,0,0.0,0.0,0.0,Western Asia,,Western Asia
3,Europe,Floods/TC,Germany,DEU,TC,Tropical Cyclone,INFORM risk-score API,0.0,July,Very Low,3,0,0.0,0.0,0.0,Western Europe,,Western Europe
3,Europe,Floods/TC,Greece,GRC,TC,Tropical Cyclone,INFORM risk-score API,0.0,July,Very Low,3,0,0.0,0.0,0.0,Southern Europe,,Southern Europe
3,Europe,Floods/TC,Hungary,HUN,TC,Tropical Cyclone,INFORM risk-score API,0.0,July,Very Low,3,0,0.0,0.0,0.0,Eastern Europe,,Eastern Europe
3,Europe,Floods/TC,Iceland,ISL,TC,Tropical Cyclone,INFORM risk-score API,0.0,July,Very Low,3,0,0.0,0.0,0.0,Northern Europe,,Northern Europe
3,Europe,Floods/TC,Ireland,IRL,TC,Tropical Cyclone,INFORM risk-score API,0.0,July,Very Low,3,0,0.0,0.0,0.0,Northern Europe,,Northern Europe
3,Europe,Floods/TC,Israel,ISR,TC,Tropical Cyclone,INFORM risk-score API,0.0,July,Very Low,3,0,0.0,0.0,0.0,Western Asia,,Western Asia
3,Europe,Floods/TC,Italy,ITA,TC,Tropical Cyclone,INFORM risk-score API,0.0,July,Very Low,3,0,0.0,0.0,0.0,Southern Europe,,Southern Europe
3,Europe,Floods/TC,Kazakhstan,KAZ,TC,Tropical Cyclone,INFORM risk-score API,0.0,July,Very Low,3,0,0.0,0.0,0.0,Central Asia,,Central Asia
3,Europe,Floods/TC,Kyrgyzstan,KGZ,TC,Tropical Cyclone,INFORM risk-score API,0.0,July,Very Low,3,0,0.0,0.0,0.0,Central Asia,,Central Asia
3,Europe,Floods/TC,Latvia,LVA,TC,Tropical Cyclone,INFORM risk-score API,0.0,July,Very Low,3,0,0.0,0.0,0.0,Northern Europe,,Northern Europe
3,Europe,Floods/TC,Liechtenstein,LIE,TC,Tropical Cyclone,INFORM risk-score API,0.0,July,Very Low,3,0,0.0,0.0,0.0,Western Europe,,Western Europe
3,Europe,Floods/TC,Lithuania,LTU,TC,Tropical Cyclone,INFORM risk-score API,0.0,July,Very Low,3,0,0.0,0.0,0.0,Northern Europe,,Northern Europe
3,Europe,Floods/TC,Luxembourg,LUX,TC,Tropical Cyclone,INFORM risk-score API,0.0,July,Very Low,3,0,0.0,0.0,0.0,Western Europe,,Western Europe
3,Europe,Floods/TC,Malta,MLT,TC,Tropical Cyclone,INFORM risk-score API,0.0,July,Very Low,3,0,0.0,0.0,0.0,Southern Europe,,Southern Europe
3,Europe,Floods/TC,"Moldova, Republic of",MDA,TC,Tropical Cyclone,INFORM risk-score API,0.0,July,Very Low,3,0,0.0,0.0,0.0,Eastern Europe,,Eastern Europe
3,Europe,Floods/TC,Montenegro,MNE,TC,Tropical Cyclone,INFORM risk-score API,0.0,July,Very Low,3,0,0.0,0.0,0.0,Southern Europe,,Southern Europe
3,Europe,Floods/TC,Netherlands,NLD,TC,Tropical Cyclone,INFORM risk-score API,0.0,July,Very Low,3,0,0.0,0.0,0.0,Western Europe,,Western Europe
3,Europe,Floods/TC,North Macedonia,MKD,TC,Tropical Cyclone,INFORM risk-score API,0.0,July,Very Low,3,0,0.0,0.0,0.0,Southern Europe,,Southern Europe
3,Europe,Floods/TC,Norway,NOR,TC,Tropical Cyclone,INFORM risk-score API,0.0,July,Very Low,3,0,0.0,0.0,0.0,Northern Europe,,Northern Europe
3,Europe,Floods/TC,Poland,POL,TC,Tropical Cyclone,INFORM risk-score API,0.0,July,Very Low,3,0,0.0,0.0,0.0,Eastern Europe,,Eastern Europe
3,Europe,Floods/TC,Romania,ROU,TC,Tropical Cyclone,INFORM risk-score API,0.0,July,Very Low,3,0,0.0,0.0,0.0,Eastern Europe,,Eastern Europe
3,Europe,Floods/TC,Serbia,SRB,TC,Tropical Cyclone,INFORM risk-score API,0.0,July,Very Low,3,0,0.0,0.0,0.0,Southern Europe,,Southern Europe
3,Europe,Floods/TC,Slovakia,SVK,TC,Tropical Cyclone,INFORM risk-score API,0.0,July,Very Low,3,0,0.0,0.0,0.0,Eastern Europe,,Eastern Europe
3,Europe,Floods/TC,Slovenia,SVN,TC,Tropical Cyclone,INFORM risk-score API,0.0,July,Very Low,3,0,0.0,0.0,0.0,Southern Europe,,Southern Europe
3,Europe,Floods/TC,Spain,ESP,TC,Tropical Cyclone,INFORM risk-score API,0.0,July,Very Low,3,0,0.0,0.0,0.0,Southern Europe,,Southern Europe
3,Europe,Floods/TC,Sweden,SWE,TC,Tropical Cyclone,INFORM risk-score API,0.0,July,Very Low,3,0,0.0,0.0,0.0,Northern Europe,,Northern Europe
3,Europe,Floods/TC,Switzerland,CHE,TC,Tropical Cyclone,INFORM risk-score API,0.0,July,Very Low,3,0,0.0,0.0,0.0,Western Europe,,Western Europe
3,Europe,Floods/TC,Tajikistan,TJK,TC,Tropical Cyclone,INFORM risk-score API,0.0,July,Very Low,3,0,0.0,0.0,0.0,Central Asia,,Central Asia
3,Europe,Floods/TC,Turkmenistan,TKM,TC,Tropical Cyclone,INFORM risk-score API,0.0,July,Very Low,3,0,0.0,0.0,0.0,Central Asia,,Central Asia
3,Europe,Floods/TC,Türkiye,TUR,TC,Tropical Cyclone,INFORM risk-score API,0.0,July,Very Low,3,0,0.0,0.0,0.0,Western Asia,,Western Asia
3,Europe,Floods/TC,Ukraine,UKR,TC,Tropical Cyclone,INFORM risk-score API,0.0,July,Very Low,3,0,0.0,0.0,0.0,Eastern Europe,,Eastern Europe
3,Europe,Floods/TC,United Kingdom,GBR,TC,Tropical Cyclone,INFORM risk-score API,0.0,July,Very Low,3,0,0.0,0.0,0.0,Northern Europe,,Northern Europe
3,Europe,Floods/TC,Uzbekistan,UZB,TC,Tropical Cyclone,INFORM risk-score API,0.0,July,Very Low,3,0,0.0,0.0,0.0,Central Asia,,Central Asia
3,Europe,Drought/Wildfire,Turkmenistan,TKM,WF,Wildfire,GWIS seasonal API,61.42,July,Very High,3,3,61.423413043478256,54.984298260869565,38.47743391304348,Central Asia,,Central Asia
3,Europe,Drought/Wildfire,Uzbekistan,UZB,WF,Wildfire,GWIS seasonal API,38.05,July,Very High,3,3,38.05207173913043,34.711186086956516,25.42348304347826,Central Asia,,Central Asia
3,Europe,Drought/Wildfire,Türkiye,TUR,WF,Wildfire,GWIS seasonal API,19.17,August,Very High,2,3,17.72416956521739,19.17412086956522,14.868275652173914,Western Asia,,Western Asia
3,Europe,Drought/Wildfire,Spain,ESP,WF,Wildfire,GWIS seasonal API,17.2,July,Very High,1,3,17.195820869565217,16.50197043478261,9.419685652173913,Southern Europe,,Southern Europe
3,Europe,Drought/Wildfire,Portugal,PRT,WF,Wildfire,GWIS seasonal API,13.87,August,High,2,2,13.029249130434783,13.873712173913043,8.98908043478261,Southern Europe,,Southern Europe
3,Europe,Drought/Wildfire,Cyprus,CYP,WF,Wildfire,GWIS seasonal API,13.57,July,High,3,3,13.57382652173913,13.135621304347827,11.695303913043478,Western Asia,,Western Asia
3,Europe,Drought/Wildfire,Greece,GRC,WF,Wildfire,GWIS seasonal API,13.04,August,High,3,3,11.785548260869565,13.04314043478261,9.00763,Southern Europe,,Southern Europe
3,Europe,Drought/Wildfire,Azerbaijan,AZE,WF,Wildfire,GWIS seasonal API,11.93,August,High,2,2,10.475627826086956,11.92724739130435,6.279723913043478,Western Asia,,Western Asia
3,Europe,Drought/Wildfire,Israel,ISR,WF,Wildfire,GWIS seasonal API,11.04,September,High,3,3,11.02428652173913,11.033760434782609,11.035603043478261,Western Asia,,Western Asia
3,Europe,Drought/Wildfire,Tajikistan,TJK,WF,Wildfire,GWIS seasonal API,8.27,August,Medium,3,0,7.3302700000000005,8.273674782608696,7.273620869565218,Central Asia,,Central Asia
3,Europe,Drought/Wildfire,North Macedonia,MKD,WF,Wildfire,GWIS seasonal API,8.11,August,Medium,3,0,7.757855217391304,8.110169130434784,5.053648260869565,Southern Europe,,Southern Europe
3,Europe,Drought/Wildfire,Albania,ALB,WF,Wildfire,GWIS seasonal API,7.74,August,Medium,2,0,6.977440869565218,7.735398695652174,3.7542117391304344,Southern Europe,,Southern Europe
3,Europe,Drought/Wildfire,Italy,ITA,WF,Wildfire,GWIS seasonal API,7.52,July,Medium,2,0,7.516924347826087,7.16627,3.381146086956522,Southern Europe,,Southern Europe
3,Europe,Drought/Wildfire,Ukraine,UKR,WF,Wildfire,GWIS seasonal API,7.5,August,Medium,2,0,4.723605652173913,7.501785217391305,5.076225652173913,Eastern Europe,,Eastern Europe
3,Europe,Drought/Wildfire,San Marino,SMR,WF,Wildfire,GWIS seasonal API,6.82,July,Medium,2,0,6.820800434782609,5.359979130434783,2.1337947826086956,Southern Europe,,Southern Europe
3,Europe,Drought/Wildfire,Bulgaria,BGR,WF,Wildfire,GWIS seasonal API,6.63,August,Medium,1,0,4.911747391304347,6.62701,4.915028260869565,Eastern Europe,,Eastern Europe
3,Europe,Drought/Wildfire,"Moldova, Republic of",MDA,WF,Wildfire,GWIS seasonal API,6.04,August,Medium,2,0,5.494311304347827,6.035797391304348,4.390025652173914,Eastern Europe,,Eastern Europe
3,Europe,Drought/Wildfire,Malta,MLT,WF,Wildfire,GWIS seasonal API,5.94,September,Medium,3,0,5.556598695652173,5.92411043478261,5.941717826086956,Southern Europe,,Southern Europe
3,Europe,Drought/Wildfire,Serbia,SRB,WF,Wildfire,GWIS seasonal API,4.99,August,Low,3,0,4.648106086956522,4.986995217391304,3.350014347826087,Southern Europe,,Southern Europe
3,Europe,Drought/Wildfire,Croatia,HRV,WF,Wildfire,GWIS seasonal API,4.8,July,Low,3,0,4.801329565217392,4.512446956521739,2.018597391304348,Southern Europe,,Southern Europe
3,Europe,Drought/Wildfire,Georgia,GEO,WF,Wildfire,GWIS seasonal API,4.67,August,Low,3,0,2.7528278260869565,4.673694782608695,2.268991739130435,Western Asia,,Western Asia
3,Europe,Drought/Wildfire,Romania,ROU,WF,Wildfire,GWIS seasonal API,4.24,August,Low,3,0,3.6038039130434782,4.241441304347825,3.253526956521739,Eastern Europe,,Eastern Europe
3,Europe,Drought/Wildfire,Montenegro,MNE,WF,Wildfire,GWIS seasonal API,4.01,August,Low,3,0,3.163960434782609,4.012817391304347,2.022652608695652,Southern Europe,,Southern Europe
3,Europe,Drought/Wildfire,Armenia,ARM,WF,Wildfire,GWIS seasonal API,3.98,August,Low,3,0,2.659469565217391,3.979202608695652,3.948381739130435,Western Asia,,Western Asia
3,Europe,Drought/Wildfire,Kyrgyzstan,KGZ,WF,Wildfire,GWIS seasonal API,3.78,August,Low,3,0,3.447956086956522,3.7840060869565217,3.333846086956522,Central Asia,,Central Asia
3,Europe,Drought/Wildfire,France,FRA,WF,Wildfire,GWIS seasonal API,3.52,July,Low,3,0,3.515333043478261,3.4187408695652173,2.6557852173913044,Western Europe,,Western Europe
3,Europe,Drought/Wildfire,Bosnia and Herzegovina,BIH,WF,Wildfire,GWIS seasonal API,3.41,August,Low,2,0,3.0028978260869565,3.406441739130435,1.606353043478261,Southern Europe,,Southern Europe
3,Europe,Drought/Wildfire,Monaco,MCO,WF,Wildfire,GWIS seasonal API,2.37,August,Low,2,0,2.232544347826087,2.3742430434782604,1.6242108695652175,Western Europe,,Western Europe
3,Europe,Drought/Wildfire,Slovakia,SVK,WF,Wildfire,GWIS seasonal API,2.18,July,Low,1,0,2.1849552173913045,1.9027691304347827,1.2626926086956523,Eastern Europe,,Eastern Europe
3,Europe,Drought/Wildfire,Belarus,BLR,WF,Wildfire,GWIS seasonal API,2.06,August,Low,1,0,1.489557391304348,2.0639804347826085,1.101028695652174,Eastern Europe,,Eastern Europe
3,Europe,Drought/Wildfire,Poland,POL,WF,Wildfire,GWIS seasonal API,2.01,August,Low,1,0,1.9860734782608696,2.0100000000000002,1.2429826086956524,Eastern Europe,,Eastern Europe
3,Europe,Drought/Wildfire,Czech Republic,CZE,WF,Wildfire,GWIS seasonal API,1.96,August,Very Low,3,0,1.7466095652173914,1.9592121739130433,1.0961630434782608,Eastern Europe,,Eastern Europe
3,Europe,Drought/Wildfire,Germany,DEU,WF,Wildfire,GWIS seasonal API,1.82,July,Very Low,3,0,1.817178260869565,1.7226786956521738,0.9471421739130435,Western Europe,,Western Europe
3,Europe,Drought/Wildfire,Luxembourg,LUX,WF,Wildfire,GWIS seasonal API,1.79,July,Very Low,3,0,1.7923669565217393,1.509323043478261,1.0588456521739131,Western Europe,,Western Europe
3,Europe,Drought/Wildfire,Belgium,BEL,WF,Wildfire,GWIS seasonal API,1.73,July,Very Low,3,0,1.7312486956521738,1.3384378260869565,0.9824065217391305,Western Europe,,Western Europe
3,Europe,Drought/Wildfire,Slovenia,SVN,WF,Wildfire,GWIS seasonal API,1.54,July,Very Low,3,0,1.5384195652173915,1.460406956521739,0.5689095652173913,Southern Europe,,Southern Europe
3,Europe,Drought/Wildfire,Netherlands,NLD,WF,Wildfire,GWIS seasonal API,1.3,July,Very Low,3,0,1.3037047826086958,0.9367517391304346,0.6891634782608695,Western Europe,,Western Europe
3,Europe,Drought/Wildfire,Estonia,EST,WF,Wildfire,GWIS seasonal API,1.25,July,Very Low,3,0,1.2453047826086958,0.7654917391304348,0.30658521739130434,Northern Europe,,Northern Europe
3,Europe,Drought/Wildfire,Latvia,LVA,WF,Wildfire,GWIS seasonal API,1.15,July,Very Low,3,0,1.1510947826086957,0.8176834782608695,0.3791008695652174,Northern Europe,,Northern Europe
3,Europe,Drought/Wildfire,Lithuania,LTU,WF,Wildfire,GWIS seasonal API,1.14,July,Very Low,3,0,1.1407608695652172,1.0500795652173913,0.5865400000000001,Northern Europe,,Northern Europe
3,Europe,Drought/Wildfire,Denmark,DNK,WF,Wildfire,GWIS seasonal API,1.12,July,Very Low,3,0,1.1213717391304348,0.7543378260869565,0.5503269565217391,Northern Europe,,Northern Europe
3,Europe,Drought/Wildfire,Sweden,SWE,WF,Wildfire,GWIS seasonal API,0.91,July,Very Low,3,0,0.9116617391304347,0.4567673913043478,0.24623565217391305,Northern Europe,,Northern Europe
3,Europe,Drought/Wildfire,Finland,FIN,WF,Wildfire,GWIS seasonal API,0.87,July,Very Low,3,0,0.8713834782608696,0.49444304347826085,0.14851347826086955,Northern Europe,,Northern Europe
3,Europe,Drought/Wildfire,Austria,AUT,WF,Wildfire,GWIS seasonal API,0.78,July,Very Low,3,0,0.7761504347826087,0.6978126086956522,0.334244347826087,Western Europe,,Western Europe
3,Europe,Drought/Wildfire,United Kingdom,GBR,WF,Wildfire,GWIS seasonal API,0.7,July,Very Low,3,0,0.7004526086956521,0.4712126086956522,0.4855269565217391,Northern Europe,,Northern Europe
3,Europe,Drought/Wildfire,Switzerland,CHE,WF,Wildfire,GWIS seasonal API,0.58,July,Very Low,3,0,0.5774956521739131,0.5442665217391305,0.18280913043478259,Western Europe,,Western Europe
3,Europe,Drought/Wildfire,Ireland,IRL,WF,Wildfire,GWIS seasonal API,0.38,July,Very Low,3,0,0.3830395652173913,0.22553913043478258,0.24012043478260867,Northern Europe,,Northern Europe
3,Europe,Drought/Wildfire,Norway,NOR,WF,Wildfire,GWIS seasonal API,0.34,July,Very Low,3,0,0.34418391304347823,0.1480895652173913,0.07513913043478261,Northern Europe,,Northern Europe
3,Europe,Drought/Wildfire,Liechtenstein,LIE,WF,Wildfire,GWIS seasonal API,0.33,July,Very Low,3,0,0.3296604347826087,0.30818,0.09016173913043478,Western Europe,,Western Europe
3,Europe,Drought/Wildfire,Iceland,ISL,WF,Wildfire,GWIS seasonal API,0.24,July,Very Low,3,0,0.2409613043478261,0.1924273913043478,0.04276913043478261,Northern Europe,,Northern Europe
3,Europe,Drought/Wildfire,Andorra,AND,WF,Wildfire,GWIS seasonal API,0.0,July,Very Low,3,0,0.0012095652173913043,0.0012095652173913043,0.0012095652173913043,Southern Europe,,Southern Europe
4,MENA,Drought/Wildfire,Saudi Arabia,SAU,DR,Drought,INFORM risk-score API,4.1,July,Medium,2,0,4.1,3.5,3.6,Western Asia,,Western Asia
4,MENA,Drought/Wildfire,"Iran, Islamic Republic of",IRN,DR,Drought,INFORM risk-score API,3.6,July,Medium,1,0,3.6,3.3,3.3,Southern Asia,,Southern Asia
4,MENA,Drought/Wildfire,Syrian Arab Republic,SYR,DR,Drought,INFORM risk-score API,2.9,September,Low,3,0,2.6,2.8,2.9,Western Asia,,Western Asia
4,MENA,Drought/Wildfire,Yemen,YEM,DR,Drought,INFORM risk-score API,2.6,September,Low,1,0,0.9,1.9,2.6,Western Asia,,Western Asia
4,MENA,Drought/Wildfire,Morocco,MAR,DR,Drought,INFORM risk-score API,1.8,September,Very Low,3,0,1.6,1.6,1.8,Northern Africa,,Northern Africa
4,MENA,Drought/Wildfire,Jordan,JOR,DR,Drought,INFORM risk-score API,1.7,July,Very Low,3,0,1.7,1.7,1.7,Western Asia,,Western Asia
4,MENA,Drought/Wildfire,Egypt,EGY,DR,Drought,INFORM risk-score API,1.6,September,Very Low,3,0,1.4,1.2,1.6,Northern Africa,,Northern Africa
4,MENA,Drought/Wildfire,Iraq,IRQ,DR,Drought,INFORM risk-score API,1.1,September,Very Low,3,0,0.5,0.8,1.1,Western Asia,,Western Asia
4,MENA,Drought/Wildfire,Lebanon,LBN,DR,Drought,INFORM risk-score API,0.8,July,Very Low,3,0,0.8,0.0,0.0,Western Asia,,Western Asia
4,MENA,Drought/Wildfire,United Arab Emirates,ARE,DR,Drought,INFORM risk-score API,0.8,September,Very Low,3,0,0.0,0.0,0.8,Western Asia,,Western Asia
4,MENA,Drought/Wildfire,Tunisia,TUN,DR,Drought,INFORM risk-score API,0.5,September,Very Low,3,0,0.3,0.3,0.5,Northern Africa,,Northern Africa
4,MENA,Drought/Wildfire,Algeria,DZA,DR,Drought,INFORM risk-score API,0.2,September,Very Low,3,0,0.0,0.0,0.2,Northern Africa,,Northern Africa
4,MENA,Drought/Wildfire,Bahrain,BHR,DR,Drought,INFORM risk-score API,0.0,July,Very Low,3,0,0.0,0.0,0.0,Western Asia,,Western Asia
4,MENA,Drought/Wildfire,Kuwait,KWT,DR,Drought,INFORM risk-score API,0.0,July,Very Low,3,0,0.0,0.0,0.0,Western Asia,,Western Asia
4,MENA,Drought/Wildfire,Libya,LBY,DR,Drought,INFORM risk-score API,0.0,July,Very Low,3,0,0.0,0.0,0.0,Northern Africa,,Northern Africa
4,MENA,Drought/Wildfire,Palestine,PSE,DR,Drought,INFORM risk-score API,0.0,July,Very Low,3,0,0.0,0.0,0.0,Western Asia,,Western Asia
4,MENA,Drought/Wildfire,Qatar,QAT,DR,Drought,INFORM risk-score API,0.0,July,Very Low,3,0,0.0,0.0,0.0,Western Asia,,Western Asia
4,MENA,Floods/TC,"Iran, Islamic Republic of",IRN,FL,Flood,INFORM risk-score API,6.4,August,High,1,1,2.4,6.4,2.4,Southern Asia,,Southern Asia
4,MENA,Floods/TC,Algeria,DZA,FL,Flood,INFORM risk-score API,5.2,August,High,1,1,0.0,5.2,3.0,Northern Africa,,Northern Africa
4,MENA,Floods/TC,Yemen,YEM,FL,Flood,INFORM risk-score API,4.8,August,Medium,2,0,3.8,4.8,1.0,Western Asia,,Western Asia
4,MENA,Floods/TC,Tunisia,TUN,FL,Flood,INFORM risk-score API,3.8,September,Medium,1,0,0.0,0.0,3.8,Northern Africa,,Northern Africa
4,MENA,Floods/TC,Iraq,IRQ,FL,Flood,INFORM risk-score API,2.4,September,Low,1,0,0.0,0.0,2.4,Western Asia,,Western Asia
4,MENA,Floods/TC,Saudi Arabia,SAU,FL,Flood,INFORM risk-score API,1.2,July,Very Low,3,0,1.2,0.6,0.0,Western Asia,,Western Asia
4,MENA,Floods/TC,Bahrain,BHR,FL,Flood,INFORM risk-score API,0.1,July,Very Low,3,0,0.1,0.1,0.1,Western Asia,,Western Asia
4,MENA,Floods/TC,Egypt,EGY,FL,Flood,INFORM risk-score API,0.0,July,Very Low,3,0,0.0,0.0,0.0,Northern Africa,,Northern Africa
4,MENA,Floods/TC,Jordan,JOR,FL,Flood,INFORM risk-score API,0.0,July,Very Low,3,0,0.0,0.0,0.0,Western Asia,,Western Asia
4,MENA,Floods/TC,Kuwait,KWT,FL,Flood,INFORM risk-score API,0.0,July,Very Low,3,0,0.0,0.0,0.0,Western Asia,,Western Asia
4,MENA,Floods/TC,Lebanon,LBN,FL,Flood,INFORM risk-score API,0.0,July,Very Low,3,0,0.0,0.0,0.0,Western Asia,,Western Asia
4,MENA,Floods/TC,Libya,LBY,FL,Flood,INFORM risk-score API,0.0,July,Very Low,3,0,0.0,0.0,0.0,Northern Africa,,Northern Africa
4,MENA,Floods/TC,Morocco,MAR,FL,Flood,INFORM risk-score API,0.0,July,Very Low,3,0,0.0,0.0,0.0,Northern Africa,,Northern Africa
4,MENA,Floods/TC,Palestine,PSE,FL,Flood,INFORM risk-score API,0.0,July,Very Low,3,0,0.0,0.0,0.0,Western Asia,,Western Asia
4,MENA,Floods/TC,Qatar,QAT,FL,Flood,INFORM risk-score API,0.0,July,Very Low,3,0,0.0,0.0,0.0,Western Asia,,Western Asia
4,MENA,Floods/TC,Syrian Arab Republic,SYR,FL,Flood,INFORM risk-score API,0.0,July,Very Low,3,0,0.0,0.0,0.0,Western Asia,,Western Asia
4,MENA,Floods/TC,United Arab Emirates,ARE,FL,Flood,INFORM risk-score API,0.0,July,Very Low,3,0,0.0,0.0,0.0,Western Asia,,Western Asia
4,MENA,Floods/TC,Algeria,DZA,TC,Tropical Cyclone,INFORM risk-score API,0.0,July,Very Low,3,0,0.0,0.0,0.0,Northern Africa,,Northern Africa
4,MENA,Floods/TC,Bahrain,BHR,TC,Tropical Cyclone,INFORM risk-score API,0.0,July,Very Low,3,0,0.0,0.0,0.0,Western Asia,,Western Asia
4,MENA,Floods/TC,Egypt,EGY,TC,Tropical Cyclone,INFORM risk-score API,0.0,July,Very Low,3,0,0.0,0.0,0.0,Northern Africa,,Northern Africa
4,MENA,Floods/TC,"Iran, Islamic Republic of",IRN,TC,Tropical Cyclone,INFORM risk-score API,0.0,July,Very Low,3,0,0.0,0.0,0.0,Southern Asia,,Southern Asia
4,MENA,Floods/TC,Iraq,IRQ,TC,Tropical Cyclone,INFORM risk-score API,0.0,July,Very Low,3,0,0.0,0.0,0.0,Western Asia,,Western Asia
4,MENA,Floods/TC,Jordan,JOR,TC,Tropical Cyclone,INFORM risk-score API,0.0,July,Very Low,3,0,0.0,0.0,0.0,Western Asia,,Western Asia
4,MENA,Floods/TC,Kuwait,KWT,TC,Tropical Cyclone,INFORM risk-score API,0.0,July,Very Low,3,0,0.0,0.0,0.0,Western Asia,,Western Asia
4,MENA,Floods/TC,Lebanon,LBN,TC,Tropical Cyclone,INFORM risk-score API,0.0,July,Very Low,3,0,0.0,0.0,0.0,Western Asia,,Western Asia
4,MENA,Floods/TC,Libya,LBY,TC,Tropical Cyclone,INFORM risk-score API,0.0,July,Very Low,3,0,0.0,0.0,0.0,Northern Africa,,Northern Africa
4,MENA,Floods/TC,Morocco,MAR,TC,Tropical Cyclone,INFORM risk-score API,0.0,July,Very Low,3,0,0.0,0.0,0.0,Northern Africa,,Northern Africa
4,MENA,Floods/TC,Palestine,PSE,TC,Tropical Cyclone,INFORM risk-score API,0.0,July,Very Low,3,0,0.0,0.0,0.0,Western Asia,,Western Asia
4,MENA,Floods/TC,Qatar,QAT,TC,Tropical Cyclone,INFORM risk-score API,0.0,July,Very Low,3,0,0.0,0.0,0.0,Western Asia,,Western Asia
4,MENA,Floods/TC,Saudi Arabia,SAU,TC,Tropical Cyclone,INFORM risk-score API,0.0,July,Very Low,3,0,0.0,0.0,0.0,Western Asia,,Western Asia
4,MENA,Floods/TC,Syrian Arab Republic,SYR,TC,Tropical Cyclone,INFORM risk-score API,0.0,July,Very Low,3,0,0.0,0.0,0.0,Western Asia,,Western Asia
4,MENA,Floods/TC,Tunisia,TUN,TC,Tropical Cyclone,INFORM risk-score API,0.0,July,Very Low,3,0,0.0,0.0,0.0,Northern Africa,,Northern Africa
4,MENA,Floods/TC,United Arab Emirates,ARE,TC,Tropical Cyclone,INFORM risk-score API,0.0,July,Very Low,3,0,0.0,0.0,0.0,Western Asia,,Western Asia
4,MENA,Floods/TC,Yemen,YEM,TC,Tropical Cyclone,INFORM risk-score API,0.0,July,Very Low,3,0,0.0,0.0,0.0,Western Asia,,Western Asia
4,MENA,Drought/Wildfire,Kuwait,KWT,WF,Wildfire,GWIS seasonal API,90.38,July,Very High,3,3,90.37684,69.85106,58.52228260869565,Western Asia,,Western Asia
4,MENA,Drought/Wildfire,Iraq,IRQ,WF,Wildfire,GWIS seasonal API,80.52,July,Very High,3,3,80.52219304347827,72.32882869565218,58.69667826086957,Western Asia,,Western Asia
4,MENA,Drought/Wildfire,Saudi Arabia,SAU,WF,Wildfire,GWIS seasonal API,53.84,July,Very High,3,3,53.84425695652175,40.39878695652173,38.643031739130436,Western Asia,,Western Asia
4,MENA,Drought/Wildfire,Qatar,QAT,WF,Wildfire,GWIS seasonal API,47.39,July,Very High,3,3,47.39263130434783,32.64701652173913,29.089568695652172,Western Asia,,Western Asia
4,MENA,Drought/Wildfire,Syrian Arab Republic,SYR,WF,Wildfire,GWIS seasonal API,37.98,July,Very High,3,3,37.97961434782609,33.54561434782609,26.200149130434784,Western Asia,,Western Asia
4,MENA,Drought/Wildfire,"Iran, Islamic Republic of",IRN,WF,Wildfire,GWIS seasonal API,33.86,July,Very High,3,3,33.86122608695653,32.72936304347826,27.882935217391303,Southern Asia,,Southern Asia
4,MENA,Drought/Wildfire,Algeria,DZA,WF,Wildfire,GWIS seasonal API,29.83,July,Very High,2,3,29.83167565217391,26.63692043478261,15.43832695652174,Northern Africa,,Northern Africa
4,MENA,Drought/Wildfire,Tunisia,TUN,WF,Wildfire,GWIS seasonal API,25.76,July,Very High,2,3,25.756933043478263,22.378297391304347,11.991534347826088,Northern Africa,,Northern Africa
4,MENA,Drought/Wildfire,Yemen,YEM,WF,Wildfire,GWIS seasonal API,25.14,July,Very High,2,3,25.13730956521739,15.55923695652174,18.51500956521739,Western Asia,,Western Asia
4,MENA,Drought/Wildfire,Morocco,MAR,WF,Wildfire,GWIS seasonal API,24.41,July,Very High,2,3,24.410018260869567,22.584653478260865,14.788897391304348,Northern Africa,,Northern Africa
4,MENA,Drought/Wildfire,Egypt,EGY,WF,Wildfire,GWIS seasonal API,23.49,July,Very High,3,3,23.491290434782613,21.627129130434785,21.31090652173913,Northern Africa,,Northern Africa
4,MENA,Drought/Wildfire,Jordan,JOR,WF,Wildfire,GWIS seasonal API,23.13,July,Very High,3,3,23.131705217391303,21.073631739130434,17.78428391304348,Western Asia,,Western Asia
4,MENA,Drought/Wildfire,Libya,LBY,WF,Wildfire,GWIS seasonal API,22.48,July,Very High,3,3,22.4787,20.19463391304348,18.619355652173912,Northern Africa,,Northern Africa
4,MENA,Drought/Wildfire,Bahrain,BHR,WF,Wildfire,GWIS seasonal API,21.53,July,Very High,1,3,21.53381173913043,16.16176434782609,16.682717826086957,Western Asia,,Western Asia
4,MENA,Drought/Wildfire,Palestine,PSE,WF,Wildfire,GWIS seasonal API,17.54,July,Very High,1,3,17.53664739130435,16.742547826086955,15.302341304347825,Western Asia,,Western Asia
4,MENA,Drought/Wildfire,United Arab Emirates,ARE,WF,Wildfire,GWIS seasonal API,15.1,August,High,3,3,14.912710869565217,15.101104782608695,14.682650869565217,Western Asia,,Western Asia
4,MENA,Drought/Wildfire,Lebanon,LBN,WF,Wildfire,GWIS seasonal API,11.54,August,High,3,3,11.162594782608695,11.535455652173914,10.322147826086956,Western Asia,,Western Asia
